[SERVER] Starting on :8080
[SERVER] HTTP server started. Accepting /ingest and /stream requests.
[gRPC] HTTP server started on :8080
[SERVER] Running. Press Ctrl+C to stop.
[SORT-DEBUG] Received sort='callsign', asc='true', ascending=true, count=0
[SORT-DEBUG] After sorting by callsign (asc=true):
[SORT-DEBUG] Received sort='callsign', asc='true', ascending=true, count=0
[SORT-DEBUG] After sorting by callsign (asc=true):
[SORT-DEBUG] Received sort='callsign', asc='true', ascending=true, count=0
[SORT-DEBUG] After sorting by callsign (asc=true):
[SORT-DEBUG] Received sort='callsign', asc='true', ascending=true, count=0
[SORT-DEBUG] After sorting by callsign (asc=true):
[SORT-DEBUG] Received sort='callsign', asc='true', ascending=true, count=0
[SORT-DEBUG] After sorting by callsign (asc=true):
[SORT-DEBUG] Received sort='callsign', asc='true', ascending=true, count=0
[SORT-DEBUG] After sorting by callsign (asc=true):
[SORT-DEBUG] Received sort='callsign', asc='true', ascending=true, count=0
[SORT-DEBUG] After sorting by callsign (asc=true):
[SORT-DEBUG] Received sort='callsign', asc='true', ascending=true, count=0
[SORT-DEBUG] After sorting by callsign (asc=true):
[SORT-DEBUG] Received sort='callsign', asc='true', ascending=true, count=0
[SORT-DEBUG] After sorting by callsign (asc=true):
[SORT-DEBUG] Received sort='callsign', asc='true', ascending=true, count=0
[SORT-DEBUG] After sorting by callsign (asc=true):
[SORT-DEBUG] Received sort='callsign', asc='true', ascending=true, count=0
[SORT-DEBUG] After sorting by callsign (asc=true):
[SORT-DEBUG] Received sort='callsign', asc='true', ascending=true, count=0
[SORT-DEBUG] After sorting by callsign (asc=true):
[SERVER] Received aircraft: 74C3B8 at 51.36,11.52
[SERVER] Received aircraft: 4BE1CE at 47.34,7.50
[SERVER] Received aircraft: 566A02 at 51.75,8.47
[SERVER] Received aircraft: 049452 at 51.33,4.22
[SERVER] Received aircraft: 08DF81 at 49.83,8.35
[SERVER] Received aircraft: C2FB51 at 48.14,7.17
[SERVER] Received aircraft: 356ED1 at 51.53,7.72
[SERVER] Received aircraft: A8269C at 49.88,9.00
[SERVER] Received aircraft: 6317DF at 48.51,4.41
[SERVER] Received aircraft: 58E57F at 48.49,11.49
[SERVER] Received aircraft: 3AB297 at 52.62,7.11
[SERVER] Received aircraft: 893F64 at 48.08,5.71
[SERVER] Received aircraft: 8683B3 at 51.79,10.93
[SERVER] Received aircraft: 95A8C5 at 50.01,9.77
[SERVER] Received aircraft: 16293A at 49.47,6.78
[SERVER] Received aircraft: A8E487 at 52.38,5.74
[SERVER] Received aircraft: A01356 at 51.88,6.16
[SERVER] Received aircraft: 77DCC7 at 50.73,6.04
[SERVER] Received aircraft: 74C3B8 at 51.36,11.51
[SERVER] Received aircraft: 4BE1CE at 47.34,7.50
[SERVER] Received aircraft: 566A02 at 51.75,8.47
[SERVER] Received aircraft: 049452 at 51.33,4.22
[SERVER] Received aircraft: 08DF81 at 49.83,8.35
[SERVER] Received aircraft: C2FB51 at 48.14,7.17
[SERVER] Received aircraft: 356ED1 at 51.53,7.72
[SERVER] Received aircraft: A8269C at 49.88,9.00
[SERVER] Received aircraft: 6317DF at 48.51,4.41
[SERVER] Received aircraft: 58E57F at 48.50,11.49
[SERVER] Received aircraft: 3AB297 at 52.62,7.11
[SERVER] Received aircraft: 893F64 at 48.08,5.71
[SERVER] Received aircraft: 8683B3 at 51.79,10.92
[SERVER] Received aircraft: 95A8C5 at 50.02,9.77
[SERVER] Received aircraft: 16293A at 49.47,6.79
[SERVER] Received aircraft: A8E487 at 52.38,5.74
[SERVER] Received aircraft: A01356 at 51.88,6.17
[SORT-DEBUG] Received sort='callsign', asc='true', ascending=true, count=18
[SORT-DEBUG] After sorting by callsign (asc=true):
  [0] ICAO=6317DF Callsign=AJ385 Alt=29537 Spd=406
  [1] ICAO=C2FB51 Callsign=DM149 Alt=30762 Spd=432
  [2] ICAO=77DCC7 Callsign=EL134 Alt=5671 Spd=238
[SERVER] Received aircraft: 77DCC7 at 50.73,6.04
[SERVER] Received aircraft: 74C3B8 at 51.36,11.51
[SERVER] Received aircraft: 4BE1CE at 47.33,7.49
[SERVER] Received aircraft: 566A02 at 51.75,8.47
[SERVER] Received aircraft: 049452 at 51.33,4.22
[SERVER] Received aircraft: 08DF81 at 49.83,8.35
[SERVER] Received aircraft: C2FB51 at 48.14,7.17
[SERVER] Received aircraft: 356ED1 at 51.53,7.72
[SERVER] Received aircraft: A8269C at 49.88,8.99
[SERVER] Received aircraft: 6317DF at 48.50,4.41
[SERVER] Received aircraft: 58E57F at 48.50,11.49
[SERVER] Received aircraft: 3AB297 at 52.62,7.12
[SERVER] Received aircraft: 893F64 at 48.08,5.71
[SERVER] Received aircraft: 8683B3 at 51.79,10.92
[SERVER] Received aircraft: 95A8C5 at 50.02,9.77
[SERVER] Received aircraft: 16293A at 49.47,6.79
[SERVER] Received aircraft: A8E487 at 52.38,5.74
[SERVER] Received aircraft: A01356 at 51.88,6.17
[SORT-DEBUG] Received sort='callsign', asc='true', ascending=true, count=18
[SORT-DEBUG] After sorting by callsign (asc=true):
  [0] ICAO=6317DF Callsign=AJ385 Alt=29537 Spd=406
  [1] ICAO=C2FB51 Callsign=DM149 Alt=30762 Spd=432
  [2] ICAO=77DCC7 Callsign=EL134 Alt=5671 Spd=238
[SERVER] Received aircraft: 77DCC7 at 50.73,6.04
[SERVER] Received aircraft: 74C3B8 at 51.36,11.51
[SERVER] Received aircraft: 4BE1CE at 47.33,7.49
[SERVER] Received aircraft: 566A02 at 51.75,8.47
[SERVER] Received aircraft: 049452 at 51.33,4.22
[SERVER] Received aircraft: 08DF81 at 49.83,8.35
[SERVER] Received aircraft: C2FB51 at 48.14,7.17
[SERVER] Received aircraft: 356ED1 at 51.53,7.72
[SERVER] Received aircraft: A8269C at 49.88,8.99
[SERVER] Received aircraft: 6317DF at 48.50,4.41
[SERVER] Received aircraft: 58E57F at 48.50,11.49
[SERVER] Received aircraft: 3AB297 at 52.62,7.12
[SERVER] Received aircraft: 893F64 at 48.08,5.71
[SERVER] Received aircraft: 8683B3 at 51.78,10.92
[SERVER] Received aircraft: 95A8C5 at 50.02,9.77
[SERVER] Received aircraft: 16293A at 49.47,6.79
[SERVER] Received aircraft: A8E487 at 52.38,5.75
[SERVER] Received aircraft: A01356 at 51.88,6.17
[SORT-DEBUG] Received sort='callsign', asc='true', ascending=true, count=18
[SORT-DEBUG] After sorting by callsign (asc=true):
  [0] ICAO=6317DF Callsign=AJ385 Alt=29537 Spd=406
  [1] ICAO=C2FB51 Callsign=DM149 Alt=30762 Spd=432
  [2] ICAO=77DCC7 Callsign=EL134 Alt=5751 Spd=238
[SERVER] Received aircraft: 77DCC7 at 50.73,6.05
[SERVER] Received aircraft: 74C3B8 at 51.36,11.51
[SERVER] Received aircraft: 4BE1CE at 47.33,7.49
[SERVER] Received aircraft: 566A02 at 51.75,8.47
[SERVER] Received aircraft: 049452 at 51.33,4.22
[SERVER] Received aircraft: 08DF81 at 49.83,8.35
[SERVER] Received aircraft: C2FB51 at 48.14,7.17
[SERVER] Received aircraft: 356ED1 at 51.53,7.72
[SERVER] Received aircraft: A8269C at 49.88,8.99
[SERVER] Received aircraft: 6317DF at 48.50,4.40
[SERVER] Received aircraft: 58E57F at 48.50,11.49
[SERVER] Received aircraft: 3AB297 at 52.63,7.12
[SERVER] Received aircraft: 893F64 at 48.08,5.71
[SERVER] Received aircraft: 8683B3 at 51.78,10.92
[SERVER] Received aircraft: 95A8C5 at 50.02,9.77
[SERVER] Received aircraft: 16293A at 49.47,6.80
[SERVER] Received aircraft: A8E487 at 52.38,5.75
[SERVER] Received aircraft: A01356 at 51.89,6.18
[SORT-DEBUG] Received sort='callsign', asc='true', ascending=true, count=18
[SORT-DEBUG] After sorting by callsign (asc=true):
  [0] ICAO=6317DF Callsign=AJ385 Alt=29537 Spd=406
  [1] ICAO=C2FB51 Callsign=DM149 Alt=30762 Spd=432
  [2] ICAO=77DCC7 Callsign=EL134 Alt=5751 Spd=238
[SERVER] Received aircraft: 77DCC7 at 50.73,6.05
[SERVER] Received aircraft: 74C3B8 at 51.36,11.51
[SERVER] Received aircraft: 4BE1CE at 47.33,7.49
[SERVER] Received aircraft: 566A02 at 51.75,8.47
[SERVER] Received aircraft: 049452 at 51.33,4.22
[SERVER] Received aircraft: 08DF81 at 49.83,8.35
[SERVER] Received aircraft: C2FB51 at 48.13,7.17
[SERVER] Received aircraft: 356ED1 at 51.53,7.73
[SERVER] Received aircraft: A8269C at 49.88,8.98
[SERVER] Received aircraft: 6317DF at 48.50,4.40
[SERVER] Received aircraft: 58E57F at 48.50,11.49
[SERVER] Received aircraft: 3AB297 at 52.63,7.12
[SERVER] Received aircraft: 893F64 at 48.09,5.71
[SERVER] Received aircraft: 8683B3 at 51.78,10.92
[SERVER] Received aircraft: 95A8C5 at 50.02,9.77
[SERVER] Received aircraft: 16293A at 49.47,6.80
[SERVER] Received aircraft: A8E487 at 52.38,5.75
[SERVER] Received aircraft: A01356 at 51.89,6.18
[SORT-DEBUG] Received sort='callsign', asc='true', ascending=true, count=18
[SORT-DEBUG] After sorting by callsign (asc=true):
  [0] ICAO=6317DF Callsign=AJ385 Alt=29537 Spd=406
  [1] ICAO=C2FB51 Callsign=DM149 Alt=30721 Spd=432
  [2] ICAO=77DCC7 Callsign=EL134 Alt=5751 Spd=238
[SERVER] Received aircraft: 77DCC7 at 50.73,6.05
[SERVER] Received aircraft: 74C3B8 at 51.36,11.50
[SERVER] Received aircraft: 4BE1CE at 47.33,7.49
[SERVER] Received aircraft: 566A02 at 51.75,8.47
[SERVER] Received aircraft: 049452 at 51.33,4.22
[SERVER] Received aircraft: 08DF81 at 49.83,8.35
[SERVER] Received aircraft: C2FB51 at 48.13,7.17
[SERVER] Received aircraft: 356ED1 at 51.53,7.73
[SERVER] Received aircraft: A8269C at 49.88,8.98
[SERVER] Received aircraft: 6317DF at 48.50,4.40
[SERVER] Received aircraft: 58E57F at 48.50,11.49
[SERVER] Received aircraft: 3AB297 at 52.63,7.13
[SERVER] Received aircraft: 893F64 at 48.09,5.71
[SERVER] Received aircraft: 8683B3 at 51.78,10.92
[SERVER] Received aircraft: 95A8C5 at 50.02,9.77
[SERVER] Received aircraft: 16293A at 49.47,6.80
[SERVER] Received aircraft: A8E487 at 52.38,5.75
[SERVER] Received aircraft: A01356 at 51.89,6.19
[SORT-DEBUG] Received sort='callsign', asc='true', ascending=true, count=18
[SORT-DEBUG] After sorting by callsign (asc=true):
  [0] ICAO=6317DF Callsign=AJ385 Alt=29537 Spd=408
  [1] ICAO=C2FB51 Callsign=DM149 Alt=30721 Spd=432
  [2] ICAO=77DCC7 Callsign=EL134 Alt=5751 Spd=238
[SERVER] Received aircraft: 77DCC7 at 50.73,6.05
[SERVER] Received aircraft: 74C3B8 at 51.36,11.50
[SERVER] Received aircraft: 4BE1CE at 47.32,7.49
[SERVER] Received aircraft: 566A02 at 51.75,8.47
[SERVER] Received aircraft: 049452 at 51.34,4.22
[SERVER] Received aircraft: 08DF81 at 49.84,8.35
[SERVER] Received aircraft: C2FB51 at 48.13,7.17
[SERVER] Received aircraft: 356ED1 at 51.53,7.73
[SERVER] Received aircraft: A8269C at 49.88,8.98
[SERVER] Received aircraft: 6317DF at 48.49,4.40
[SERVER] Received aircraft: 58E57F at 48.50,11.49
[SERVER] Received aircraft: 3AB297 at 52.63,7.13
[SERVER] Received aircraft: 893F64 at 48.09,5.71
[SERVER] Received aircraft: 8683B3 at 51.78,10.92
[SERVER] Received aircraft: 95A8C5 at 50.02,9.77
[SERVER] Received aircraft: 16293A at 49.47,6.81
[SERVER] Received aircraft: A8E487 at 52.39,5.76
[SERVER] Received aircraft: A01356 at 51.89,6.19
[SORT-DEBUG] Received sort='callsign', asc='true', ascending=true, count=18
[SORT-DEBUG] After sorting by callsign (asc=true):
  [0] ICAO=6317DF Callsign=AJ385 Alt=29537 Spd=406
  [1] ICAO=C2FB51 Callsign=DM149 Alt=30661 Spd=432
  [2] ICAO=77DCC7 Callsign=EL134 Alt=5751 Spd=238
[SERVER] Received aircraft: 77DCC7 at 50.73,6.05
[SERVER] Received aircraft: 74C3B8 at 51.36,11.50
[SERVER] Received aircraft: 4BE1CE at 47.32,7.49
[SERVER] Received aircraft: 566A02 at 51.75,8.47
[SERVER] Received aircraft: 049452 at 51.34,4.22
[SERVER] Received aircraft: 08DF81 at 49.84,8.35
[SERVER] Received aircraft: C2FB51 at 48.13,7.17
[SERVER] Received aircraft: 356ED1 at 51.54,7.73
[SERVER] Received aircraft: A8269C at 49.88,8.97
[SERVER] Received aircraft: 6317DF at 48.49,4.40
[SERVER] Received aircraft: 58E57F at 48.50,11.49
[SERVER] Received aircraft: 3AB297 at 52.63,7.13
[SERVER] Received aircraft: 893F64 at 48.09,5.71
[SERVER] Received aircraft: 8683B3 at 51.78,10.92
[SERVER] Received aircraft: 95A8C5 at 50.03,9.77
[SERVER] Received aircraft: 16293A at 49.47,6.81
[SERVER] Received aircraft: A8E487 at 52.39,5.76
[SERVER] Received aircraft: A01356 at 51.89,6.19
[SORT-DEBUG] Received sort='callsign', asc='true', ascending=true, count=18
[SORT-DEBUG] After sorting by callsign (asc=true):
  [0] ICAO=6317DF Callsign=AJ385 Alt=29537 Spd=407
  [1] ICAO=C2FB51 Callsign=DM149 Alt=30661 Spd=432
  [2] ICAO=77DCC7 Callsign=EL134 Alt=5751 Spd=238
[SERVER] Received aircraft: 77DCC7 at 50.73,6.06
[SERVER] Received aircraft: 74C3B8 at 51.36,11.50
[SERVER] Received aircraft: 4BE1CE at 47.32,7.48
[SERVER] Received aircraft: 566A02 at 51.75,8.47
[SERVER] Received aircraft: 049452 at 51.34,4.22
[SERVER] Received aircraft: 08DF81 at 49.84,8.35
[SERVER] Received aircraft: C2FB51 at 48.13,7.17
[SERVER] Received aircraft: 356ED1 at 51.54,7.73
[SERVER] Received aircraft: A8269C at 49.88,8.97
[SERVER] Received aircraft: 6317DF at 48.49,4.40
[SERVER] Received aircraft: 58E57F at 48.50,11.49
[SERVER] Received aircraft: 3AB297 at 52.63,7.13
[SERVER] Received aircraft: 893F64 at 48.09,5.71
[SERVER] Received aircraft: 8683B3 at 51.78,10.92
[SERVER] Received aircraft: 95A8C5 at 50.03,9.77
[SERVER] Received aircraft: 16293A at 49.47,6.82
[SERVER] Received aircraft: A8E487 at 52.39,5.76
[SERVER] Received aircraft: A01356 at 51.89,6.20
[SORT-DEBUG] Received sort='callsign', asc='true', ascending=true, count=18
[SORT-DEBUG] After sorting by callsign (asc=true):
  [0] ICAO=6317DF Callsign=AJ385 Alt=29537 Spd=407
  [1] ICAO=C2FB51 Callsign=DM149 Alt=30661 Spd=432
  [2] ICAO=77DCC7 Callsign=EL134 Alt=5727 Spd=238
[SERVER] Received aircraft: 77DCC7 at 50.73,6.06
[SERVER] Received aircraft: 74C3B8 at 51.36,11.50
[SERVER] Received aircraft: 4BE1CE at 47.32,7.48
[SERVER] Received aircraft: 566A02 at 51.75,8.47
[SERVER] Received aircraft: 049452 at 51.34,4.22
[SERVER] Received aircraft: 08DF81 at 49.84,8.35
[SERVER] Received aircraft: C2FB51 at 48.12,7.17
[SERVER] Received aircraft: 356ED1 at 51.54,7.73
[SERVER] Received aircraft: A8269C at 49.88,8.97
[SERVER] Received aircraft: 6317DF at 48.49,4.40
[SERVER] Received aircraft: 58E57F at 48.50,11.49
[SERVER] Received aircraft: 3AB297 at 52.63,7.14
[SERVER] Received aircraft: 893F64 at 48.09,5.71
[SERVER] Received aircraft: 8683B3 at 51.77,10.92
[SERVER] Received aircraft: 95A8C5 at 50.03,9.77
[SERVER] Received aircraft: 16293A at 49.48,6.82
[SERVER] Received aircraft: A8E487 at 52.39,5.77
[SERVER] Received aircraft: A01356 at 51.89,6.20
[SORT-DEBUG] Received sort='callsign', asc='true', ascending=true, count=18
[SORT-DEBUG] After sorting by callsign (asc=true):
  [0] ICAO=6317DF Callsign=AJ385 Alt=29537 Spd=407
  [1] ICAO=C2FB51 Callsign=DM149 Alt=30632 Spd=432
  [2] ICAO=77DCC7 Callsign=EL134 Alt=5727 Spd=238
[SERVER] Received aircraft: 77DCC7 at 50.73,6.06
[SERVER] Received aircraft: 74C3B8 at 51.36,11.49
[SERVER] Received aircraft: 4BE1CE at 47.32,7.48
[SERVER] Received aircraft: 566A02 at 51.74,8.47
[SERVER] Received aircraft: 049452 at 51.34,4.22
[SERVER] Received aircraft: 08DF81 at 49.84,8.35
[SERVER] Received aircraft: C2FB51 at 48.12,7.17
[SERVER] Received aircraft: 356ED1 at 51.54,7.73
[SERVER] Received aircraft: A8269C at 49.88,8.96
[SERVER] Received aircraft: 6317DF at 48.49,4.40
[SERVER] Received aircraft: 58E57F at 48.50,11.49
[SERVER] Received aircraft: 3AB297 at 52.63,7.14
[SERVER] Received aircraft: 893F64 at 48.09,5.71
[SERVER] Received aircraft: 8683B3 at 51.77,10.92
[SERVER] Received aircraft: 95A8C5 at 50.03,9.77
[SERVER] Received aircraft: 16293A at 49.48,6.82
[SERVER] Received aircraft: A8E487 at 52.39,5.77
[SERVER] Received aircraft: A01356 at 51.89,6.20
[SORT-DEBUG] Received sort='callsign', asc='true', ascending=true, count=18
[SORT-DEBUG] After sorting by callsign (asc=true):
  [0] ICAO=6317DF Callsign=AJ385 Alt=29537 Spd=407
  [1] ICAO=C2FB51 Callsign=DM149 Alt=30632 Spd=432
  [2] ICAO=77DCC7 Callsign=EL134 Alt=5727 Spd=238
[SERVER] Received aircraft: 77DCC7 at 50.73,6.06
[SERVER] Received aircraft: 74C3B8 at 51.36,11.49
[SERVER] Received aircraft: 4BE1CE at 47.32,7.48
[SERVER] Received aircraft: 566A02 at 51.74,8.47
[SERVER] Received aircraft: 049452 at 51.34,4.22
[SERVER] Received aircraft: 08DF81 at 49.84,8.34
[SERVER] Received aircraft: C2FB51 at 48.12,7.17
[SERVER] Received aircraft: 356ED1 at 51.54,7.73
[SERVER] Received aircraft: A8269C at 49.88,8.96
[SERVER] Received aircraft: 6317DF at 48.49,4.40
[SERVER] Received aircraft: 58E57F at 48.50,11.49
[SERVER] Received aircraft: 3AB297 at 52.63,7.14
[SERVER] Received aircraft: 893F64 at 48.09,5.71
[SERVER] Received aircraft: 8683B3 at 51.77,10.92
[SERVER] Received aircraft: 95A8C5 at 50.03,9.77
[SERVER] Received aircraft: 16293A at 49.48,6.83
[SERVER] Received aircraft: A8E487 at 52.39,5.77
[SERVER] Received aircraft: A01356 at 51.89,6.21
[SORT-DEBUG] Received sort='callsign', asc='true', ascending=true, count=18
[SORT-DEBUG] After sorting by callsign (asc=true):
  [0] ICAO=6317DF Callsign=AJ385 Alt=29537 Spd=407
  [1] ICAO=C2FB51 Callsign=DM149 Alt=30632 Spd=432
  [2] ICAO=77DCC7 Callsign=EL134 Alt=5727 Spd=238
[SERVER] Received aircraft: 77DCC7 at 50.73,6.06
[SERVER] Received aircraft: 74C3B8 at 51.36,11.49
[SERVER] Received aircraft: 4BE1CE at 47.31,7.48
[SERVER] Received aircraft: 566A02 at 51.74,8.47
[SERVER] Received aircraft: 049452 at 51.35,4.22
[SERVER] Received aircraft: 08DF81 at 49.84,8.34
[SERVER] Received aircraft: C2FB51 at 48.12,7.17
[SERVER] Received aircraft: 356ED1 at 51.54,7.74
[SERVER] Received aircraft: A8269C at 49.88,8.96
[SERVER] Received aircraft: 6317DF at 48.48,4.40
[SERVER] Received aircraft: 58E57F at 48.50,11.49
[SERVER] Received aircraft: 3AB297 at 52.63,7.14
[SERVER] Received aircraft: 893F64 at 48.09,5.71
[SERVER] Received aircraft: 8683B3 at 51.77,10.92
[SERVER] Received aircraft: 95A8C5 at 50.03,9.77
[SERVER] Received aircraft: 16293A at 49.48,6.83
[SERVER] Received aircraft: A8E487 at 52.39,5.77
[SERVER] Received aircraft: A01356 at 51.89,6.21
[SORT-DEBUG] Received sort='', asc='', ascending=false, count=18
[SERVER] Received aircraft: 77DCC7 at 50.73,6.06
[SERVER] Received aircraft: 74C3B8 at 51.36,11.49
[SERVER] Received aircraft: 4BE1CE at 47.31,7.48
[SERVER] Received aircraft: 566A02 at 51.74,8.47
[SERVER] Received aircraft: 049452 at 51.35,4.22
[SERVER] Received aircraft: 08DF81 at 49.85,8.34
[SERVER] Received aircraft: C2FB51 at 48.12,7.17
[SERVER] Received aircraft: 356ED1 at 51.54,7.74
[SERVER] Received aircraft: A8269C at 49.88,8.95
[SERVER] Received aircraft: 6317DF at 48.48,4.40
[SERVER] Received aircraft: 58E57F at 48.50,11.49
[SERVER] Received aircraft: 3AB297 at 52.63,7.15
[SERVER] Received aircraft: 893F64 at 48.10,5.71
[SERVER] Received aircraft: 8683B3 at 51.77,10.92
[SERVER] Received aircraft: 95A8C5 at 50.04,9.77
[SERVER] Received aircraft: 16293A at 49.48,6.84
[SERVER] Received aircraft: A8E487 at 52.39,5.78
[SERVER] Received aircraft: A01356 at 51.89,6.21
[SORT-DEBUG] Received sort='', asc='', ascending=false, count=18
[SERVER] Received aircraft: 77DCC7 at 50.73,6.07
[SERVER] Received aircraft: 74C3B8 at 51.37,11.49
[SERVER] Received aircraft: 4BE1CE at 47.31,7.48
[SERVER] Received aircraft: 566A02 at 51.74,8.47
[SERVER] Received aircraft: 049452 at 51.35,4.22
[SERVER] Received aircraft: 08DF81 at 49.85,8.34
[SERVER] Received aircraft: C2FB51 at 48.11,7.17
[SERVER] Received aircraft: 356ED1 at 51.54,7.74
[SERVER] Received aircraft: A8269C at 49.88,8.95
[SERVER] Received aircraft: 6317DF at 48.48,4.40
[SERVER] Received aircraft: 58E57F at 48.51,11.49
[SERVER] Received aircraft: 3AB297 at 52.63,7.15
[SERVER] Received aircraft: 893F64 at 48.10,5.71
[SERVER] Received aircraft: 8683B3 at 51.77,10.92
[SERVER] Received aircraft: 95A8C5 at 50.04,9.77
[SERVER] Received aircraft: 16293A at 49.48,6.84
[SERVER] Received aircraft: A8E487 at 52.39,5.78
[SERVER] Received aircraft: A01356 at 51.90,6.22
[SORT-DEBUG] Received sort='', asc='', ascending=false, count=18
[SERVER] Received aircraft: 77DCC7 at 50.73,6.07
[SERVER] Received aircraft: 74C3B8 at 51.37,11.48
[SERVER] Received aircraft: 4BE1CE at 47.31,7.47
[SERVER] Received aircraft: 566A02 at 51.74,8.47
[SERVER] Received aircraft: 049452 at 51.35,4.22
[SERVER] Received aircraft: 08DF81 at 49.85,8.34
[SERVER] Received aircraft: C2FB51 at 48.11,7.17
[SERVER] Received aircraft: 356ED1 at 51.54,7.74
[SERVER] Received aircraft: A8269C at 49.88,8.95
[SERVER] Received aircraft: 6317DF at 48.48,4.40
[SERVER] Received aircraft: 58E57F at 48.51,11.49
[SERVER] Received aircraft: 3AB297 at 52.63,7.15
[SERVER] Received aircraft: 893F64 at 48.10,5.71
[SERVER] Received aircraft: 8683B3 at 51.77,10.92
[SERVER] Received aircraft: 95A8C5 at 50.04,9.77
[SERVER] Received aircraft: 16293A at 49.48,6.84
[SERVER] Received aircraft: A8E487 at 52.39,5.78
[SERVER] Received aircraft: A01356 at 51.90,6.22
[SORT-DEBUG] Received sort='', asc='', ascending=false, count=18
[SERVER] Received aircraft: 77DCC7 at 50.73,6.07
[SERVER] Received aircraft: 74C3B8 at 51.37,11.48
[SERVER] Received aircraft: 4BE1CE at 47.31,7.47
[SERVER] Received aircraft: 566A02 at 51.74,8.47
[SERVER] Received aircraft: 049452 at 51.35,4.22
[SERVER] Received aircraft: 08DF81 at 49.85,8.34
[SERVER] Received aircraft: C2FB51 at 48.11,7.16
[SERVER] Received aircraft: 356ED1 at 51.54,7.74
[SERVER] Received aircraft: A8269C at 49.88,8.94
[SERVER] Received aircraft: 6317DF at 48.48,4.40
[SERVER] Received aircraft: 58E57F at 48.51,11.49
[SERVER] Received aircraft: 3AB297 at 52.63,7.15
[SERVER] Received aircraft: 893F64 at 48.10,5.71
[SERVER] Received aircraft: 8683B3 at 51.77,10.92
[SERVER] Received aircraft: 95A8C5 at 50.04,9.77
[SERVER] Received aircraft: 16293A at 49.48,6.85
[SERVER] Received aircraft: A8E487 at 52.39,5.78
[SERVER] Received aircraft: A01356 at 51.90,6.23
[SORT-DEBUG] Received sort='', asc='', ascending=false, count=18
[SERVER] Received aircraft: 77DCC7 at 50.73,6.07
[SERVER] Received aircraft: 74C3B8 at 51.37,11.48
[SERVER] Received aircraft: 4BE1CE at 47.30,7.47
[SERVER] Received aircraft: 566A02 at 51.74,8.47
[SERVER] Received aircraft: 049452 at 51.35,4.22
[SERVER] Received aircraft: 08DF81 at 49.85,8.34
[SERVER] Received aircraft: C2FB51 at 48.11,7.16
[SERVER] Received aircraft: 356ED1 at 51.54,7.74
[SERVER] Received aircraft: A8269C at 49.88,8.94
[SERVER] Received aircraft: 6317DF at 48.47,4.40
[SERVER] Received aircraft: 58E57F at 48.51,11.49
[SERVER] Received aircraft: 3AB297 at 52.63,7.16
[SERVER] Received aircraft: 893F64 at 48.10,5.71
[SERVER] Received aircraft: 8683B3 at 51.76,10.92
[SERVER] Received aircraft: 95A8C5 at 50.04,9.77
[SERVER] Received aircraft: 16293A at 49.48,6.85
[SERVER] Received aircraft: A8E487 at 52.40,5.79
[SERVER] Received aircraft: A01356 at 51.90,6.23
[SORT-DEBUG] Received sort='', asc='', ascending=false, count=18
[SERVER] Received aircraft: 77DCC7 at 50.73,6.07
[SERVER] Received aircraft: 74C3B8 at 51.37,11.48
[SERVER] Received aircraft: 4BE1CE at 47.30,7.47
[SERVER] Received aircraft: 566A02 at 51.74,8.48
[SERVER] Received aircraft: 049452 at 51.35,4.22
[SERVER] Received aircraft: 08DF81 at 49.85,8.34
[SERVER] Received aircraft: C2FB51 at 48.11,7.16
[SERVER] Received aircraft: 356ED1 at 51.54,7.74
[SERVER] Received aircraft: A8269C at 49.88,8.94
[SERVER] Received aircraft: 6317DF at 48.47,4.40
[SERVER] Received aircraft: 58E57F at 48.51,11.49
[SERVER] Received aircraft: 3AB297 at 52.63,7.16
[SERVER] Received aircraft: 893F64 at 48.10,5.72
[SERVER] Received aircraft: 8683B3 at 51.76,10.91
[SERVER] Received aircraft: 95A8C5 at 50.04,9.77
[SERVER] Received aircraft: 16293A at 49.48,6.86
[SERVER] Received aircraft: A8E487 at 52.40,5.79
[SERVER] Received aircraft: A01356 at 51.90,6.23
[SORT-DEBUG] Received sort='', asc='', ascending=false, count=18
[SERVER] Received aircraft: 77DCC7 at 50.73,6.07
[SERVER] Received aircraft: 74C3B8 at 51.37,11.48
[SERVER] Received aircraft: 4BE1CE at 47.30,7.47
[SERVER] Received aircraft: 566A02 at 51.74,8.48
[SERVER] Received aircraft: 049452 at 51.36,4.22
[SERVER] Received aircraft: 08DF81 at 49.85,8.34
[SERVER] Received aircraft: C2FB51 at 48.10,7.16
[SERVER] Received aircraft: 356ED1 at 51.54,7.75
[SERVER] Received aircraft: A8269C at 49.88,8.93
[SERVER] Received aircraft: 6317DF at 48.47,4.40
[SERVER] Received aircraft: 58E57F at 48.51,11.49
[SERVER] Received aircraft: 3AB297 at 52.63,7.16
[SERVER] Received aircraft: 893F64 at 48.10,5.72
[SERVER] Received aircraft: 8683B3 at 51.76,10.91
[SERVER] Received aircraft: 95A8C5 at 50.05,9.77
[SERVER] Received aircraft: 16293A at 49.48,6.86
[SERVER] Received aircraft: A8E487 at 52.40,5.79
[SERVER] Received aircraft: A01356 at 51.90,6.24
[SORT-DEBUG] Received sort='', asc='', ascending=false, count=18
[SERVER] Received aircraft: 77DCC7 at 50.73,6.08
[SERVER] Received aircraft: 74C3B8 at 51.37,11.47
[SERVER] Received aircraft: 4BE1CE at 47.30,7.47
[SERVER] Received aircraft: 566A02 at 51.74,8.48
[SERVER] Received aircraft: 049452 at 51.36,4.22
[SERVER] Received aircraft: 08DF81 at 49.86,8.34
[SERVER] Received aircraft: C2FB51 at 48.10,7.16
[SERVER] Received aircraft: 356ED1 at 51.54,7.75
[SERVER] Received aircraft: A8269C at 49.88,8.93
[SERVER] Received aircraft: 6317DF at 48.47,4.39
[SERVER] Received aircraft: 58E57F at 48.51,11.49
[SERVER] Received aircraft: 3AB297 at 52.63,7.17
[SERVER] Received aircraft: 893F64 at 48.10,5.72
[SERVER] Received aircraft: 8683B3 at 51.76,10.91
[SERVER] Received aircraft: 95A8C5 at 50.05,9.77
[SERVER] Received aircraft: 16293A at 49.48,6.86
[SERVER] Received aircraft: A8E487 at 52.40,5.80
[SERVER] Received aircraft: A01356 at 51.90,6.24
[SORT-DEBUG] Received sort='', asc='', ascending=false, count=18
[SERVER] Received aircraft: 77DCC7 at 50.73,6.08
[SERVER] Received aircraft: 74C3B8 at 51.37,11.47
[SERVER] Received aircraft: 4BE1CE at 47.30,7.47
[SERVER] Received aircraft: 566A02 at 51.74,8.48
[SERVER] Received aircraft: 049452 at 51.36,4.22
[SERVER] Received aircraft: 08DF81 at 49.86,8.34
[SERVER] Received aircraft: C2FB51 at 48.10,7.16
[SERVER] Received aircraft: 356ED1 at 51.54,7.75
[SERVER] Received aircraft: A8269C at 49.88,8.93
[SERVER] Received aircraft: 6317DF at 48.47,4.39
[SERVER] Received aircraft: 58E57F at 48.51,11.49
[SERVER] Received aircraft: 3AB297 at 52.63,7.17
[SERVER] Received aircraft: 893F64 at 48.10,5.72
[SERVER] Received aircraft: 8683B3 at 51.76,10.91
[SERVER] Received aircraft: 95A8C5 at 50.05,9.77
[SERVER] Received aircraft: 16293A at 49.49,6.87
[SERVER] Received aircraft: A8E487 at 52.40,5.80
[SERVER] Received aircraft: A01356 at 51.90,6.24
[SORT-DEBUG] Received sort='', asc='', ascending=false, count=18
[SERVER] Received aircraft: 77DCC7 at 50.73,6.08
[SERVER] Received aircraft: 74C3B8 at 51.37,11.47
[SERVER] Received aircraft: 4BE1CE at 47.29,7.47
[SERVER] Received aircraft: 566A02 at 51.74,8.48
[SERVER] Received aircraft: 049452 at 51.36,4.22
[SERVER] Received aircraft: 08DF81 at 49.86,8.34
[SERVER] Received aircraft: C2FB51 at 48.10,7.16
[SERVER] Received aircraft: 356ED1 at 51.54,7.75
[SERVER] Received aircraft: A8269C at 49.88,8.92
[SERVER] Received aircraft: 6317DF at 48.47,4.39
[SERVER] Received aircraft: 58E57F at 48.51,11.49
[SERVER] Received aircraft: 3AB297 at 52.63,7.17
[SERVER] Received aircraft: 893F64 at 48.10,5.72
[SERVER] Received aircraft: 8683B3 at 51.76,10.91
[SERVER] Received aircraft: 95A8C5 at 50.05,9.77
[SERVER] Received aircraft: 16293A at 49.49,6.87
[SERVER] Received aircraft: A8E487 at 52.40,5.80
[SERVER] Received aircraft: A01356 at 51.90,6.25
[SORT-DEBUG] Received sort='', asc='', ascending=false, count=18
[SORT-DEBUG] Received sort='alt', asc='true', ascending=true, count=18
[SORT-DEBUG] After sorting by alt (asc=true):
  [0] ICAO=A01356 Callsign=F3 Alt=5302 Spd=534
  [1] ICAO=77DCC7 Callsign=EL134 Alt=5738 Spd=239
  [2] ICAO=356ED1 Callsign=RJ516 Alt=6508 Spd=221
[SERVER] Received aircraft: 77DCC7 at 50.73,6.08
[SERVER] Received aircraft: 74C3B8 at 51.37,11.47
[SERVER] Received aircraft: 4BE1CE at 47.29,7.46
[SERVER] Received aircraft: 566A02 at 51.74,8.48
[SERVER] Received aircraft: 049452 at 51.36,4.22
[SERVER] Received aircraft: 08DF81 at 49.86,8.34
[SERVER] Received aircraft: C2FB51 at 48.10,7.16
[SERVER] Received aircraft: 356ED1 at 51.54,7.75
[SERVER] Received aircraft: A8269C at 49.88,8.92
[SERVER] Received aircraft: 6317DF at 48.46,4.39
[SERVER] Received aircraft: 58E57F at 48.51,11.49
[SERVER] Received aircraft: 3AB297 at 52.63,7.17
[SERVER] Received aircraft: 893F64 at 48.11,5.72
[SERVER] Received aircraft: 8683B3 at 51.76,10.91
[SERVER] Received aircraft: 95A8C5 at 50.05,9.77
[SERVER] Received aircraft: 16293A at 49.49,6.88
[SERVER] Received aircraft: A8E487 at 52.40,5.80
[SERVER] Received aircraft: A01356 at 51.90,6.25
[SORT-DEBUG] Received sort='alt', asc='true', ascending=true, count=18
[SORT-DEBUG] After sorting by alt (asc=true):
  [0] ICAO=A01356 Callsign=F3 Alt=5137 Spd=534
  [1] ICAO=77DCC7 Callsign=EL134 Alt=5738 Spd=239
  [2] ICAO=356ED1 Callsign=RJ516 Alt=6508 Spd=221
[SORT-DEBUG] Received sort='alt', asc='false', ascending=false, count=18
[SORT-DEBUG] After sorting by alt (asc=false):
  [0] ICAO=C2FB51 Callsign=DM149 Alt=30632 Spd=435
  [1] ICAO=6317DF Callsign=AJ385 Alt=29526 Spd=398
  [2] ICAO=A8E487 Callsign=F2 Alt=29230 Spd=417
[SERVER] Received aircraft: 77DCC7 at 50.73,6.08
[SERVER] Received aircraft: 74C3B8 at 51.37,11.46
[SERVER] Received aircraft: 4BE1CE at 47.29,7.46
[SERVER] Received aircraft: 566A02 at 51.73,8.48
[SERVER] Received aircraft: 049452 at 51.36,4.22
[SERVER] Received aircraft: 08DF81 at 49.86,8.34
[SERVER] Received aircraft: C2FB51 at 48.09,7.16
[SERVER] Received aircraft: 356ED1 at 51.55,7.75
[SERVER] Received aircraft: A8269C at 49.88,8.92
[SERVER] Received aircraft: 6317DF at 48.46,4.39
[SERVER] Received aircraft: 58E57F at 48.51,11.50
[SERVER] Received aircraft: 3AB297 at 52.63,7.18
[SERVER] Received aircraft: 893F64 at 48.11,5.72
[SERVER] Received aircraft: 8683B3 at 51.75,10.91
[SERVER] Received aircraft: 95A8C5 at 50.05,9.77
[SERVER] Received aircraft: 16293A at 49.49,6.88
[SERVER] Received aircraft: A8E487 at 52.40,5.81
[SERVER] Received aircraft: A01356 at 51.91,6.26
[SORT-DEBUG] Received sort='alt', asc='false', ascending=false, count=18
[SORT-DEBUG] After sorting by alt (asc=false):
  [0] ICAO=C2FB51 Callsign=DM149 Alt=30632 Spd=437
  [1] ICAO=A8E487 Callsign=F2 Alt=30344 Spd=412
  [2] ICAO=6317DF Callsign=AJ385 Alt=29526 Spd=398
[SERVER] Received aircraft: 77DCC7 at 50.73,6.08
[SERVER] Received aircraft: 74C3B8 at 51.37,11.46
[SERVER] Received aircraft: 4BE1CE at 47.29,7.46
[SERVER] Received aircraft: 566A02 at 51.73,8.48
[SERVER] Received aircraft: 049452 at 51.36,4.22
[SERVER] Received aircraft: 08DF81 at 49.86,8.34
[SERVER] Received aircraft: C2FB51 at 48.09,7.16
[SERVER] Received aircraft: 356ED1 at 51.55,7.75
[SERVER] Received aircraft: A8269C at 49.88,8.91
[SERVER] Received aircraft: 6317DF at 48.46,4.39
[SERVER] Received aircraft: 58E57F at 48.51,11.50
[SERVER] Received aircraft: 3AB297 at 52.63,7.18
[SERVER] Received aircraft: 893F64 at 48.11,5.72
[SERVER] Received aircraft: 8683B3 at 51.75,10.91
[SERVER] Received aircraft: 95A8C5 at 50.06,9.77
[SERVER] Received aircraft: 16293A at 49.49,6.88
[SERVER] Received aircraft: A8E487 at 52.40,5.81
[SERVER] Received aircraft: A01356 at 51.91,6.26
[SORT-DEBUG] Received sort='alt', asc='false', ascending=false, count=18
[SORT-DEBUG] After sorting by alt (asc=false):
  [0] ICAO=C2FB51 Callsign=DM149 Alt=30632 Spd=437
  [1] ICAO=A8E487 Callsign=F2 Alt=29984 Spd=412
  [2] ICAO=6317DF Callsign=AJ385 Alt=29526 Spd=398
[SERVER] Received aircraft: 77DCC7 at 50.73,6.09
[SERVER] Received aircraft: 74C3B8 at 51.37,11.46
[SERVER] Received aircraft: 4BE1CE at 47.29,7.46
[SERVER] Received aircraft: 566A02 at 51.73,8.48
[SERVER] Received aircraft: 049452 at 51.37,4.22
[SERVER] Received aircraft: 08DF81 at 49.86,8.34
[SERVER] Received aircraft: C2FB51 at 48.09,7.16
[SERVER] Received aircraft: 356ED1 at 51.55,7.76
[SERVER] Received aircraft: A8269C at 49.88,8.91
[SERVER] Received aircraft: 6317DF at 48.46,4.39
[SERVER] Received aircraft: 58E57F at 48.52,11.50
[SERVER] Received aircraft: 3AB297 at 52.63,7.18
[SERVER] Received aircraft: 893F64 at 48.11,5.72
[SERVER] Received aircraft: 8683B3 at 51.75,10.91
[SERVER] Received aircraft: 95A8C5 at 50.06,9.77
[SERVER] Received aircraft: 16293A at 49.49,6.89
[SERVER] Received aircraft: A8E487 at 52.40,5.81
[SERVER] Received aircraft: A01356 at 51.91,6.26
[SORT-DEBUG] Received sort='alt', asc='false', ascending=false, count=18
[SORT-DEBUG] After sorting by alt (asc=false):
  [0] ICAO=A8E487 Callsign=F2 Alt=30902 Spd=412
  [1] ICAO=C2FB51 Callsign=DM149 Alt=30632 Spd=437
  [2] ICAO=6317DF Callsign=AJ385 Alt=29526 Spd=398
[SERVER] Received aircraft: 77DCC7 at 50.73,6.09
[SERVER] Received aircraft: 74C3B8 at 51.37,11.46
[SERVER] Received aircraft: 4BE1CE at 47.29,7.46
[SERVER] Received aircraft: 566A02 at 51.73,8.48
[SERVER] Received aircraft: 049452 at 51.37,4.21
[SERVER] Received aircraft: 08DF81 at 49.86,8.33
[SERVER] Received aircraft: C2FB51 at 48.09,7.16
[SERVER] Received aircraft: 356ED1 at 51.55,7.76
[SERVER] Received aircraft: A8269C at 49.88,8.90
[SERVER] Received aircraft: 6317DF at 48.46,4.39
[SERVER] Received aircraft: 58E57F at 48.52,11.50
[SERVER] Received aircraft: 3AB297 at 52.63,7.18
[SERVER] Received aircraft: 893F64 at 48.11,5.72
[SERVER] Received aircraft: 8683B3 at 51.75,10.91
[SERVER] Received aircraft: 95A8C5 at 50.06,9.77
[SERVER] Received aircraft: 16293A at 49.49,6.89
[SERVER] Received aircraft: A8E487 at 52.40,5.82
[SERVER] Received aircraft: A01356 at 51.91,6.27
[SORT-DEBUG] Received sort='alt', asc='false', ascending=false, count=18
[SORT-DEBUG] After sorting by alt (asc=false):
  [0] ICAO=A8E487 Callsign=F2 Alt=32631 Spd=412
  [1] ICAO=C2FB51 Callsign=DM149 Alt=30632 Spd=437
  [2] ICAO=6317DF Callsign=AJ385 Alt=29526 Spd=398
[SORT-DEBUG] Received sort='callsign', asc='true', ascending=true, count=18
[SORT-DEBUG] After sorting by callsign (asc=true):
  [0] ICAO=6317DF Callsign=AJ385 Alt=29526 Spd=398
  [1] ICAO=C2FB51 Callsign=DM149 Alt=30632 Spd=437
  [2] ICAO=77DCC7 Callsign=EL134 Alt=5738 Spd=242
[SERVER] Received aircraft: 77DCC7 at 50.73,6.09
[SERVER] Received aircraft: 74C3B8 at 51.37,11.46
[SERVER] Received aircraft: 4BE1CE at 47.28,7.46
[SERVER] Received aircraft: 566A02 at 51.73,8.48
[SERVER] Received aircraft: 049452 at 51.37,4.21
[SERVER] Received aircraft: 08DF81 at 49.87,8.33
[SERVER] Received aircraft: C2FB51 at 48.09,7.16
[SERVER] Received aircraft: 356ED1 at 51.55,7.76
[SERVER] Received aircraft: A8269C at 49.88,8.90
[SERVER] Received aircraft: 6317DF at 48.45,4.39
[SERVER] Received aircraft: 58E57F at 48.52,11.50
[SERVER] Received aircraft: 3AB297 at 52.63,7.19
[SERVER] Received aircraft: 893F64 at 48.11,5.72
[SERVER] Received aircraft: 8683B3 at 51.75,10.91
[SERVER] Received aircraft: 95A8C5 at 50.06,9.77
[SERVER] Received aircraft: 16293A at 49.49,6.90
[SERVER] Received aircraft: A8E487 at 52.40,5.82
[SERVER] Received aircraft: A01356 at 51.91,6.27
[SORT-DEBUG] Received sort='callsign', asc='true', ascending=true, count=18
[SORT-DEBUG] After sorting by callsign (asc=true):
  [0] ICAO=6317DF Callsign=AJ385 Alt=29580 Spd=398
  [1] ICAO=C2FB51 Callsign=DM149 Alt=30632 Spd=437
  [2] ICAO=77DCC7 Callsign=EL134 Alt=5738 Spd=242
[SORT-DEBUG] Received sort='callsign', asc='false', ascending=false, count=18
[SORT-DEBUG] After sorting by callsign (asc=false):
  [0] ICAO=893F64 Callsign=VP177 Alt=28791 Spd=236
  [1] ICAO=58E57F Callsign=SN559 Alt=25827 Spd=177
  [2] ICAO=566A02 Callsign=SD932 Alt=11749 Spd=156
[SERVER] Received aircraft: 77DCC7 at 50.73,6.09
[SERVER] Received aircraft: 74C3B8 at 51.37,11.45
[SERVER] Received aircraft: 4BE1CE at 47.28,7.46
[SERVER] Received aircraft: 566A02 at 51.73,8.48
[SERVER] Received aircraft: 049452 at 51.37,4.21
[SERVER] Received aircraft: 08DF81 at 49.87,8.33
[SERVER] Received aircraft: C2FB51 at 48.08,7.16
[SERVER] Received aircraft: 356ED1 at 51.55,7.76
[SERVER] Received aircraft: A8269C at 49.88,8.90
[SERVER] Received aircraft: 6317DF at 48.45,4.39
[SERVER] Received aircraft: 58E57F at 48.52,11.50
[SERVER] Received aircraft: 3AB297 at 52.63,7.19
[SERVER] Received aircraft: 893F64 at 48.11,5.72
[SERVER] Received aircraft: 8683B3 at 51.75,10.91
[SERVER] Received aircraft: 95A8C5 at 50.06,9.77
[SERVER] Received aircraft: 16293A at 49.49,6.90
[SERVER] Received aircraft: A8E487 at 52.41,5.82
[SERVER] Received aircraft: A01356 at 51.91,6.27
[SORT-DEBUG] Received sort='callsign', asc='false', ascending=false, count=18
[SORT-DEBUG] After sorting by callsign (asc=false):
  [0] ICAO=893F64 Callsign=VP177 Alt=28705 Spd=236
  [1] ICAO=58E57F Callsign=SN559 Alt=25827 Spd=177
  [2] ICAO=566A02 Callsign=SD932 Alt=11749 Spd=156
[SERVER] Received aircraft: 77DCC7 at 50.73,6.09
[SERVER] Received aircraft: 74C3B8 at 51.37,11.45
[SERVER] Received aircraft: 4BE1CE at 47.28,7.45
[SERVER] Received aircraft: 566A02 at 51.73,8.48
[SERVER] Received aircraft: 049452 at 51.37,4.21
[SERVER] Received aircraft: 08DF81 at 49.87,8.33
[SERVER] Received aircraft: C2FB51 at 48.08,7.16
[SERVER] Received aircraft: 356ED1 at 51.55,7.76
[SERVER] Received aircraft: A8269C at 49.88,8.89
[SERVER] Received aircraft: 6317DF at 48.45,4.39
[SERVER] Received aircraft: 58E57F at 48.52,11.50
[SERVER] Received aircraft: 3AB297 at 52.63,7.19
[SERVER] Received aircraft: 893F64 at 48.11,5.72
[SERVER] Received aircraft: 8683B3 at 51.75,10.91
[SERVER] Received aircraft: 95A8C5 at 50.06,9.77
[SERVER] Received aircraft: 16293A at 49.49,6.90
[SERVER] Received aircraft: A8E487 at 52.41,5.82
[SERVER] Received aircraft: A01356 at 51.91,6.28
[SORT-DEBUG] Received sort='callsign', asc='false', ascending=false, count=18
[SORT-DEBUG] After sorting by callsign (asc=false):
  [0] ICAO=893F64 Callsign=VP177 Alt=28705 Spd=236
  [1] ICAO=58E57F Callsign=SN559 Alt=25827 Spd=177
  [2] ICAO=566A02 Callsign=SD932 Alt=11749 Spd=156
[SERVER] Received aircraft: 77DCC7 at 50.73,6.10
[SERVER] Received aircraft: 74C3B8 at 51.37,11.45
[SERVER] Received aircraft: 4BE1CE at 47.28,7.45
[SERVER] Received aircraft: 566A02 at 51.73,8.48
[SERVER] Received aircraft: 049452 at 51.37,4.21
[SERVER] Received aircraft: 08DF81 at 49.87,8.33
[SERVER] Received aircraft: C2FB51 at 48.08,7.16
[SERVER] Received aircraft: 356ED1 at 51.55,7.76
[SERVER] Received aircraft: A8269C at 49.88,8.89
[SERVER] Received aircraft: 6317DF at 48.45,4.39
[SERVER] Received aircraft: 58E57F at 48.52,11.50
[SERVER] Received aircraft: 3AB297 at 52.63,7.19
[SERVER] Received aircraft: 893F64 at 48.11,5.72
[SERVER] Received aircraft: 8683B3 at 51.75,10.91
[SERVER] Received aircraft: 95A8C5 at 50.07,9.77
[SERVER] Received aircraft: 16293A at 49.49,6.91
[SERVER] Received aircraft: A8E487 at 52.41,5.83
[SERVER] Received aircraft: A01356 at 51.91,6.28
[SORT-DEBUG] Received sort='callsign', asc='false', ascending=false, count=18
[SORT-DEBUG] After sorting by callsign (asc=false):
  [0] ICAO=893F64 Callsign=VP177 Alt=28705 Spd=236
  [1] ICAO=58E57F Callsign=SN559 Alt=25827 Spd=177
  [2] ICAO=566A02 Callsign=SD932 Alt=11749 Spd=156
[SERVER] Received aircraft: 77DCC7 at 50.73,6.10
[SERVER] Received aircraft: 74C3B8 at 51.37,11.45
[SERVER] Received aircraft: 4BE1CE at 47.28,7.45
[SERVER] Received aircraft: 566A02 at 51.73,8.48
[SERVER] Received aircraft: 049452 at 51.38,4.21
[SERVER] Received aircraft: 08DF81 at 49.87,8.33
[SERVER] Received aircraft: C2FB51 at 48.08,7.16
[SERVER] Received aircraft: 356ED1 at 51.55,7.76
[SERVER] Received aircraft: A8269C at 49.88,8.89
[SERVER] Received aircraft: 6317DF at 48.45,4.39
[SERVER] Received aircraft: 58E57F at 48.52,11.50
[SERVER] Received aircraft: 3AB297 at 52.63,7.20
[SERVER] Received aircraft: 893F64 at 48.11,5.72
[SERVER] Received aircraft: 8683B3 at 51.74,10.91
[SERVER] Received aircraft: 95A8C5 at 50.07,9.77
[SERVER] Received aircraft: 16293A at 49.50,6.91
[SERVER] Received aircraft: A8E487 at 52.41,5.83
[SERVER] Received aircraft: A01356 at 51.91,6.28
[SORT-DEBUG] Received sort='callsign', asc='false', ascending=false, count=18
[SORT-DEBUG] After sorting by callsign (asc=false):
  [0] ICAO=893F64 Callsign=VP177 Alt=28705 Spd=236
  [1] ICAO=58E57F Callsign=SN559 Alt=25827 Spd=177
  [2] ICAO=566A02 Callsign=SD932 Alt=11749 Spd=156
[SERVER] Received aircraft: 77DCC7 at 50.73,6.10
[SERVER] Received aircraft: 74C3B8 at 51.37,11.45
[SERVER] Received aircraft: 4BE1CE at 47.27,7.45
[SERVER] Received aircraft: 566A02 at 51.73,8.48
[SERVER] Received aircraft: 049452 at 51.38,4.21
[SERVER] Received aircraft: 08DF81 at 49.87,8.33
[SERVER] Received aircraft: C2FB51 at 48.08,7.16
[SERVER] Received aircraft: 356ED1 at 51.55,7.76
[SERVER] Received aircraft: A8269C at 49.88,8.88
[SERVER] Received aircraft: 6317DF at 48.45,4.39
[SERVER] Received aircraft: 58E57F at 48.52,11.50
[SERVER] Received aircraft: 3AB297 at 52.63,7.20
[SERVER] Received aircraft: 893F64 at 48.12,5.72
[SERVER] Received aircraft: 8683B3 at 51.74,10.91
[SERVER] Received aircraft: 95A8C5 at 50.07,9.77
[SERVER] Received aircraft: 16293A at 49.50,6.92
[SERVER] Received aircraft: A8E487 at 52.41,5.83
[SERVER] Received aircraft: A01356 at 51.91,6.29
[SORT-DEBUG] Received sort='callsign', asc='false', ascending=false, count=18
[SORT-DEBUG] After sorting by callsign (asc=false):
  [0] ICAO=893F64 Callsign=VP177 Alt=28705 Spd=236
  [1] ICAO=58E57F Callsign=SN559 Alt=25827 Spd=177
  [2] ICAO=566A02 Callsign=SD932 Alt=11749 Spd=156
[SERVER] Received aircraft: 77DCC7 at 50.73,6.10
[SERVER] Received aircraft: 74C3B8 at 51.37,11.44
[SERVER] Received aircraft: 4BE1CE at 47.27,7.45
[SERVER] Received aircraft: 566A02 at 51.73,8.48
[SERVER] Received aircraft: 049452 at 51.38,4.21
[SERVER] Received aircraft: 08DF81 at 49.87,8.33
[SERVER] Received aircraft: C2FB51 at 48.07,7.16
[SERVER] Received aircraft: 356ED1 at 51.55,7.77
[SERVER] Received aircraft: A8269C at 49.88,8.88
[SERVER] Received aircraft: 6317DF at 48.44,4.39
[SERVER] Received aircraft: 58E57F at 48.52,11.50
[SERVER] Received aircraft: 3AB297 at 52.63,7.20
[SERVER] Received aircraft: 893F64 at 48.12,5.72
[SERVER] Received aircraft: 8683B3 at 51.74,10.91
[SERVER] Received aircraft: 95A8C5 at 50.07,9.77
[SERVER] Received aircraft: 16293A at 49.50,6.92
[SERVER] Received aircraft: A8E487 at 52.41,5.84
[SERVER] Received aircraft: A01356 at 51.92,6.29
[SORT-DEBUG] Received sort='callsign', asc='false', ascending=false, count=18
[SORT-DEBUG] After sorting by callsign (asc=false):
  [0] ICAO=893F64 Callsign=VP177 Alt=28705 Spd=236
  [1] ICAO=58E57F Callsign=SN559 Alt=25827 Spd=177
  [2] ICAO=566A02 Callsign=SD932 Alt=11749 Spd=156
[SERVER] Received aircraft: 77DCC7 at 50.73,6.10
[SERVER] Received aircraft: 74C3B8 at 51.37,11.44
[SERVER] Received aircraft: 4BE1CE at 47.27,7.45
[SERVER] Received aircraft: 566A02 at 51.73,8.48
[SERVER] Received aircraft: 049452 at 51.38,4.21
[SERVER] Received aircraft: 08DF81 at 49.88,8.33
[SERVER] Received aircraft: C2FB51 at 48.07,7.16
[SERVER] Received aircraft: 356ED1 at 51.55,7.77
[SERVER] Received aircraft: A8269C at 49.88,8.88
[SERVER] Received aircraft: 6317DF at 48.44,4.39
[SERVER] Received aircraft: 58E57F at 48.52,11.50
[SERVER] Received aircraft: 3AB297 at 52.63,7.20
[SERVER] Received aircraft: 893F64 at 48.12,5.72
[SERVER] Received aircraft: 8683B3 at 51.74,10.90
[SERVER] Received aircraft: 95A8C5 at 50.07,9.77
[SERVER] Received aircraft: 16293A at 49.50,6.92
[SERVER] Received aircraft: A8E487 at 52.41,5.84
[SERVER] Received aircraft: A01356 at 51.92,6.30
[SORT-DEBUG] Received sort='callsign', asc='false', ascending=false, count=18
[SORT-DEBUG] After sorting by callsign (asc=false):
  [0] ICAO=893F64 Callsign=VP177 Alt=28705 Spd=236
  [1] ICAO=58E57F Callsign=SN559 Alt=25827 Spd=177
  [2] ICAO=566A02 Callsign=SD932 Alt=11749 Spd=156
[SERVER] Received aircraft: 77DCC7 at 50.73,6.10
[SERVER] Received aircraft: 74C3B8 at 51.37,11.44
[SERVER] Received aircraft: 4BE1CE at 47.27,7.45
[SERVER] Received aircraft: 566A02 at 51.73,8.48
[SERVER] Received aircraft: 049452 at 51.38,4.21
[SERVER] Received aircraft: 08DF81 at 49.88,8.33
[SERVER] Received aircraft: C2FB51 at 48.07,7.16
[SERVER] Received aircraft: 356ED1 at 51.55,7.77
[SERVER] Received aircraft: A8269C at 49.88,8.87
[SERVER] Received aircraft: 6317DF at 48.44,4.38
[SERVER] Received aircraft: 58E57F at 48.52,11.50
[SERVER] Received aircraft: 3AB297 at 52.63,7.21
[SERVER] Received aircraft: 893F64 at 48.12,5.72
[SERVER] Received aircraft: 8683B3 at 51.74,10.90
[SERVER] Received aircraft: 95A8C5 at 50.07,9.77
[SERVER] Received aircraft: 16293A at 49.50,6.93
[SERVER] Received aircraft: A8E487 at 52.41,5.84
[SERVER] Received aircraft: A01356 at 51.92,6.30
[SORT-DEBUG] Received sort='callsign', asc='false', ascending=false, count=18
[SORT-DEBUG] After sorting by callsign (asc=false):
  [0] ICAO=893F64 Callsign=VP177 Alt=28705 Spd=236
  [1] ICAO=58E57F Callsign=SN559 Alt=25827 Spd=177
  [2] ICAO=566A02 Callsign=SD932 Alt=11749 Spd=156
[SERVER] Received aircraft: 77DCC7 at 50.73,6.11
[SERVER] Received aircraft: 74C3B8 at 51.37,11.44
[SERVER] Received aircraft: 4BE1CE at 47.27,7.45
[SERVER] Received aircraft: 566A02 at 51.73,8.48
[SERVER] Received aircraft: 049452 at 51.38,4.21
[SERVER] Received aircraft: 08DF81 at 49.88,8.33
[SERVER] Received aircraft: C2FB51 at 48.07,7.16
[SERVER] Received aircraft: 356ED1 at 51.55,7.77
[SERVER] Received aircraft: A8269C at 49.88,8.87
[SERVER] Received aircraft: 6317DF at 48.44,4.38
[SERVER] Received aircraft: 58E57F at 48.52,11.50
[SERVER] Received aircraft: 3AB297 at 52.63,7.21
[SERVER] Received aircraft: 893F64 at 48.12,5.73
[SERVER] Received aircraft: 8683B3 at 51.74,10.90
[SERVER] Received aircraft: 95A8C5 at 50.07,9.77
[SERVER] Received aircraft: 16293A at 49.50,6.93
[SERVER] Received aircraft: A8E487 at 52.41,5.84
[SERVER] Received aircraft: A01356 at 51.92,6.30
[SORT-DEBUG] Received sort='callsign', asc='false', ascending=false, count=18
[SORT-DEBUG] After sorting by callsign (asc=false):
  [0] ICAO=893F64 Callsign=VP177 Alt=28705 Spd=236
  [1] ICAO=58E57F Callsign=SN559 Alt=25827 Spd=177
  [2] ICAO=566A02 Callsign=SD932 Alt=11749 Spd=156
[SERVER] Received aircraft: 77DCC7 at 50.73,6.11
[SERVER] Received aircraft: 74C3B8 at 51.38,11.43
[SERVER] Received aircraft: 4BE1CE at 47.27,7.44
[SERVER] Received aircraft: 566A02 at 51.72,8.48
[SERVER] Received aircraft: 049452 at 51.38,4.21
[SERVER] Received aircraft: 08DF81 at 49.88,8.33
[SERVER] Received aircraft: C2FB51 at 48.07,7.16
[SERVER] Received aircraft: 356ED1 at 51.55,7.77
[SERVER] Received aircraft: A8269C at 49.88,8.87
[SERVER] Received aircraft: 6317DF at 48.44,4.38
[SERVER] Received aircraft: 58E57F at 48.52,11.50
[SERVER] Received aircraft: 3AB297 at 52.63,7.21
[SERVER] Received aircraft: 893F64 at 48.12,5.73
[SERVER] Received aircraft: 8683B3 at 51.74,10.90
[SERVER] Received aircraft: 95A8C5 at 50.08,9.77
[SERVER] Received aircraft: 16293A at 49.50,6.93
[SERVER] Received aircraft: A8E487 at 52.41,5.85
[SERVER] Received aircraft: A01356 at 51.92,6.31
[SORT-DEBUG] Received sort='callsign', asc='false', ascending=false, count=18
[SORT-DEBUG] After sorting by callsign (asc=false):
  [0] ICAO=893F64 Callsign=VP177 Alt=28705 Spd=236
  [1] ICAO=58E57F Callsign=SN559 Alt=25827 Spd=177
  [2] ICAO=566A02 Callsign=SD932 Alt=11749 Spd=156
[SERVER] Received aircraft: 77DCC7 at 50.73,6.11
[SERVER] Received aircraft: 74C3B8 at 51.38,11.43
[SERVER] Received aircraft: 4BE1CE at 47.26,7.44
[SERVER] Received aircraft: 566A02 at 51.72,8.48
[SERVER] Received aircraft: 049452 at 51.39,4.21
[SERVER] Received aircraft: 08DF81 at 49.88,8.33
[SERVER] Received aircraft: C2FB51 at 48.06,7.16
[SERVER] Received aircraft: 356ED1 at 51.55,7.77
[SERVER] Received aircraft: A8269C at 49.87,8.87
[SERVER] Received aircraft: 6317DF at 48.43,4.38
[SERVER] Received aircraft: 58E57F at 48.53,11.50
[SERVER] Received aircraft: 3AB297 at 52.64,7.21
[SERVER] Received aircraft: 893F64 at 48.12,5.73
[SERVER] Received aircraft: 8683B3 at 51.73,10.90
[SERVER] Received aircraft: 95A8C5 at 50.08,9.77
[SERVER] Received aircraft: 16293A at 49.50,6.94
[SERVER] Received aircraft: A8E487 at 52.41,5.85
[SERVER] Received aircraft: A01356 at 51.92,6.31
[SORT-DEBUG] Received sort='callsign', asc='false', ascending=false, count=18
[SORT-DEBUG] After sorting by callsign (asc=false):
  [0] ICAO=893F64 Callsign=VP177 Alt=28705 Spd=236
  [1] ICAO=58E57F Callsign=SN559 Alt=25827 Spd=177
  [2] ICAO=566A02 Callsign=SD932 Alt=11749 Spd=156
[SERVER] Received aircraft: 77DCC7 at 50.73,6.11
[SERVER] Received aircraft: 74C3B8 at 51.38,11.43
[SERVER] Received aircraft: 4BE1CE at 47.26,7.44
[SERVER] Received aircraft: 566A02 at 51.72,8.48
[SERVER] Received aircraft: 049452 at 51.39,4.21
[SERVER] Received aircraft: 08DF81 at 49.88,8.33
[SERVER] Received aircraft: C2FB51 at 48.06,7.16
[SERVER] Received aircraft: 356ED1 at 51.55,7.77
[SERVER] Received aircraft: A8269C at 49.87,8.86
[SERVER] Received aircraft: 6317DF at 48.43,4.38
[SERVER] Received aircraft: 58E57F at 48.53,11.50
[SERVER] Received aircraft: 3AB297 at 52.64,7.22
[SERVER] Received aircraft: 893F64 at 48.12,5.73
[SERVER] Received aircraft: 8683B3 at 51.73,10.90
[SERVER] Received aircraft: 95A8C5 at 50.08,9.77
[SERVER] Received aircraft: 16293A at 49.50,6.94
[SERVER] Received aircraft: A8E487 at 52.41,5.85
[SERVER] Received aircraft: A01356 at 51.92,6.31
[SORT-DEBUG] Received sort='callsign', asc='false', ascending=false, count=18
[SORT-DEBUG] After sorting by callsign (asc=false):
  [0] ICAO=893F64 Callsign=VP177 Alt=28705 Spd=236
  [1] ICAO=58E57F Callsign=SN559 Alt=25827 Spd=177
  [2] ICAO=566A02 Callsign=SD932 Alt=11749 Spd=156
[SERVER] Received aircraft: 77DCC7 at 50.73,6.11
[SERVER] Received aircraft: 74C3B8 at 51.38,11.43
[SERVER] Received aircraft: 4BE1CE at 47.26,7.44
[SERVER] Received aircraft: 566A02 at 51.72,8.48
[SERVER] Received aircraft: 049452 at 51.39,4.21
[SERVER] Received aircraft: 08DF81 at 49.88,8.33
[SERVER] Received aircraft: C2FB51 at 48.06,7.16
[SERVER] Received aircraft: 356ED1 at 51.56,7.77
[SERVER] Received aircraft: A8269C at 49.87,8.86
[SERVER] Received aircraft: 6317DF at 48.43,4.38
[SERVER] Received aircraft: 58E57F at 48.53,11.50
[SERVER] Received aircraft: 3AB297 at 52.64,7.22
[SERVER] Received aircraft: 893F64 at 48.12,5.73
[SERVER] Received aircraft: 8683B3 at 51.73,10.90
[SERVER] Received aircraft: 95A8C5 at 50.08,9.77
[SERVER] Received aircraft: 16293A at 49.50,6.95
[SERVER] Received aircraft: A8E487 at 52.42,5.85
[SERVER] Received aircraft: A01356 at 51.92,6.32
[SORT-DEBUG] Received sort='callsign', asc='false', ascending=false, count=18
[SORT-DEBUG] After sorting by callsign (asc=false):
  [0] ICAO=893F64 Callsign=VP177 Alt=28705 Spd=236
  [1] ICAO=58E57F Callsign=SN559 Alt=25827 Spd=177
  [2] ICAO=566A02 Callsign=SD932 Alt=11749 Spd=156
[SERVER] Received aircraft: 77DCC7 at 50.73,6.12
[SERVER] Received aircraft: 74C3B8 at 51.38,11.43
[SERVER] Received aircraft: 4BE1CE at 47.26,7.44
[SERVER] Received aircraft: 566A02 at 51.72,8.48
[SERVER] Received aircraft: 049452 at 51.39,4.21
[SERVER] Received aircraft: 08DF81 at 49.89,8.32
[SERVER] Received aircraft: C2FB51 at 48.06,7.16
[SERVER] Received aircraft: 356ED1 at 51.56,7.78
[SERVER] Received aircraft: A8269C at 49.87,8.86
[SERVER] Received aircraft: 6317DF at 48.43,4.38
[SERVER] Received aircraft: 58E57F at 48.53,11.50
[SERVER] Received aircraft: 3AB297 at 52.64,7.22
[SERVER] Received aircraft: 893F64 at 48.13,5.73
[SERVER] Received aircraft: 8683B3 at 51.73,10.90
[SERVER] Received aircraft: 95A8C5 at 50.08,9.77
[SERVER] Received aircraft: 16293A at 49.50,6.95
[SERVER] Received aircraft: A8E487 at 52.42,5.86
[SERVER] Received aircraft: A01356 at 51.92,6.32
[SORT-DEBUG] Received sort='callsign', asc='false', ascending=false, count=18
[SORT-DEBUG] After sorting by callsign (asc=false):
  [0] ICAO=893F64 Callsign=VP177 Alt=28705 Spd=236
  [1] ICAO=58E57F Callsign=SN559 Alt=25827 Spd=177
  [2] ICAO=566A02 Callsign=SD932 Alt=11749 Spd=156
[SERVER] Received aircraft: 77DCC7 at 50.73,6.12
[SERVER] Received aircraft: 74C3B8 at 51.38,11.42
[SERVER] Received aircraft: 4BE1CE at 47.26,7.44
[SERVER] Received aircraft: 566A02 at 51.72,8.48
[SERVER] Received aircraft: 049452 at 51.39,4.21
[SERVER] Received aircraft: 08DF81 at 49.89,8.32
[SERVER] Received aircraft: C2FB51 at 48.06,7.15
[SERVER] Received aircraft: 356ED1 at 51.56,7.78
[SERVER] Received aircraft: A8269C at 49.87,8.85
[SERVER] Received aircraft: 6317DF at 48.43,4.38
[SERVER] Received aircraft: 58E57F at 48.53,11.50
[SERVER] Received aircraft: 3AB297 at 52.64,7.22
[SERVER] Received aircraft: 893F64 at 48.13,5.73
[SERVER] Received aircraft: 8683B3 at 51.73,10.90
[SERVER] Received aircraft: 95A8C5 at 50.08,9.77
[SERVER] Received aircraft: 16293A at 49.51,6.95
[SERVER] Received aircraft: A8E487 at 52.42,5.86
[SERVER] Received aircraft: A01356 at 51.93,6.32
[SORT-DEBUG] Received sort='callsign', asc='false', ascending=false, count=18
[SORT-DEBUG] After sorting by callsign (asc=false):
  [0] ICAO=893F64 Callsign=VP177 Alt=28705 Spd=236
  [1] ICAO=58E57F Callsign=SN559 Alt=25827 Spd=173
  [2] ICAO=566A02 Callsign=SD932 Alt=11749 Spd=156
[SERVER] Received aircraft: 77DCC7 at 50.73,6.12
[SERVER] Received aircraft: 74C3B8 at 51.38,11.42
[SERVER] Received aircraft: 4BE1CE at 47.25,7.44
[SERVER] Received aircraft: 566A02 at 51.72,8.48
[SERVER] Received aircraft: 049452 at 51.39,4.21
[SERVER] Received aircraft: 08DF81 at 49.89,8.32
[SERVER] Received aircraft: C2FB51 at 48.05,7.15
[SERVER] Received aircraft: 356ED1 at 51.56,7.78
[SERVER] Received aircraft: A8269C at 49.87,8.85
[SERVER] Received aircraft: 6317DF at 48.43,4.38
[SERVER] Received aircraft: 58E57F at 48.53,11.50
[SERVER] Received aircraft: 3AB297 at 52.64,7.23
[SERVER] Received aircraft: 893F64 at 48.13,5.73
[SERVER] Received aircraft: 8683B3 at 51.73,10.90
[SERVER] Received aircraft: 95A8C5 at 50.09,9.77
[SERVER] Received aircraft: 16293A at 49.51,6.96
[SERVER] Received aircraft: A8E487 at 52.42,5.86
[SERVER] Received aircraft: A01356 at 51.93,6.33
[SORT-DEBUG] Received sort='callsign', asc='false', ascending=false, count=18
[SORT-DEBUG] After sorting by callsign (asc=false):
  [0] ICAO=893F64 Callsign=VP177 Alt=28705 Spd=236
  [1] ICAO=58E57F Callsign=SN559 Alt=25740 Spd=173
  [2] ICAO=566A02 Callsign=SD932 Alt=11718 Spd=156
[SERVER] Received aircraft: 77DCC7 at 50.73,6.12
[SERVER] Received aircraft: 74C3B8 at 51.38,11.42
[SERVER] Received aircraft: 4BE1CE at 47.25,7.44
[SERVER] Received aircraft: 566A02 at 51.72,8.48
[SERVER] Received aircraft: 049452 at 51.39,4.21
[SERVER] Received aircraft: 08DF81 at 49.89,8.32
[SERVER] Received aircraft: C2FB51 at 48.05,7.15
[SERVER] Received aircraft: 356ED1 at 51.56,7.78
[SERVER] Received aircraft: A8269C at 49.87,8.85
[SERVER] Received aircraft: 6317DF at 48.42,4.38
[SERVER] Received aircraft: 58E57F at 48.53,11.50
[SERVER] Received aircraft: 3AB297 at 52.64,7.23
[SERVER] Received aircraft: 893F64 at 48.13,5.73
[SERVER] Received aircraft: 8683B3 at 51.73,10.90
[SERVER] Received aircraft: 95A8C5 at 50.09,9.77
[SERVER] Received aircraft: 16293A at 49.51,6.96
[SERVER] Received aircraft: A8E487 at 52.42,5.87
[SERVER] Received aircraft: A01356 at 51.93,6.33
[SORT-DEBUG] Received sort='callsign', asc='false', ascending=false, count=18
[SORT-DEBUG] After sorting by callsign (asc=false):
  [0] ICAO=893F64 Callsign=VP177 Alt=28705 Spd=236
  [1] ICAO=58E57F Callsign=SN559 Alt=25740 Spd=173
  [2] ICAO=566A02 Callsign=SD932 Alt=11685 Spd=156
[SERVER] Received aircraft: 77DCC7 at 50.73,6.12
[SERVER] Received aircraft: 74C3B8 at 51.38,11.42
[SERVER] Received aircraft: 4BE1CE at 47.25,7.43
[SERVER] Received aircraft: 566A02 at 51.72,8.48
[SERVER] Received aircraft: 049452 at 51.40,4.21
[SERVER] Received aircraft: 08DF81 at 49.89,8.32
[SERVER] Received aircraft: C2FB51 at 48.05,7.15
[SERVER] Received aircraft: 356ED1 at 51.56,7.78
[SERVER] Received aircraft: A8269C at 49.87,8.84
[SERVER] Received aircraft: 6317DF at 48.42,4.38
[SERVER] Received aircraft: 58E57F at 48.53,11.50
[SERVER] Received aircraft: 3AB297 at 52.64,7.23
[SERVER] Received aircraft: 893F64 at 48.13,5.73
[SERVER] Received aircraft: 8683B3 at 51.73,10.90
[SERVER] Received aircraft: 95A8C5 at 50.09,9.77
[SERVER] Received aircraft: 16293A at 49.51,6.97
[SERVER] Received aircraft: A8E487 at 52.42,5.87
[SERVER] Received aircraft: A01356 at 51.93,6.34
[SORT-DEBUG] Received sort='callsign', asc='false', ascending=false, count=18
[SORT-DEBUG] After sorting by callsign (asc=false):
  [0] ICAO=893F64 Callsign=VP177 Alt=28705 Spd=236
  [1] ICAO=58E57F Callsign=SN559 Alt=25740 Spd=173
  [2] ICAO=566A02 Callsign=SD932 Alt=11685 Spd=156
[SERVER] Received aircraft: 77DCC7 at 50.73,6.12
[SERVER] Received aircraft: 74C3B8 at 51.38,11.42
[SERVER] Received aircraft: 4BE1CE at 47.25,7.43
[SERVER] Received aircraft: 566A02 at 51.72,8.48
[SERVER] Received aircraft: 049452 at 51.40,4.21
[SERVER] Received aircraft: 08DF81 at 49.89,8.32
[SERVER] Received aircraft: C2FB51 at 48.05,7.15
[SERVER] Received aircraft: 356ED1 at 51.56,7.78
[SERVER] Received aircraft: A8269C at 49.87,8.84
[SERVER] Received aircraft: 6317DF at 48.42,4.38
[SERVER] Received aircraft: 58E57F at 48.53,11.50
[SERVER] Received aircraft: 3AB297 at 52.64,7.24
[SERVER] Received aircraft: 893F64 at 48.13,5.73
[SERVER] Received aircraft: 8683B3 at 51.72,10.90
[SERVER] Received aircraft: 95A8C5 at 50.09,9.77
[SERVER] Received aircraft: 16293A at 49.51,6.97
[SERVER] Received aircraft: A8E487 at 52.42,5.87
[SERVER] Received aircraft: A01356 at 51.93,6.34
[SORT-DEBUG] Received sort='callsign', asc='false', ascending=false, count=18
[SORT-DEBUG] After sorting by callsign (asc=false):
  [0] ICAO=893F64 Callsign=VP177 Alt=28705 Spd=236
  [1] ICAO=58E57F Callsign=SN559 Alt=25740 Spd=173
  [2] ICAO=566A02 Callsign=SD932 Alt=11685 Spd=156
[SERVER] Received aircraft: 77DCC7 at 50.73,6.13
[SERVER] Received aircraft: 74C3B8 at 51.38,11.41
[SERVER] Received aircraft: 4BE1CE at 47.25,7.43
[SERVER] Received aircraft: 566A02 at 51.72,8.48
[SERVER] Received aircraft: 049452 at 51.40,4.21
[SERVER] Received aircraft: 08DF81 at 49.89,8.32
[SERVER] Received aircraft: C2FB51 at 48.05,7.15
[SERVER] Received aircraft: 356ED1 at 51.56,7.78
[SERVER] Received aircraft: A8269C at 49.87,8.84
[SERVER] Received aircraft: 6317DF at 48.42,4.38
[SERVER] Received aircraft: 58E57F at 48.53,11.50
[SERVER] Received aircraft: 3AB297 at 52.64,7.24
[SERVER] Received aircraft: 893F64 at 48.13,5.73
[SERVER] Received aircraft: 8683B3 at 51.72,10.90
[SERVER] Received aircraft: 95A8C5 at 50.09,9.77
[SERVER] Received aircraft: 16293A at 49.51,6.97
[SERVER] Received aircraft: A8E487 at 52.42,5.87
[SERVER] Received aircraft: A01356 at 51.93,6.34
[SORT-DEBUG] Received sort='callsign', asc='false', ascending=false, count=18
[SORT-DEBUG] After sorting by callsign (asc=false):
  [0] ICAO=893F64 Callsign=VP177 Alt=28705 Spd=236
  [1] ICAO=58E57F Callsign=SN559 Alt=25740 Spd=173
  [2] ICAO=566A02 Callsign=SD932 Alt=11685 Spd=156
[SERVER] Received aircraft: 77DCC7 at 50.73,6.13
[SERVER] Received aircraft: 74C3B8 at 51.38,11.41
[SERVER] Received aircraft: 4BE1CE at 47.25,7.43
[SERVER] Received aircraft: 566A02 at 51.72,8.48
[SERVER] Received aircraft: 049452 at 51.40,4.21
[SERVER] Received aircraft: 08DF81 at 49.90,8.32
[SERVER] Received aircraft: C2FB51 at 48.04,7.15
[SERVER] Received aircraft: 356ED1 at 51.56,7.79
[SERVER] Received aircraft: A8269C at 49.87,8.83
[SERVER] Received aircraft: 6317DF at 48.42,4.38
[SERVER] Received aircraft: 58E57F at 48.53,11.50
[SERVER] Received aircraft: 3AB297 at 52.64,7.24
[SERVER] Received aircraft: 893F64 at 48.13,5.73
[SERVER] Received aircraft: 8683B3 at 51.72,10.90
[SERVER] Received aircraft: 95A8C5 at 50.09,9.77
[SERVER] Received aircraft: 16293A at 49.51,6.98
[SERVER] Received aircraft: A8E487 at 52.42,5.88
[SERVER] Received aircraft: A01356 at 51.93,6.35
[SORT-DEBUG] Received sort='callsign', asc='false', ascending=false, count=18
[SORT-DEBUG] After sorting by callsign (asc=false):
  [0] ICAO=893F64 Callsign=VP177 Alt=28705 Spd=236
  [1] ICAO=58E57F Callsign=SN559 Alt=25740 Spd=173
  [2] ICAO=566A02 Callsign=SD932 Alt=11685 Spd=156
[SERVER] Received aircraft: 77DCC7 at 50.73,6.13
[SERVER] Received aircraft: 74C3B8 at 51.38,11.41
[SERVER] Received aircraft: 4BE1CE at 47.24,7.43
[SERVER] Received aircraft: 566A02 at 51.72,8.48
[SERVER] Received aircraft: 049452 at 51.40,4.21
[SERVER] Received aircraft: 08DF81 at 49.90,8.32
[SERVER] Received aircraft: C2FB51 at 48.04,7.15
[SERVER] Received aircraft: 356ED1 at 51.56,7.79
[SERVER] Received aircraft: A8269C at 49.87,8.83
[SERVER] Received aircraft: 6317DF at 48.42,4.37
[SERVER] Received aircraft: 58E57F at 48.53,11.50
[SERVER] Received aircraft: 3AB297 at 52.64,7.24
[SERVER] Received aircraft: 893F64 at 48.13,5.73
[SERVER] Received aircraft: 8683B3 at 51.72,10.90
[SERVER] Received aircraft: 95A8C5 at 50.10,9.77
[SERVER] Received aircraft: 16293A at 49.51,6.98
[SERVER] Received aircraft: A8E487 at 52.43,5.88
[SERVER] Received aircraft: A01356 at 51.93,6.35
[SORT-DEBUG] Received sort='callsign', asc='false', ascending=false, count=18
[SORT-DEBUG] After sorting by callsign (asc=false):
  [0] ICAO=893F64 Callsign=VP177 Alt=28705 Spd=236
  [1] ICAO=58E57F Callsign=SN559 Alt=25740 Spd=173
  [2] ICAO=566A02 Callsign=SD932 Alt=11685 Spd=156
[SERVER] Received aircraft: 77DCC7 at 50.73,6.13
[SERVER] Received aircraft: 74C3B8 at 51.38,11.41
[SERVER] Received aircraft: 4BE1CE at 47.24,7.43
[SERVER] Received aircraft: 566A02 at 51.72,8.48
[SERVER] Received aircraft: 049452 at 51.40,4.21
[SERVER] Received aircraft: 08DF81 at 49.90,8.32
[SERVER] Received aircraft: C2FB51 at 48.04,7.15
[SERVER] Received aircraft: 356ED1 at 51.56,7.79
[SERVER] Received aircraft: A8269C at 49.87,8.83
[SERVER] Received aircraft: 6317DF at 48.41,4.37
[SERVER] Received aircraft: 58E57F at 48.53,11.51
[SERVER] Received aircraft: 3AB297 at 52.64,7.25
[SERVER] Received aircraft: 893F64 at 48.13,5.73
[SERVER] Received aircraft: 8683B3 at 51.72,10.90
[SERVER] Received aircraft: 95A8C5 at 50.10,9.77
[SERVER] Received aircraft: 16293A at 49.51,6.99
[SERVER] Received aircraft: A8E487 at 52.43,5.88
[SERVER] Received aircraft: A01356 at 51.93,6.35
[SORT-DEBUG] Received sort='callsign', asc='false', ascending=false, count=18
[SORT-DEBUG] After sorting by callsign (asc=false):
  [0] ICAO=893F64 Callsign=VP177 Alt=28705 Spd=238
  [1] ICAO=58E57F Callsign=SN559 Alt=25740 Spd=173
  [2] ICAO=566A02 Callsign=SD932 Alt=11685 Spd=156
[SERVER] Received aircraft: 77DCC7 at 50.73,6.13
[SERVER] Received aircraft: 74C3B8 at 51.38,11.40
[SERVER] Received aircraft: 4BE1CE at 47.24,7.43
[SERVER] Received aircraft: 566A02 at 51.71,8.48
[SERVER] Received aircraft: 049452 at 51.41,4.21
[SERVER] Received aircraft: 08DF81 at 49.90,8.32
[SERVER] Received aircraft: C2FB51 at 48.04,7.15
[SERVER] Received aircraft: 356ED1 at 51.56,7.79
[SERVER] Received aircraft: A8269C at 49.87,8.82
[SERVER] Received aircraft: 6317DF at 48.41,4.37
[SERVER] Received aircraft: 58E57F at 48.54,11.51
[SERVER] Received aircraft: 3AB297 at 52.64,7.25
[SERVER] Received aircraft: 893F64 at 48.14,5.73
[SERVER] Received aircraft: 8683B3 at 51.72,10.90
[SERVER] Received aircraft: 95A8C5 at 50.10,9.77
[SERVER] Received aircraft: 16293A at 49.51,6.99
[SERVER] Received aircraft: A8E487 at 52.43,5.88
[SERVER] Received aircraft: A01356 at 51.93,6.36
[SORT-DEBUG] Received sort='callsign', asc='false', ascending=false, count=18
[SORT-DEBUG] After sorting by callsign (asc=false):
  [0] ICAO=893F64 Callsign=VP177 Alt=28705 Spd=238
  [1] ICAO=58E57F Callsign=SN559 Alt=25740 Spd=168
  [2] ICAO=566A02 Callsign=SD932 Alt=11685 Spd=156
[SERVER] Received aircraft: 77DCC7 at 50.73,6.13
[SERVER] Received aircraft: 74C3B8 at 51.38,11.40
[SERVER] Received aircraft: 4BE1CE at 47.24,7.43
[SERVER] Received aircraft: 566A02 at 51.71,8.48
[SERVER] Received aircraft: 049452 at 51.41,4.21
[SERVER] Received aircraft: 08DF81 at 49.90,8.32
[SERVER] Received aircraft: C2FB51 at 48.04,7.15
[SERVER] Received aircraft: 356ED1 at 51.56,7.79
[SERVER] Received aircraft: A8269C at 49.87,8.82
[SERVER] Received aircraft: 6317DF at 48.41,4.37
[SERVER] Received aircraft: 58E57F at 48.54,11.51
[SERVER] Received aircraft: 3AB297 at 52.64,7.25
[SERVER] Received aircraft: 893F64 at 48.14,5.73
[SERVER] Received aircraft: 8683B3 at 51.72,10.90
[SERVER] Received aircraft: 95A8C5 at 50.10,9.77
[SERVER] Received aircraft: 16293A at 49.51,6.99
[SERVER] Received aircraft: A8E487 at 52.43,5.89
[SERVER] Received aircraft: A01356 at 51.94,6.36
[SORT-DEBUG] Received sort='callsign', asc='false', ascending=false, count=18
[SORT-DEBUG] After sorting by callsign (asc=false):
  [0] ICAO=893F64 Callsign=VP177 Alt=28705 Spd=238
  [1] ICAO=58E57F Callsign=SN559 Alt=25740 Spd=168
  [2] ICAO=566A02 Callsign=SD932 Alt=11685 Spd=156
[SERVER] Received aircraft: 77DCC7 at 50.73,6.14
[SERVER] Received aircraft: 74C3B8 at 51.38,11.40
[SERVER] Received aircraft: 4BE1CE at 47.24,7.42
[SERVER] Received aircraft: 566A02 at 51.71,8.48
[SERVER] Received aircraft: 049452 at 51.41,4.21
[SERVER] Received aircraft: 08DF81 at 49.90,8.32
[SERVER] Received aircraft: C2FB51 at 48.03,7.15
[SERVER] Received aircraft: 356ED1 at 51.56,7.79
[SERVER] Received aircraft: A8269C at 49.87,8.82
[SERVER] Received aircraft: 6317DF at 48.41,4.37
[SERVER] Received aircraft: 58E57F at 48.54,11.51
[SERVER] Received aircraft: 3AB297 at 52.64,7.25
[SERVER] Received aircraft: 893F64 at 48.14,5.73
[SERVER] Received aircraft: 8683B3 at 51.71,10.90
[SERVER] Received aircraft: 95A8C5 at 50.10,9.77
[SERVER] Received aircraft: 16293A at 49.51,7.00
[SERVER] Received aircraft: A8E487 at 52.43,5.89
[SERVER] Received aircraft: A01356 at 51.94,6.36
[SORT-DEBUG] Received sort='callsign', asc='false', ascending=false, count=18
[SORT-DEBUG] After sorting by callsign (asc=false):
  [0] ICAO=893F64 Callsign=VP177 Alt=28705 Spd=235
  [1] ICAO=58E57F Callsign=SN559 Alt=25740 Spd=168
  [2] ICAO=566A02 Callsign=SD932 Alt=11685 Spd=156
[SERVER] Received aircraft: 77DCC7 at 50.73,6.14
[SERVER] Received aircraft: 74C3B8 at 51.38,11.40
[SERVER] Received aircraft: 4BE1CE at 47.23,7.42
[SERVER] Received aircraft: 566A02 at 51.71,8.48
[SERVER] Received aircraft: 049452 at 51.41,4.21
[SERVER] Received aircraft: 08DF81 at 49.90,8.32
[SERVER] Received aircraft: C2FB51 at 48.03,7.15
[SERVER] Received aircraft: 356ED1 at 51.56,7.79
[SERVER] Received aircraft: A8269C at 49.87,8.81
[SERVER] Received aircraft: 6317DF at 48.41,4.37
[SERVER] Received aircraft: 58E57F at 48.54,11.51
[SERVER] Received aircraft: 3AB297 at 52.64,7.26
[SERVER] Received aircraft: 893F64 at 48.14,5.73
[SERVER] Received aircraft: 8683B3 at 51.71,10.89
[SERVER] Received aircraft: 95A8C5 at 50.10,9.77
[SERVER] Received aircraft: 16293A at 49.52,7.00
[SERVER] Received aircraft: A8E487 at 52.43,5.89
[SERVER] Received aircraft: A01356 at 51.94,6.37
[SORT-DEBUG] Received sort='callsign', asc='false', ascending=false, count=18
[SORT-DEBUG] After sorting by callsign (asc=false):
  [0] ICAO=893F64 Callsign=VP177 Alt=28705 Spd=235
  [1] ICAO=58E57F Callsign=SN559 Alt=25740 Spd=168
  [2] ICAO=566A02 Callsign=SD932 Alt=11685 Spd=156
[SERVER] Received aircraft: 77DCC7 at 50.73,6.14
[SERVER] Received aircraft: 74C3B8 at 51.38,11.40
[SERVER] Received aircraft: 4BE1CE at 47.23,7.42
[SERVER] Received aircraft: 566A02 at 51.71,8.48
[SERVER] Received aircraft: 049452 at 51.41,4.21
[SERVER] Received aircraft: 08DF81 at 49.91,8.32
[SERVER] Received aircraft: C2FB51 at 48.03,7.15
[SERVER] Received aircraft: 356ED1 at 51.56,7.79
[SERVER] Received aircraft: A8269C at 49.87,8.81
[SERVER] Received aircraft: 6317DF at 48.40,4.37
[SERVER] Received aircraft: 58E57F at 48.54,11.51
[SERVER] Received aircraft: 3AB297 at 52.64,7.26
[SERVER] Received aircraft: 893F64 at 48.14,5.73
[SERVER] Received aircraft: 8683B3 at 51.71,10.89
[SERVER] Received aircraft: 95A8C5 at 50.11,9.77
[SERVER] Received aircraft: 16293A at 49.52,7.01
[SERVER] Received aircraft: A8E487 at 52.43,5.89
[SERVER] Received aircraft: A01356 at 51.94,6.37
[SORT-DEBUG] Received sort='callsign', asc='false', ascending=false, count=18
[SORT-DEBUG] After sorting by callsign (asc=false):
  [0] ICAO=893F64 Callsign=VP177 Alt=28705 Spd=235
  [1] ICAO=58E57F Callsign=SN559 Alt=25740 Spd=168
  [2] ICAO=566A02 Callsign=SD932 Alt=11685 Spd=156
[SERVER] Received aircraft: 77DCC7 at 50.73,6.14
[SERVER] Received aircraft: 74C3B8 at 51.38,11.39
[SERVER] Received aircraft: 4BE1CE at 47.23,7.42
[SERVER] Received aircraft: 566A02 at 51.71,8.48
[SERVER] Received aircraft: 049452 at 51.41,4.21
[SERVER] Received aircraft: 08DF81 at 49.91,8.32
[SERVER] Received aircraft: C2FB51 at 48.03,7.15
[SERVER] Received aircraft: 356ED1 at 51.56,7.80
[SERVER] Received aircraft: A8269C at 49.87,8.81
[SERVER] Received aircraft: 6317DF at 48.40,4.37
[SERVER] Received aircraft: 58E57F at 48.54,11.51
[SERVER] Received aircraft: 3AB297 at 52.64,7.26
[SERVER] Received aircraft: 893F64 at 48.14,5.74
[SERVER] Received aircraft: 8683B3 at 51.71,10.89
[SERVER] Received aircraft: 95A8C5 at 50.11,9.77
[SERVER] Received aircraft: 16293A at 49.52,7.01
[SERVER] Received aircraft: A8E487 at 52.43,5.90
[SERVER] Received aircraft: A01356 at 51.94,6.38
[SORT-DEBUG] Received sort='callsign', asc='false', ascending=false, count=18
[SORT-DEBUG] After sorting by callsign (asc=false):
  [0] ICAO=893F64 Callsign=VP177 Alt=28705 Spd=235
  [1] ICAO=58E57F Callsign=SN559 Alt=25669 Spd=163
  [2] ICAO=566A02 Callsign=SD932 Alt=11685 Spd=156
[SERVER] Received aircraft: 77DCC7 at 50.73,6.14
[SERVER] Received aircraft: 74C3B8 at 51.38,11.39
[SERVER] Received aircraft: 4BE1CE at 47.23,7.42
[SERVER] Received aircraft: 566A02 at 51.71,8.48
[SERVER] Received aircraft: 049452 at 51.41,4.21
[SERVER] Received aircraft: 08DF81 at 49.91,8.32
[SERVER] Received aircraft: C2FB51 at 48.03,7.15
[SERVER] Received aircraft: 356ED1 at 51.57,7.80
[SERVER] Received aircraft: A8269C at 49.87,8.80
[SERVER] Received aircraft: 6317DF at 48.40,4.37
[SERVER] Received aircraft: 58E57F at 48.54,11.51
[SERVER] Received aircraft: 3AB297 at 52.64,7.26
[SERVER] Received aircraft: 893F64 at 48.14,5.74
[SERVER] Received aircraft: 8683B3 at 51.71,10.89
[SERVER] Received aircraft: 95A8C5 at 50.11,9.77
[SERVER] Received aircraft: 16293A at 49.52,7.01
[SERVER] Received aircraft: A8E487 at 52.43,5.90
[SERVER] Received aircraft: A01356 at 51.94,6.38
[SORT-DEBUG] Received sort='callsign', asc='false', ascending=false, count=18
[SORT-DEBUG] After sorting by callsign (asc=false):
  [0] ICAO=893F64 Callsign=VP177 Alt=28705 Spd=235
  [1] ICAO=58E57F Callsign=SN559 Alt=25669 Spd=163
  [2] ICAO=566A02 Callsign=SD932 Alt=11685 Spd=160
[SERVER] Received aircraft: 77DCC7 at 50.73,6.14
[SERVER] Received aircraft: 74C3B8 at 51.38,11.39
[SERVER] Received aircraft: 4BE1CE at 47.23,7.42
[SERVER] Received aircraft: 566A02 at 51.71,8.48
[SERVER] Received aircraft: 049452 at 51.42,4.21
[SERVER] Received aircraft: 08DF81 at 49.91,8.32
[SERVER] Received aircraft: C2FB51 at 48.02,7.15
[SERVER] Received aircraft: 356ED1 at 51.57,7.80
[SERVER] Received aircraft: A8269C at 49.87,8.80
[SERVER] Received aircraft: 6317DF at 48.40,4.37
[SERVER] Received aircraft: 58E57F at 48.54,11.51
[SERVER] Received aircraft: 3AB297 at 52.64,7.27
[SERVER] Received aircraft: 893F64 at 48.14,5.74
[SERVER] Received aircraft: 8683B3 at 51.71,10.89
[SERVER] Received aircraft: 95A8C5 at 50.11,9.77
[SERVER] Received aircraft: 16293A at 49.52,7.02
[SERVER] Received aircraft: A8E487 at 52.43,5.90
[SERVER] Received aircraft: A01356 at 51.94,6.38
[SORT-DEBUG] Received sort='callsign', asc='false', ascending=false, count=18
[SORT-DEBUG] After sorting by callsign (asc=false):
  [0] ICAO=893F64 Callsign=VP177 Alt=28705 Spd=235
  [1] ICAO=58E57F Callsign=SN559 Alt=25669 Spd=163
  [2] ICAO=566A02 Callsign=SD932 Alt=11685 Spd=161
[SERVER] Received aircraft: 77DCC7 at 50.73,6.15
[SERVER] Received aircraft: 74C3B8 at 51.38,11.39
[SERVER] Received aircraft: 4BE1CE at 47.22,7.42
[SERVER] Received aircraft: 566A02 at 51.71,8.48
[SERVER] Received aircraft: 049452 at 51.42,4.21
[SERVER] Received aircraft: 08DF81 at 49.91,8.32
[SERVER] Received aircraft: C2FB51 at 48.02,7.15
[SERVER] Received aircraft: 356ED1 at 51.57,7.80
[SERVER] Received aircraft: A8269C at 49.87,8.80
[SERVER] Received aircraft: 6317DF at 48.40,4.37
[SERVER] Received aircraft: 58E57F at 48.54,11.51
[SERVER] Received aircraft: 3AB297 at 52.64,7.27
[SERVER] Received aircraft: 893F64 at 48.14,5.74
[SERVER] Received aircraft: 8683B3 at 51.71,10.89
[SERVER] Received aircraft: 95A8C5 at 50.11,9.77
[SERVER] Received aircraft: 16293A at 49.52,7.02
[SERVER] Received aircraft: A8E487 at 52.44,5.91
[SERVER] Received aircraft: A01356 at 51.94,6.39
[SORT-DEBUG] Received sort='callsign', asc='false', ascending=false, count=18
[SORT-DEBUG] After sorting by callsign (asc=false):
  [0] ICAO=893F64 Callsign=VP177 Alt=28705 Spd=235
  [1] ICAO=58E57F Callsign=SN559 Alt=25669 Spd=163
  [2] ICAO=566A02 Callsign=SD932 Alt=11685 Spd=161
[SERVER] Received aircraft: 77DCC7 at 50.73,6.15
[SERVER] Received aircraft: 74C3B8 at 51.38,11.39
[SERVER] Received aircraft: 4BE1CE at 47.22,7.42
[SERVER] Received aircraft: 566A02 at 51.71,8.48
[SERVER] Received aircraft: 049452 at 51.42,4.21
[SERVER] Received aircraft: 08DF81 at 49.91,8.32
[SERVER] Received aircraft: C2FB51 at 48.02,7.15
[SERVER] Received aircraft: 356ED1 at 51.57,7.80
[SERVER] Received aircraft: A8269C at 49.87,8.79
[SERVER] Received aircraft: 6317DF at 48.40,4.37
[SERVER] Received aircraft: 58E57F at 48.54,11.51
[SERVER] Received aircraft: 3AB297 at 52.64,7.27
[SERVER] Received aircraft: 893F64 at 48.15,5.74
[SERVER] Received aircraft: 8683B3 at 51.70,10.89
[SERVER] Received aircraft: 95A8C5 at 50.11,9.77
[SERVER] Received aircraft: 16293A at 49.52,7.03
[SERVER] Received aircraft: A8E487 at 52.44,5.91
[SERVER] Received aircraft: A01356 at 51.94,6.39
[SORT-DEBUG] Received sort='callsign', asc='false', ascending=false, count=18
[SORT-DEBUG] After sorting by callsign (asc=false):
  [0] ICAO=893F64 Callsign=VP177 Alt=28705 Spd=235
  [1] ICAO=58E57F Callsign=SN559 Alt=25669 Spd=163
  [2] ICAO=566A02 Callsign=SD932 Alt=11685 Spd=161
[SERVER] Received aircraft: 77DCC7 at 50.73,6.15
[SERVER] Received aircraft: 74C3B8 at 51.38,11.38
[SERVER] Received aircraft: 4BE1CE at 47.22,7.41
[SERVER] Received aircraft: 566A02 at 51.71,8.48
[SERVER] Received aircraft: 049452 at 51.42,4.21
[SERVER] Received aircraft: 08DF81 at 49.91,8.31
[SERVER] Received aircraft: C2FB51 at 48.02,7.15
[SERVER] Received aircraft: 356ED1 at 51.57,7.80
[SERVER] Received aircraft: A8269C at 49.87,8.79
[SERVER] Received aircraft: 6317DF at 48.39,4.37
[SERVER] Received aircraft: 58E57F at 48.54,11.51
[SERVER] Received aircraft: 3AB297 at 52.64,7.27
[SERVER] Received aircraft: 893F64 at 48.15,5.74
[SERVER] Received aircraft: 8683B3 at 51.70,10.89
[SERVER] Received aircraft: 95A8C5 at 50.11,9.77
[SERVER] Received aircraft: 16293A at 49.52,7.03
[SERVER] Received aircraft: A8E487 at 52.44,5.91
[SERVER] Received aircraft: A01356 at 51.95,6.39
[SORT-DEBUG] Received sort='callsign', asc='false', ascending=false, count=18
[SORT-DEBUG] After sorting by callsign (asc=false):
  [0] ICAO=893F64 Callsign=VP177 Alt=28684 Spd=235
  [1] ICAO=58E57F Callsign=SN559 Alt=25669 Spd=163
  [2] ICAO=566A02 Callsign=SD932 Alt=11685 Spd=161
[SERVER] Received aircraft: 77DCC7 at 50.73,6.15
[SERVER] Received aircraft: 74C3B8 at 51.39,11.38
[SERVER] Received aircraft: 4BE1CE at 47.22,7.41
[SERVER] Received aircraft: 566A02 at 51.71,8.48
[SERVER] Received aircraft: 049452 at 51.42,4.21
[SERVER] Received aircraft: 08DF81 at 49.92,8.31
[SERVER] Received aircraft: C2FB51 at 48.02,7.15
[SERVER] Received aircraft: 356ED1 at 51.57,7.80
[SERVER] Received aircraft: A8269C at 49.87,8.79
[SERVER] Received aircraft: 6317DF at 48.39,4.36
[SERVER] Received aircraft: 58E57F at 48.54,11.51
[SERVER] Received aircraft: 3AB297 at 52.64,7.28
[SERVER] Received aircraft: 893F64 at 48.15,5.74
[SERVER] Received aircraft: 8683B3 at 51.70,10.89
[SERVER] Received aircraft: 95A8C5 at 50.12,9.77
[SERVER] Received aircraft: 16293A at 49.52,7.03
[SERVER] Received aircraft: A8E487 at 52.44,5.91
[SERVER] Received aircraft: A01356 at 51.95,6.40
[SORT-DEBUG] Received sort='callsign', asc='false', ascending=false, count=18
[SORT-DEBUG] After sorting by callsign (asc=false):
  [0] ICAO=893F64 Callsign=VP177 Alt=28684 Spd=235
  [1] ICAO=58E57F Callsign=SN559 Alt=25669 Spd=163
  [2] ICAO=566A02 Callsign=SD932 Alt=11741 Spd=161
[SERVER] Received aircraft: 77DCC7 at 50.73,6.15
[SERVER] Received aircraft: 74C3B8 at 51.39,11.38
[SERVER] Received aircraft: 4BE1CE at 47.22,7.41
[SERVER] Received aircraft: 566A02 at 51.71,8.48
[SERVER] Received aircraft: 049452 at 51.42,4.21
[SERVER] Received aircraft: 08DF81 at 49.92,8.31
[SERVER] Received aircraft: C2FB51 at 48.01,7.15
[SERVER] Received aircraft: 356ED1 at 51.57,7.81
[SERVER] Received aircraft: A8269C at 49.87,8.78
[SERVER] Received aircraft: 6317DF at 48.39,4.36
[SERVER] Received aircraft: 58E57F at 48.54,11.51
[SERVER] Received aircraft: 3AB297 at 52.64,7.28
[SERVER] Received aircraft: 893F64 at 48.15,5.74
[SERVER] Received aircraft: 8683B3 at 51.70,10.89
[SERVER] Received aircraft: 95A8C5 at 50.12,9.77
[SERVER] Received aircraft: 16293A at 49.52,7.04
[SERVER] Received aircraft: A8E487 at 52.44,5.92
[SERVER] Received aircraft: A01356 at 51.95,6.40
[SORT-DEBUG] Received sort='callsign', asc='false', ascending=false, count=18
[SORT-DEBUG] After sorting by callsign (asc=false):
  [0] ICAO=893F64 Callsign=VP177 Alt=28684 Spd=235
  [1] ICAO=58E57F Callsign=SN559 Alt=25669 Spd=163
  [2] ICAO=566A02 Callsign=SD932 Alt=11793 Spd=161
[SERVER] Received aircraft: 77DCC7 at 50.73,6.16
[SERVER] Received aircraft: 74C3B8 at 51.39,11.38
[SERVER] Received aircraft: 4BE1CE at 47.22,7.41
[SERVER] Received aircraft: 566A02 at 51.70,8.48
[SERVER] Received aircraft: 049452 at 51.42,4.21
[SERVER] Received aircraft: 08DF81 at 49.92,8.31
[SERVER] Received aircraft: C2FB51 at 48.01,7.15
[SERVER] Received aircraft: 356ED1 at 51.57,7.81
[SERVER] Received aircraft: A8269C at 49.87,8.78
[SERVER] Received aircraft: 6317DF at 48.39,4.36
[SERVER] Received aircraft: 58E57F at 48.54,11.51
[SERVER] Received aircraft: 3AB297 at 52.64,7.28
[SERVER] Received aircraft: 893F64 at 48.15,5.74
[SERVER] Received aircraft: 8683B3 at 51.70,10.89
[SERVER] Received aircraft: 95A8C5 at 50.12,9.77
[SERVER] Received aircraft: 16293A at 49.52,7.04
[SERVER] Received aircraft: A8E487 at 52.44,5.92
[SERVER] Received aircraft: A01356 at 51.95,6.40
[SORT-DEBUG] Received sort='callsign', asc='false', ascending=false, count=18
[SORT-DEBUG] After sorting by callsign (asc=false):
  [0] ICAO=893F64 Callsign=VP177 Alt=28684 Spd=235
  [1] ICAO=58E57F Callsign=SN559 Alt=25669 Spd=163
  [2] ICAO=566A02 Callsign=SD932 Alt=11793 Spd=161
[SERVER] Received aircraft: 77DCC7 at 50.73,6.16
[SERVER] Received aircraft: 74C3B8 at 51.39,11.37
[SERVER] Received aircraft: 4BE1CE at 47.21,7.41
[SERVER] Received aircraft: 566A02 at 51.70,8.48
[SERVER] Received aircraft: 049452 at 51.43,4.21
[SERVER] Received aircraft: 08DF81 at 49.92,8.31
[SERVER] Received aircraft: C2FB51 at 48.01,7.15
[SERVER] Received aircraft: 356ED1 at 51.57,7.81
[SERVER] Received aircraft: A8269C at 49.87,8.78
[SERVER] Received aircraft: 6317DF at 48.39,4.36
[SERVER] Received aircraft: 58E57F at 48.55,11.51
[SERVER] Received aircraft: 3AB297 at 52.64,7.28
[SERVER] Received aircraft: 893F64 at 48.15,5.74
[SERVER] Received aircraft: 8683B3 at 51.70,10.89
[SERVER] Received aircraft: 95A8C5 at 50.12,9.77
[SERVER] Received aircraft: 16293A at 49.53,7.05
[SERVER] Received aircraft: A8E487 at 52.44,5.92
[SERVER] Received aircraft: A01356 at 51.95,6.41
[SORT-DEBUG] Received sort='callsign', asc='false', ascending=false, count=18
[SORT-DEBUG] After sorting by callsign (asc=false):
  [0] ICAO=893F64 Callsign=VP177 Alt=28702 Spd=235
  [1] ICAO=58E57F Callsign=SN559 Alt=25669 Spd=159
  [2] ICAO=566A02 Callsign=SD932 Alt=11793 Spd=161
[SERVER] Received aircraft: 77DCC7 at 50.73,6.16
[SERVER] Received aircraft: 74C3B8 at 51.39,11.37
[SERVER] Received aircraft: 4BE1CE at 47.21,7.41
[SERVER] Received aircraft: 566A02 at 51.70,8.48
[SERVER] Received aircraft: 049452 at 51.43,4.21
[SERVER] Received aircraft: 08DF81 at 49.92,8.31
[SERVER] Received aircraft: C2FB51 at 48.01,7.14
[SERVER] Received aircraft: 356ED1 at 51.57,7.81
[SERVER] Received aircraft: A8269C at 49.87,8.77
[SERVER] Received aircraft: 6317DF at 48.39,4.36
[SERVER] Received aircraft: 58E57F at 48.55,11.51
[SERVER] Received aircraft: 3AB297 at 52.64,7.29
[SERVER] Received aircraft: 893F64 at 48.15,5.74
[SERVER] Received aircraft: 8683B3 at 51.70,10.89
[SERVER] Received aircraft: 95A8C5 at 50.12,9.77
[SERVER] Received aircraft: 16293A at 49.53,7.05
[SERVER] Received aircraft: A8E487 at 52.44,5.92
[SERVER] Received aircraft: A01356 at 51.95,6.41
[SORT-DEBUG] Received sort='callsign', asc='false', ascending=false, count=18
[SORT-DEBUG] After sorting by callsign (asc=false):
  [0] ICAO=893F64 Callsign=VP177 Alt=28655 Spd=235
  [1] ICAO=58E57F Callsign=SN559 Alt=25669 Spd=159
  [2] ICAO=566A02 Callsign=SD932 Alt=11793 Spd=161
[SERVER] Received aircraft: 77DCC7 at 50.73,6.16
[SERVER] Received aircraft: 74C3B8 at 51.39,11.37
[SERVER] Received aircraft: 4BE1CE at 47.21,7.41
[SERVER] Received aircraft: 566A02 at 51.70,8.48
[SERVER] Received aircraft: 049452 at 51.43,4.21
[SERVER] Received aircraft: 08DF81 at 49.92,8.31
[SERVER] Received aircraft: C2FB51 at 48.01,7.14
[SERVER] Received aircraft: 356ED1 at 51.57,7.81
[SERVER] Received aircraft: A8269C at 49.87,8.77
[SERVER] Received aircraft: 6317DF at 48.38,4.36
[SERVER] Received aircraft: 58E57F at 48.55,11.51
[SERVER] Received aircraft: 3AB297 at 52.64,7.29
[SERVER] Received aircraft: 893F64 at 48.15,5.74
[SERVER] Received aircraft: 8683B3 at 51.70,10.89
[SERVER] Received aircraft: 95A8C5 at 50.12,9.77
[SERVER] Received aircraft: 16293A at 49.53,7.05
[SERVER] Received aircraft: A8E487 at 52.44,5.93
[SERVER] Received aircraft: A01356 at 51.95,6.41
[SORT-DEBUG] Received sort='callsign', asc='false', ascending=false, count=18
[SORT-DEBUG] After sorting by callsign (asc=false):
  [0] ICAO=893F64 Callsign=VP177 Alt=28564 Spd=235
  [1] ICAO=58E57F Callsign=SN559 Alt=25669 Spd=159
  [2] ICAO=566A02 Callsign=SD932 Alt=11793 Spd=161
[SERVER] Received aircraft: 77DCC7 at 50.73,6.16
[SERVER] Received aircraft: 74C3B8 at 51.39,11.37
[SERVER] Received aircraft: 4BE1CE at 47.21,7.41
[SERVER] Received aircraft: 566A02 at 51.70,8.48
[SERVER] Received aircraft: 049452 at 51.43,4.21
[SERVER] Received aircraft: 08DF81 at 49.92,8.31
[SERVER] Received aircraft: C2FB51 at 48.00,7.14
[SERVER] Received aircraft: 356ED1 at 51.57,7.81
[SERVER] Received aircraft: A8269C at 49.87,8.77
[SERVER] Received aircraft: 6317DF at 48.38,4.36
[SERVER] Received aircraft: 58E57F at 48.55,11.51
[SERVER] Received aircraft: 3AB297 at 52.64,7.29
[SERVER] Received aircraft: 893F64 at 48.15,5.74
[SERVER] Received aircraft: 8683B3 at 51.69,10.89
[SERVER] Received aircraft: 95A8C5 at 50.13,9.77
[SERVER] Received aircraft: 16293A at 49.53,7.06
[SERVER] Received aircraft: A8E487 at 52.44,5.93
[SERVER] Received aircraft: A01356 at 51.95,6.42
[SORT-DEBUG] Received sort='callsign', asc='false', ascending=false, count=18
[SORT-DEBUG] After sorting by callsign (asc=false):
  [0] ICAO=893F64 Callsign=VP177 Alt=28564 Spd=235
  [1] ICAO=58E57F Callsign=SN559 Alt=25669 Spd=159
  [2] ICAO=566A02 Callsign=SD932 Alt=11793 Spd=161
[SERVER] Received aircraft: 77DCC7 at 50.73,6.16
[SERVER] Received aircraft: 74C3B8 at 51.39,11.37
[SERVER] Received aircraft: 4BE1CE at 47.21,7.40
[SERVER] Received aircraft: 566A02 at 51.70,8.48
[SERVER] Received aircraft: 049452 at 51.43,4.21
[SERVER] Received aircraft: 08DF81 at 49.93,8.31
[SERVER] Received aircraft: C2FB51 at 48.00,7.14
[SERVER] Received aircraft: 356ED1 at 51.57,7.81
[SERVER] Received aircraft: A8269C at 49.87,8.76
[SERVER] Received aircraft: 6317DF at 48.38,4.36
[SERVER] Received aircraft: 58E57F at 48.55,11.51
[SERVER] Received aircraft: 3AB297 at 52.64,7.30
[SERVER] Received aircraft: 893F64 at 48.15,5.74
[SERVER] Received aircraft: 8683B3 at 51.69,10.89
[SERVER] Received aircraft: 95A8C5 at 50.13,9.77
[SERVER] Received aircraft: 16293A at 49.53,7.06
[SERVER] Received aircraft: A8E487 at 52.45,5.93
[SERVER] Received aircraft: A01356 at 51.95,6.42
[SORT-DEBUG] Received sort='callsign', asc='false', ascending=false, count=18
[SORT-DEBUG] After sorting by callsign (asc=false):
  [0] ICAO=893F64 Callsign=VP177 Alt=28564 Spd=235
  [1] ICAO=58E57F Callsign=SN559 Alt=25669 Spd=159
  [2] ICAO=566A02 Callsign=SD932 Alt=11793 Spd=161
[SERVER] Received aircraft: 77DCC7 at 50.73,6.17
[SERVER] Received aircraft: 74C3B8 at 51.39,11.36
[SERVER] Received aircraft: 4BE1CE at 47.20,7.40
[SERVER] Received aircraft: 566A02 at 51.70,8.48
[SERVER] Received aircraft: 049452 at 51.43,4.21
[SERVER] Received aircraft: 08DF81 at 49.93,8.31
[SERVER] Received aircraft: C2FB51 at 48.00,7.14
[SERVER] Received aircraft: 356ED1 at 51.57,7.82
[SERVER] Received aircraft: A8269C at 49.87,8.76
[SERVER] Received aircraft: 6317DF at 48.38,4.36
[SERVER] Received aircraft: 58E57F at 48.55,11.51
[SERVER] Received aircraft: 3AB297 at 52.64,7.30
[SERVER] Received aircraft: 893F64 at 48.16,5.74
[SERVER] Received aircraft: 8683B3 at 51.69,10.89
[SERVER] Received aircraft: 95A8C5 at 50.13,9.77
[SERVER] Received aircraft: 16293A at 49.53,7.07
[SERVER] Received aircraft: A8E487 at 52.45,5.93
[SERVER] Received aircraft: A01356 at 51.95,6.43
[SORT-DEBUG] Received sort='callsign', asc='false', ascending=false, count=18
[SORT-DEBUG] After sorting by callsign (asc=false):
  [0] ICAO=893F64 Callsign=VP177 Alt=28469 Spd=235
  [1] ICAO=58E57F Callsign=SN559 Alt=25669 Spd=159
  [2] ICAO=566A02 Callsign=SD932 Alt=11793 Spd=161
[SERVER] Received aircraft: 77DCC7 at 50.73,6.17
[SERVER] Received aircraft: 74C3B8 at 51.39,11.36
[SERVER] Received aircraft: 4BE1CE at 47.20,7.40
[SERVER] Received aircraft: 566A02 at 51.70,8.48
[SERVER] Received aircraft: 049452 at 51.44,4.21
[SERVER] Received aircraft: 08DF81 at 49.93,8.31
[SERVER] Received aircraft: C2FB51 at 48.00,7.14
[SERVER] Received aircraft: 356ED1 at 51.57,7.82
[SERVER] Received aircraft: A8269C at 49.87,8.76
[SERVER] Received aircraft: 6317DF at 48.38,4.36
[SERVER] Received aircraft: 58E57F at 48.55,11.51
[SERVER] Received aircraft: 3AB297 at 52.64,7.30
[SERVER] Received aircraft: 893F64 at 48.16,5.74
[SERVER] Received aircraft: 8683B3 at 51.69,10.89
[SERVER] Received aircraft: 95A8C5 at 50.13,9.77
[SERVER] Received aircraft: 16293A at 49.53,7.07
[SERVER] Received aircraft: A8E487 at 52.45,5.94
[SERVER] Received aircraft: A01356 at 51.96,6.43
[SORT-DEBUG] Received sort='callsign', asc='false', ascending=false, count=18
[SORT-DEBUG] After sorting by callsign (asc=false):
  [0] ICAO=893F64 Callsign=VP177 Alt=28469 Spd=235
  [1] ICAO=58E57F Callsign=SN559 Alt=25755 Spd=159
  [2] ICAO=566A02 Callsign=SD932 Alt=11793 Spd=161
[SERVER] Received aircraft: 77DCC7 at 50.73,6.17
[SERVER] Received aircraft: 74C3B8 at 51.39,11.36
[SERVER] Received aircraft: 4BE1CE at 47.20,7.40
[SERVER] Received aircraft: 566A02 at 51.70,8.48
[SERVER] Received aircraft: 049452 at 51.44,4.21
[SERVER] Received aircraft: 08DF81 at 49.93,8.31
[SERVER] Received aircraft: C2FB51 at 48.00,7.14
[SERVER] Received aircraft: 356ED1 at 51.57,7.82
[SERVER] Received aircraft: A8269C at 49.87,8.75
[SERVER] Received aircraft: 6317DF at 48.37,4.36
[SERVER] Received aircraft: 58E57F at 48.55,11.51
[SERVER] Received aircraft: 3AB297 at 52.64,7.30
[SERVER] Received aircraft: 893F64 at 48.16,5.74
[SERVER] Received aircraft: 8683B3 at 51.69,10.89
[SERVER] Received aircraft: 95A8C5 at 50.13,9.77
[SERVER] Received aircraft: 16293A at 49.53,7.07
[SERVER] Received aircraft: A8E487 at 52.45,5.94
[SERVER] Received aircraft: A01356 at 51.96,6.43
[SORT-DEBUG] Received sort='callsign', asc='false', ascending=false, count=18
[SORT-DEBUG] After sorting by callsign (asc=false):
  [0] ICAO=893F64 Callsign=VP177 Alt=28469 Spd=235
  [1] ICAO=58E57F Callsign=SN559 Alt=25755 Spd=159
  [2] ICAO=566A02 Callsign=SD932 Alt=11793 Spd=161
[SERVER] Received aircraft: 77DCC7 at 50.73,6.17
[SERVER] Received aircraft: 74C3B8 at 51.39,11.36
[SERVER] Received aircraft: 4BE1CE at 47.20,7.40
[SERVER] Received aircraft: 566A02 at 51.70,8.48
[SERVER] Received aircraft: 049452 at 51.44,4.21
[SERVER] Received aircraft: 08DF81 at 49.93,8.31
[SERVER] Received aircraft: C2FB51 at 47.99,7.14
[SERVER] Received aircraft: 356ED1 at 51.57,7.82
[SERVER] Received aircraft: A8269C at 49.87,8.75
[SERVER] Received aircraft: 6317DF at 48.37,4.36
[SERVER] Received aircraft: 58E57F at 48.55,11.51
[SERVER] Received aircraft: 3AB297 at 52.64,7.31
[SERVER] Received aircraft: 893F64 at 48.16,5.74
[SERVER] Received aircraft: 8683B3 at 51.69,10.89
[SERVER] Received aircraft: 95A8C5 at 50.13,9.77
[SERVER] Received aircraft: 16293A at 49.53,7.08
[SERVER] Received aircraft: A8E487 at 52.45,5.94
[SERVER] Received aircraft: A01356 at 51.96,6.44
[SORT-DEBUG] Received sort='callsign', asc='false', ascending=false, count=18
[SORT-DEBUG] After sorting by callsign (asc=false):
  [0] ICAO=893F64 Callsign=VP177 Alt=28469 Spd=235
  [1] ICAO=58E57F Callsign=SN559 Alt=25755 Spd=159
  [2] ICAO=566A02 Callsign=SD932 Alt=11793 Spd=161
[SERVER] Received aircraft: 77DCC7 at 50.73,6.17
[SERVER] Received aircraft: 74C3B8 at 51.39,11.36
[SERVER] Received aircraft: 4BE1CE at 47.20,7.40
[SERVER] Received aircraft: 566A02 at 51.70,8.48
[SERVER] Received aircraft: 049452 at 51.44,4.21
[SERVER] Received aircraft: 08DF81 at 49.93,8.31
[SERVER] Received aircraft: C2FB51 at 47.99,7.14
[SERVER] Received aircraft: 356ED1 at 51.57,7.82
[SERVER] Received aircraft: A8269C at 49.87,8.75
[SERVER] Received aircraft: 6317DF at 48.37,4.36
[SERVER] Received aircraft: 58E57F at 48.55,11.51
[SERVER] Received aircraft: 3AB297 at 52.64,7.31
[SERVER] Received aircraft: 893F64 at 48.16,5.74
[SERVER] Received aircraft: 8683B3 at 51.69,10.89
[SERVER] Received aircraft: 95A8C5 at 50.14,9.77
[SERVER] Received aircraft: 16293A at 49.53,7.08
[SERVER] Received aircraft: A8E487 at 52.45,5.95
[SERVER] Received aircraft: A01356 at 51.96,6.44
[SORT-DEBUG] Received sort='callsign', asc='false', ascending=false, count=18
[SORT-DEBUG] After sorting by callsign (asc=false):
  [0] ICAO=893F64 Callsign=VP177 Alt=28469 Spd=235
  [1] ICAO=58E57F Callsign=SN559 Alt=25755 Spd=159
  [2] ICAO=566A02 Callsign=SD932 Alt=11793 Spd=161
[SERVER] Received aircraft: 77DCC7 at 50.73,6.17
[SERVER] Received aircraft: 74C3B8 at 51.39,11.35
[SERVER] Received aircraft: 4BE1CE at 47.19,7.40
[SERVER] Received aircraft: 566A02 at 51.70,8.48
[SERVER] Received aircraft: 049452 at 51.44,4.21
[SERVER] Received aircraft: 08DF81 at 49.93,8.31
[SERVER] Received aircraft: C2FB51 at 47.99,7.14
[SERVER] Received aircraft: 356ED1 at 51.57,7.82
[SERVER] Received aircraft: A8269C at 49.87,8.74
[SERVER] Received aircraft: 6317DF at 48.37,4.36
[SERVER] Received aircraft: 58E57F at 48.55,11.51
[SERVER] Received aircraft: 3AB297 at 52.65,7.31
[SERVER] Received aircraft: 893F64 at 48.16,5.75
[SERVER] Received aircraft: 8683B3 at 51.68,10.89
[SERVER] Received aircraft: 95A8C5 at 50.14,9.77
[SERVER] Received aircraft: 16293A at 49.54,7.08
[SERVER] Received aircraft: A8E487 at 52.45,5.95
[SERVER] Received aircraft: A01356 at 51.96,6.44
[SORT-DEBUG] Received sort='callsign', asc='false', ascending=false, count=18
[SORT-DEBUG] After sorting by callsign (asc=false):
  [0] ICAO=893F64 Callsign=VP177 Alt=28412 Spd=235
  [1] ICAO=58E57F Callsign=SN559 Alt=25755 Spd=159
  [2] ICAO=566A02 Callsign=SD932 Alt=11793 Spd=161
[SERVER] Received aircraft: 77DCC7 at 50.73,6.18
[SERVER] Received aircraft: 74C3B8 at 51.39,11.35
[SERVER] Received aircraft: 4BE1CE at 47.19,7.40
[SERVER] Received aircraft: 566A02 at 51.70,8.48
[SERVER] Received aircraft: 049452 at 51.44,4.21
[SERVER] Received aircraft: 08DF81 at 49.94,8.31
[SERVER] Received aircraft: C2FB51 at 47.99,7.14
[SERVER] Received aircraft: 356ED1 at 51.58,7.82
[SERVER] Received aircraft: A8269C at 49.87,8.74
[SERVER] Received aircraft: 6317DF at 48.37,4.35
[SERVER] Received aircraft: 58E57F at 48.55,11.51
[SERVER] Received aircraft: 3AB297 at 52.65,7.31
[SERVER] Received aircraft: 893F64 at 48.16,5.75
[SERVER] Received aircraft: 8683B3 at 51.68,10.89
[SERVER] Received aircraft: 95A8C5 at 50.14,9.76
[SERVER] Received aircraft: 16293A at 49.54,7.09
[SERVER] Received aircraft: A8E487 at 52.45,5.95
[SERVER] Received aircraft: A01356 at 51.96,6.45
[SORT-DEBUG] Received sort='callsign', asc='false', ascending=false, count=18
[SORT-DEBUG] After sorting by callsign (asc=false):
  [0] ICAO=893F64 Callsign=VP177 Alt=28412 Spd=235
  [1] ICAO=58E57F Callsign=SN559 Alt=25755 Spd=159
  [2] ICAO=566A02 Callsign=SD932 Alt=11793 Spd=161
[SERVER] Received aircraft: 77DCC7 at 50.73,6.18
[SERVER] Received aircraft: 74C3B8 at 51.39,11.35
[SERVER] Received aircraft: 4BE1CE at 47.19,7.40
[SERVER] Received aircraft: 566A02 at 51.70,8.48
[SERVER] Received aircraft: 049452 at 51.44,4.21
[SERVER] Received aircraft: 08DF81 at 49.94,8.31
[SERVER] Received aircraft: C2FB51 at 47.99,7.14
[SERVER] Received aircraft: 356ED1 at 51.58,7.82
[SERVER] Received aircraft: A8269C at 49.87,8.74
[SERVER] Received aircraft: 6317DF at 48.37,4.35
[SERVER] Received aircraft: 58E57F at 48.55,11.51
[SERVER] Received aircraft: 3AB297 at 52.65,7.32
[SERVER] Received aircraft: 893F64 at 48.16,5.75
[SERVER] Received aircraft: 8683B3 at 51.68,10.89
[SERVER] Received aircraft: 95A8C5 at 50.14,9.76
[SERVER] Received aircraft: 16293A at 49.54,7.09
[SERVER] Received aircraft: A8E487 at 52.45,5.95
[SERVER] Received aircraft: A01356 at 51.96,6.45
[SORT-DEBUG] Received sort='callsign', asc='false', ascending=false, count=18
[SORT-DEBUG] After sorting by callsign (asc=false):
  [0] ICAO=893F64 Callsign=VP177 Alt=28412 Spd=235
  [1] ICAO=58E57F Callsign=SN559 Alt=25755 Spd=163
  [2] ICAO=566A02 Callsign=SD932 Alt=11793 Spd=161
[SERVER] Received aircraft: 77DCC7 at 50.73,6.18
[SERVER] Received aircraft: 74C3B8 at 51.39,11.35
[SERVER] Received aircraft: 4BE1CE at 47.19,7.39
[SERVER] Received aircraft: 566A02 at 51.69,8.48
[SERVER] Received aircraft: 049452 at 51.45,4.21
[SERVER] Received aircraft: 08DF81 at 49.94,8.31
[SERVER] Received aircraft: C2FB51 at 47.98,7.14
[SERVER] Received aircraft: 356ED1 at 51.58,7.83
[SERVER] Received aircraft: A8269C at 49.87,8.73
[SERVER] Received aircraft: 6317DF at 48.36,4.35
[SERVER] Received aircraft: 58E57F at 48.55,11.52
[SERVER] Received aircraft: 3AB297 at 52.65,7.32
[SERVER] Received aircraft: 893F64 at 48.16,5.75
[SERVER] Received aircraft: 8683B3 at 51.68,10.89
[SERVER] Received aircraft: 95A8C5 at 50.14,9.76
[SERVER] Received aircraft: 16293A at 49.54,7.10
[SERVER] Received aircraft: A8E487 at 52.45,5.96
[SERVER] Received aircraft: A01356 at 51.96,6.45
[SORT-DEBUG] Received sort='callsign', asc='false', ascending=false, count=18
[SORT-DEBUG] After sorting by callsign (asc=false):
  [0] ICAO=893F64 Callsign=VP177 Alt=28412 Spd=235
  [1] ICAO=58E57F Callsign=SN559 Alt=25755 Spd=163
  [2] ICAO=566A02 Callsign=SD932 Alt=11793 Spd=161
[SERVER] Received aircraft: 77DCC7 at 50.73,6.18
[SERVER] Received aircraft: 74C3B8 at 51.39,11.34
[SERVER] Received aircraft: 4BE1CE at 47.19,7.39
[SERVER] Received aircraft: 566A02 at 51.69,8.48
[SERVER] Received aircraft: 049452 at 51.45,4.21
[SERVER] Received aircraft: 08DF81 at 49.94,8.31
[SERVER] Received aircraft: C2FB51 at 47.98,7.14
[SERVER] Received aircraft: 356ED1 at 51.58,7.83
[SERVER] Received aircraft: A8269C at 49.87,8.73
[SERVER] Received aircraft: 6317DF at 48.36,4.35
[SERVER] Received aircraft: 58E57F at 48.56,11.52
[SERVER] Received aircraft: 3AB297 at 52.65,7.32
[SERVER] Received aircraft: 893F64 at 48.16,5.75
[SERVER] Received aircraft: 8683B3 at 51.68,10.89
[SERVER] Received aircraft: 95A8C5 at 50.14,9.76
[SERVER] Received aircraft: 16293A at 49.54,7.10
[SERVER] Received aircraft: A8E487 at 52.45,5.96
[SERVER] Received aircraft: A01356 at 51.97,6.46
[SORT-DEBUG] Received sort='callsign', asc='false', ascending=false, count=18
[SORT-DEBUG] After sorting by callsign (asc=false):
  [0] ICAO=893F64 Callsign=VP177 Alt=28427 Spd=235
  [1] ICAO=58E57F Callsign=SN559 Alt=25693 Spd=163
  [2] ICAO=566A02 Callsign=SD932 Alt=11793 Spd=161
[SERVER] Received aircraft: 77DCC7 at 50.73,6.18
[SERVER] Received aircraft: 74C3B8 at 51.39,11.34
[SERVER] Received aircraft: 4BE1CE at 47.19,7.39
[SERVER] Received aircraft: 566A02 at 51.69,8.48
[SERVER] Received aircraft: 049452 at 51.45,4.21
[SERVER] Received aircraft: 08DF81 at 49.94,8.30
[SERVER] Received aircraft: C2FB51 at 47.98,7.14
[SERVER] Received aircraft: 356ED1 at 51.58,7.83
[SERVER] Received aircraft: A8269C at 49.87,8.73
[SERVER] Received aircraft: 6317DF at 48.36,4.35
[SERVER] Received aircraft: 58E57F at 48.56,11.52
[SERVER] Received aircraft: 3AB297 at 52.65,7.32
[SERVER] Received aircraft: 893F64 at 48.17,5.75
[SERVER] Received aircraft: 8683B3 at 51.68,10.88
[SERVER] Received aircraft: 95A8C5 at 50.14,9.76
[SERVER] Received aircraft: 16293A at 49.54,7.10
[SERVER] Received aircraft: A8E487 at 52.46,5.96
[SERVER] Received aircraft: A01356 at 51.97,6.46
[SORT-DEBUG] Received sort='callsign', asc='false', ascending=false, count=18
[SORT-DEBUG] After sorting by callsign (asc=false):
  [0] ICAO=893F64 Callsign=VP177 Alt=28427 Spd=235
  [1] ICAO=58E57F Callsign=SN559 Alt=25693 Spd=163
  [2] ICAO=566A02 Callsign=SD932 Alt=11793 Spd=163
[SERVER] Received aircraft: 77DCC7 at 50.73,6.18
[SERVER] Received aircraft: 74C3B8 at 51.39,11.34
[SERVER] Received aircraft: 4BE1CE at 47.18,7.39
[SERVER] Received aircraft: 566A02 at 51.69,8.48
[SERVER] Received aircraft: 049452 at 51.45,4.21
[SERVER] Received aircraft: 08DF81 at 49.94,8.30
[SERVER] Received aircraft: C2FB51 at 47.98,7.14
[SERVER] Received aircraft: 356ED1 at 51.58,7.83
[SERVER] Received aircraft: A8269C at 49.87,8.72
[SERVER] Received aircraft: 6317DF at 48.36,4.35
[SERVER] Received aircraft: 58E57F at 48.56,11.52
[SERVER] Received aircraft: 3AB297 at 52.65,7.33
[SERVER] Received aircraft: 893F64 at 48.17,5.75
[SERVER] Received aircraft: 8683B3 at 51.68,10.88
[SERVER] Received aircraft: 95A8C5 at 50.15,9.76
[SERVER] Received aircraft: 16293A at 49.54,7.11
[SERVER] Received aircraft: A8E487 at 52.46,5.97
[SERVER] Received aircraft: A01356 at 51.97,6.46
[SORT-DEBUG] Received sort='callsign', asc='false', ascending=false, count=18
[SORT-DEBUG] After sorting by callsign (asc=false):
  [0] ICAO=893F64 Callsign=VP177 Alt=28427 Spd=235
  [1] ICAO=58E57F Callsign=SN559 Alt=25789 Spd=163
  [2] ICAO=566A02 Callsign=SD932 Alt=11793 Spd=161
[SERVER] Received aircraft: 77DCC7 at 50.73,6.19
[SERVER] Received aircraft: 74C3B8 at 51.39,11.34
[SERVER] Received aircraft: 4BE1CE at 47.18,7.39
[SERVER] Received aircraft: 566A02 at 51.69,8.48
[SERVER] Received aircraft: 049452 at 51.45,4.21
[SERVER] Received aircraft: 08DF81 at 49.94,8.30
[SERVER] Received aircraft: C2FB51 at 47.98,7.14
[SERVER] Received aircraft: 356ED1 at 51.58,7.83
[SERVER] Received aircraft: A8269C at 49.87,8.72
[SERVER] Received aircraft: 6317DF at 48.36,4.35
[SERVER] Received aircraft: 58E57F at 48.56,11.52
[SERVER] Received aircraft: 3AB297 at 52.65,7.33
[SERVER] Received aircraft: 893F64 at 48.17,5.75
[SERVER] Received aircraft: 8683B3 at 51.67,10.88
[SERVER] Received aircraft: 95A8C5 at 50.15,9.76
[SERVER] Received aircraft: 16293A at 49.54,7.11
[SERVER] Received aircraft: A8E487 at 52.46,5.97
[SERVER] Received aircraft: A01356 at 51.97,6.47
[SORT-DEBUG] Received sort='callsign', asc='false', ascending=false, count=18
[SORT-DEBUG] After sorting by callsign (asc=false):
  [0] ICAO=893F64 Callsign=VP177 Alt=28427 Spd=235
  [1] ICAO=58E57F Callsign=SN559 Alt=25789 Spd=163
  [2] ICAO=566A02 Callsign=SD932 Alt=11793 Spd=161
[SERVER] Received aircraft: 77DCC7 at 50.73,6.19
[SERVER] Received aircraft: 74C3B8 at 51.39,11.34
[SERVER] Received aircraft: 4BE1CE at 47.18,7.39
[SERVER] Received aircraft: 566A02 at 51.69,8.48
[SERVER] Received aircraft: 049452 at 51.45,4.21
[SERVER] Received aircraft: 08DF81 at 49.95,8.30
[SERVER] Received aircraft: C2FB51 at 47.97,7.14
[SERVER] Received aircraft: 356ED1 at 51.58,7.83
[SERVER] Received aircraft: A8269C at 49.87,8.72
[SERVER] Received aircraft: 6317DF at 48.35,4.35
[SERVER] Received aircraft: 58E57F at 48.56,11.52
[SERVER] Received aircraft: 3AB297 at 52.65,7.33
[SERVER] Received aircraft: 893F64 at 48.17,5.75
[SERVER] Received aircraft: 8683B3 at 51.67,10.88
[SERVER] Received aircraft: 95A8C5 at 50.15,9.76
[SERVER] Received aircraft: 16293A at 49.54,7.12
[SERVER] Received aircraft: A8E487 at 52.46,5.97
[SERVER] Received aircraft: A01356 at 51.97,6.47
[SORT-DEBUG] Received sort='callsign', asc='false', ascending=false, count=18
[SORT-DEBUG] After sorting by callsign (asc=false):
  [0] ICAO=893F64 Callsign=VP177 Alt=28427 Spd=235
  [1] ICAO=58E57F Callsign=SN559 Alt=25789 Spd=163
  [2] ICAO=566A02 Callsign=SD932 Alt=11793 Spd=160
[SERVER] Received aircraft: 77DCC7 at 50.73,6.19
[SERVER] Received aircraft: 74C3B8 at 51.39,11.33
[SERVER] Received aircraft: 4BE1CE at 47.18,7.39
[SERVER] Received aircraft: 566A02 at 51.69,8.48
[SERVER] Received aircraft: 049452 at 51.46,4.21
[SERVER] Received aircraft: 08DF81 at 49.95,8.30
[SERVER] Received aircraft: C2FB51 at 47.97,7.14
[SERVER] Received aircraft: 356ED1 at 51.58,7.83
[SERVER] Received aircraft: A8269C at 49.87,8.71
[SERVER] Received aircraft: 6317DF at 48.35,4.35
[SERVER] Received aircraft: 58E57F at 48.56,11.52
[SERVER] Received aircraft: 3AB297 at 52.65,7.33
[SERVER] Received aircraft: 893F64 at 48.17,5.75
[SERVER] Received aircraft: 8683B3 at 51.67,10.88
[SERVER] Received aircraft: 95A8C5 at 50.15,9.76
[SERVER] Received aircraft: 16293A at 49.54,7.12
[SERVER] Received aircraft: A8E487 at 52.46,5.97
[SERVER] Received aircraft: A01356 at 51.97,6.48
[SORT-DEBUG] Received sort='callsign', asc='false', ascending=false, count=18
[SORT-DEBUG] After sorting by callsign (asc=false):
  [0] ICAO=893F64 Callsign=VP177 Alt=28427 Spd=235
  [1] ICAO=58E57F Callsign=SN559 Alt=25789 Spd=163
  [2] ICAO=566A02 Callsign=SD932 Alt=11793 Spd=160
[SERVER] Received aircraft: 77DCC7 at 50.73,6.19
[SERVER] Received aircraft: 74C3B8 at 51.40,11.33
[SERVER] Received aircraft: 4BE1CE at 47.18,7.39
[SERVER] Received aircraft: 566A02 at 51.69,8.48
[SERVER] Received aircraft: 049452 at 51.46,4.21
[SERVER] Received aircraft: 08DF81 at 49.95,8.30
[SERVER] Received aircraft: C2FB51 at 47.97,7.14
[SERVER] Received aircraft: 356ED1 at 51.58,7.84
[SERVER] Received aircraft: A8269C at 49.87,8.71
[SERVER] Received aircraft: 6317DF at 48.35,4.35
[SERVER] Received aircraft: 58E57F at 48.56,11.52
[SERVER] Received aircraft: 3AB297 at 52.65,7.34
[SERVER] Received aircraft: 893F64 at 48.17,5.75
[SERVER] Received aircraft: 8683B3 at 51.67,10.88
[SERVER] Received aircraft: 95A8C5 at 50.15,9.76
[SERVER] Received aircraft: 16293A at 49.55,7.12
[SERVER] Received aircraft: A8E487 at 52.46,5.98
[SERVER] Received aircraft: A01356 at 51.97,6.48
[SORT-DEBUG] Received sort='callsign', asc='false', ascending=false, count=18
[SORT-DEBUG] After sorting by callsign (asc=false):
  [0] ICAO=893F64 Callsign=VP177 Alt=28427 Spd=235
  [1] ICAO=58E57F Callsign=SN559 Alt=25789 Spd=163
  [2] ICAO=566A02 Callsign=SD932 Alt=11793 Spd=160
[SERVER] Received aircraft: 77DCC7 at 50.73,6.19
[SERVER] Received aircraft: 74C3B8 at 51.40,11.33
[SERVER] Received aircraft: 4BE1CE at 47.17,7.38
[SERVER] Received aircraft: 566A02 at 51.69,8.48
[SERVER] Received aircraft: 049452 at 51.46,4.20
[SERVER] Received aircraft: 08DF81 at 49.95,8.30
[SERVER] Received aircraft: C2FB51 at 47.97,7.14
[SERVER] Received aircraft: 356ED1 at 51.58,7.84
[SERVER] Received aircraft: A8269C at 49.87,8.71
[SERVER] Received aircraft: 6317DF at 48.35,4.35
[SERVER] Received aircraft: 58E57F at 48.56,11.52
[SERVER] Received aircraft: 3AB297 at 52.65,7.34
[SERVER] Received aircraft: 893F64 at 48.17,5.75
[SERVER] Received aircraft: 8683B3 at 51.67,10.88
[SERVER] Received aircraft: 95A8C5 at 50.15,9.76
[SERVER] Received aircraft: 16293A at 49.55,7.13
[SERVER] Received aircraft: A8E487 at 52.46,5.98
[SERVER] Received aircraft: A01356 at 51.97,6.48
[SORT-DEBUG] Received sort='callsign', asc='false', ascending=false, count=18
[SORT-DEBUG] After sorting by callsign (asc=false):
  [0] ICAO=893F64 Callsign=VP177 Alt=28427 Spd=235
  [1] ICAO=58E57F Callsign=SN559 Alt=25789 Spd=166
  [2] ICAO=566A02 Callsign=SD932 Alt=11816 Spd=160
[SERVER] Received aircraft: 77DCC7 at 50.73,6.20
[SERVER] Received aircraft: 74C3B8 at 51.40,11.33
[SERVER] Received aircraft: 4BE1CE at 47.17,7.38
[SERVER] Received aircraft: 566A02 at 51.69,8.48
[SERVER] Received aircraft: 049452 at 51.46,4.20
[SERVER] Received aircraft: 08DF81 at 49.95,8.30
[SERVER] Received aircraft: C2FB51 at 47.97,7.14
[SERVER] Received aircraft: 356ED1 at 51.58,7.84
[SERVER] Received aircraft: A8269C at 49.87,8.70
[SERVER] Received aircraft: 6317DF at 48.35,4.35
[SERVER] Received aircraft: 58E57F at 48.56,11.52
[SERVER] Received aircraft: 3AB297 at 52.65,7.34
[SERVER] Received aircraft: 893F64 at 48.17,5.75
[SERVER] Received aircraft: 8683B3 at 51.67,10.88
[SERVER] Received aircraft: 95A8C5 at 50.16,9.76
[SERVER] Received aircraft: 16293A at 49.55,7.13
[SERVER] Received aircraft: A8E487 at 52.46,5.98
[SERVER] Received aircraft: A01356 at 51.97,6.49
[SORT-DEBUG] Received sort='callsign', asc='false', ascending=false, count=18
[SORT-DEBUG] After sorting by callsign (asc=false):
  [0] ICAO=893F64 Callsign=VP177 Alt=28351 Spd=235
  [1] ICAO=58E57F Callsign=SN559 Alt=25789 Spd=166
  [2] ICAO=566A02 Callsign=SD932 Alt=11816 Spd=160
[SERVER] Received aircraft: 77DCC7 at 50.73,6.20
[SERVER] Received aircraft: 74C3B8 at 51.40,11.33
[SERVER] Received aircraft: 4BE1CE at 47.17,7.38
[SERVER] Received aircraft: 566A02 at 51.69,8.48
[SERVER] Received aircraft: 049452 at 51.46,4.20
[SERVER] Received aircraft: 08DF81 at 49.95,8.30
[SERVER] Received aircraft: C2FB51 at 47.96,7.14
[SERVER] Received aircraft: 356ED1 at 51.58,7.84
[SERVER] Received aircraft: A8269C at 49.87,8.70
[SERVER] Received aircraft: 6317DF at 48.35,4.35
[SERVER] Received aircraft: 58E57F at 48.56,11.52
[SERVER] Received aircraft: 3AB297 at 52.65,7.35
[SERVER] Received aircraft: 893F64 at 48.17,5.75
[SERVER] Received aircraft: 8683B3 at 51.67,10.88
[SERVER] Received aircraft: 95A8C5 at 50.16,9.76
[SERVER] Received aircraft: 16293A at 49.55,7.14
[SERVER] Received aircraft: A8E487 at 52.46,5.98
[SERVER] Received aircraft: A01356 at 51.98,6.49
[SORT-DEBUG] Received sort='callsign', asc='false', ascending=false, count=18
[SORT-DEBUG] After sorting by callsign (asc=false):
  [0] ICAO=893F64 Callsign=VP177 Alt=28351 Spd=235
  [1] ICAO=58E57F Callsign=SN559 Alt=25871 Spd=166
  [2] ICAO=566A02 Callsign=SD932 Alt=11816 Spd=160
[SERVER] Received aircraft: 77DCC7 at 50.73,6.20
[SERVER] Received aircraft: 74C3B8 at 51.40,11.32
[SERVER] Received aircraft: 4BE1CE at 47.17,7.38
[SERVER] Received aircraft: 566A02 at 51.69,8.48
[SERVER] Received aircraft: 049452 at 51.46,4.20
[SERVER] Received aircraft: 08DF81 at 49.95,8.30
[SERVER] Received aircraft: C2FB51 at 47.96,7.14
[SERVER] Received aircraft: 356ED1 at 51.58,7.84
[SERVER] Received aircraft: A8269C at 49.87,8.70
[SERVER] Received aircraft: 6317DF at 48.34,4.35
[SERVER] Received aircraft: 58E57F at 48.56,11.52
[SERVER] Received aircraft: 3AB297 at 52.65,7.35
[SERVER] Received aircraft: 893F64 at 48.18,5.75
[SERVER] Received aircraft: 8683B3 at 51.67,10.88
[SERVER] Received aircraft: 95A8C5 at 50.16,9.76
[SERVER] Received aircraft: 16293A at 49.55,7.14
[SERVER] Received aircraft: A8E487 at 52.46,5.99
[SERVER] Received aircraft: A01356 at 51.98,6.49
[SORT-DEBUG] Received sort='callsign', asc='false', ascending=false, count=18
[SORT-DEBUG] After sorting by callsign (asc=false):
  [0] ICAO=893F64 Callsign=VP177 Alt=28351 Spd=235
  [1] ICAO=58E57F Callsign=SN559 Alt=25871 Spd=166
  [2] ICAO=566A02 Callsign=SD932 Alt=11816 Spd=160
[SERVER] Received aircraft: 77DCC7 at 50.73,6.20
[SERVER] Received aircraft: 74C3B8 at 51.40,11.32
[SERVER] Received aircraft: 4BE1CE at 47.17,7.38
[SERVER] Received aircraft: 566A02 at 51.69,8.48
[SERVER] Received aircraft: 049452 at 51.46,4.20
[SERVER] Received aircraft: 08DF81 at 49.96,8.30
[SERVER] Received aircraft: C2FB51 at 47.96,7.13
[SERVER] Received aircraft: 356ED1 at 51.58,7.84
[SERVER] Received aircraft: A8269C at 49.87,8.69
[SERVER] Received aircraft: 6317DF at 48.34,4.35
[SERVER] Received aircraft: 58E57F at 48.56,11.52
[SERVER] Received aircraft: 3AB297 at 52.65,7.35
[SERVER] Received aircraft: 893F64 at 48.18,5.75
[SERVER] Received aircraft: 8683B3 at 51.66,10.88
[SERVER] Received aircraft: 95A8C5 at 50.16,9.76
[SERVER] Received aircraft: 16293A at 49.55,7.14
[SERVER] Received aircraft: A8E487 at 52.46,5.99
[SERVER] Received aircraft: A01356 at 51.98,6.50
[SORT-DEBUG] Received sort='callsign', asc='false', ascending=false, count=18
[SORT-DEBUG] After sorting by callsign (asc=false):
  [0] ICAO=893F64 Callsign=VP177 Alt=28351 Spd=235
  [1] ICAO=58E57F Callsign=SN559 Alt=25871 Spd=166
  [2] ICAO=566A02 Callsign=SD932 Alt=11816 Spd=160
[SERVER] Received aircraft: 77DCC7 at 50.73,6.20
[SERVER] Received aircraft: 74C3B8 at 51.40,11.32
[SERVER] Received aircraft: 4BE1CE at 47.16,7.38
[SERVER] Received aircraft: 566A02 at 51.68,8.48
[SERVER] Received aircraft: 049452 at 51.47,4.20
[SERVER] Received aircraft: 08DF81 at 49.96,8.30
[SERVER] Received aircraft: C2FB51 at 47.96,7.13
[SERVER] Received aircraft: 356ED1 at 51.58,7.84
[SERVER] Received aircraft: A8269C at 49.87,8.69
[SERVER] Received aircraft: 6317DF at 48.34,4.34
[SERVER] Received aircraft: 58E57F at 48.56,11.52
[SERVER] Received aircraft: 3AB297 at 52.65,7.35
[SERVER] Received aircraft: 893F64 at 48.18,5.75
[SERVER] Received aircraft: 8683B3 at 51.66,10.88
[SERVER] Received aircraft: 95A8C5 at 50.16,9.76
[SERVER] Received aircraft: 16293A at 49.55,7.15
[SERVER] Received aircraft: A8E487 at 52.47,5.99
[SERVER] Received aircraft: A01356 at 51.98,6.50
[SORT-DEBUG] Received sort='callsign', asc='false', ascending=false, count=18
[SORT-DEBUG] After sorting by callsign (asc=false):
  [0] ICAO=893F64 Callsign=VP177 Alt=28351 Spd=235
  [1] ICAO=58E57F Callsign=SN559 Alt=25871 Spd=166
  [2] ICAO=566A02 Callsign=SD932 Alt=11816 Spd=160
[SERVER] Received aircraft: 77DCC7 at 50.73,6.20
[SERVER] Received aircraft: 74C3B8 at 51.40,11.32
[SERVER] Received aircraft: 4BE1CE at 47.16,7.38
[SERVER] Received aircraft: 566A02 at 51.68,8.48
[SERVER] Received aircraft: 049452 at 51.47,4.20
[SERVER] Received aircraft: 08DF81 at 49.96,8.30
[SERVER] Received aircraft: C2FB51 at 47.96,7.13
[SERVER] Received aircraft: 356ED1 at 51.58,7.85
[SERVER] Received aircraft: A8269C at 49.87,8.69
[SERVER] Received aircraft: 6317DF at 48.34,4.34
[SERVER] Received aircraft: 58E57F at 48.56,11.52
[SERVER] Received aircraft: 3AB297 at 52.65,7.36
[SERVER] Received aircraft: 893F64 at 48.18,5.75
[SERVER] Received aircraft: 8683B3 at 51.66,10.88
[SERVER] Received aircraft: 95A8C5 at 50.16,9.76
[SERVER] Received aircraft: 16293A at 49.55,7.15
[SERVER] Received aircraft: A8E487 at 52.47,6.00
[SERVER] Received aircraft: A01356 at 51.98,6.50
[SORT-DEBUG] Received sort='callsign', asc='false', ascending=false, count=18
[SORT-DEBUG] After sorting by callsign (asc=false):
  [0] ICAO=893F64 Callsign=VP177 Alt=28394 Spd=235
  [1] ICAO=58E57F Callsign=SN559 Alt=25895 Spd=166
  [2] ICAO=566A02 Callsign=SD932 Alt=11816 Spd=160
[SERVER] Received aircraft: 77DCC7 at 50.73,6.21
[SERVER] Received aircraft: 74C3B8 at 51.40,11.32
[SERVER] Received aircraft: 4BE1CE at 47.16,7.38
[SERVER] Received aircraft: 566A02 at 51.68,8.48
[SERVER] Received aircraft: 049452 at 51.47,4.20
[SERVER] Received aircraft: 08DF81 at 49.96,8.30
[SERVER] Received aircraft: C2FB51 at 47.95,7.13
[SERVER] Received aircraft: 356ED1 at 51.58,7.85
[SERVER] Received aircraft: A8269C at 49.86,8.68
[SERVER] Received aircraft: 6317DF at 48.34,4.34
[SERVER] Received aircraft: 58E57F at 48.57,11.52
[SERVER] Received aircraft: 3AB297 at 52.65,7.36
[SERVER] Received aircraft: 893F64 at 48.18,5.75
[SERVER] Received aircraft: 8683B3 at 51.66,10.88
[SERVER] Received aircraft: 95A8C5 at 50.17,9.76
[SERVER] Received aircraft: 16293A at 49.55,7.15
[SERVER] Received aircraft: A8E487 at 52.47,6.00
[SERVER] Received aircraft: A01356 at 51.98,6.51
[SORT-DEBUG] Received sort='callsign', asc='false', ascending=false, count=18
[SORT-DEBUG] After sorting by callsign (asc=false):
  [0] ICAO=893F64 Callsign=VP177 Alt=28394 Spd=235
  [1] ICAO=58E57F Callsign=SN559 Alt=25895 Spd=166
  [2] ICAO=566A02 Callsign=SD932 Alt=11816 Spd=160
[SERVER] Received aircraft: 77DCC7 at 50.73,6.21
[SERVER] Received aircraft: 74C3B8 at 51.40,11.31
[SERVER] Received aircraft: 4BE1CE at 47.16,7.38
[SERVER] Received aircraft: 566A02 at 51.68,8.48
[SERVER] Received aircraft: 049452 at 51.47,4.20
[SERVER] Received aircraft: 08DF81 at 49.96,8.30
[SERVER] Received aircraft: C2FB51 at 47.95,7.13
[SERVER] Received aircraft: 356ED1 at 51.58,7.85
[SERVER] Received aircraft: A8269C at 49.86,8.68
[SERVER] Received aircraft: 6317DF at 48.33,4.34
[SERVER] Received aircraft: 58E57F at 48.57,11.52
[SERVER] Received aircraft: 3AB297 at 52.65,7.36
[SERVER] Received aircraft: 893F64 at 48.18,5.75
[SERVER] Received aircraft: 8683B3 at 51.66,10.88
[SERVER] Received aircraft: 95A8C5 at 50.17,9.76
[SERVER] Received aircraft: 16293A at 49.55,7.16
[SERVER] Received aircraft: A8E487 at 52.47,6.00
[SERVER] Received aircraft: A01356 at 51.98,6.51
[SORT-DEBUG] Received sort='callsign', asc='false', ascending=false, count=18
[SORT-DEBUG] After sorting by callsign (asc=false):
  [0] ICAO=893F64 Callsign=VP177 Alt=28394 Spd=235
  [1] ICAO=58E57F Callsign=SN559 Alt=25895 Spd=166
  [2] ICAO=566A02 Callsign=SD932 Alt=11816 Spd=160
[SERVER] Received aircraft: 77DCC7 at 50.73,6.21
[SERVER] Received aircraft: 74C3B8 at 51.40,11.31
[SERVER] Received aircraft: 4BE1CE at 47.16,7.38
[SERVER] Received aircraft: 566A02 at 51.68,8.48
[SERVER] Received aircraft: 049452 at 51.47,4.20
[SERVER] Received aircraft: 08DF81 at 49.96,8.30
[SERVER] Received aircraft: C2FB51 at 47.95,7.13
[SERVER] Received aircraft: 356ED1 at 51.59,7.85
[SERVER] Received aircraft: A8269C at 49.86,8.68
[SERVER] Received aircraft: 6317DF at 48.33,4.34
[SERVER] Received aircraft: 58E57F at 48.57,11.52
[SERVER] Received aircraft: 3AB297 at 52.65,7.36
[SERVER] Received aircraft: 893F64 at 48.18,5.75
[SERVER] Received aircraft: 8683B3 at 51.66,10.88
[SERVER] Received aircraft: 95A8C5 at 50.17,9.76
[SERVER] Received aircraft: 16293A at 49.56,7.16
[SERVER] Received aircraft: A8E487 at 52.47,6.01
[SERVER] Received aircraft: A01356 at 51.98,6.51
[SORT-DEBUG] Received sort='callsign', asc='false', ascending=false, count=18
[SORT-DEBUG] After sorting by callsign (asc=false):
  [0] ICAO=893F64 Callsign=VP177 Alt=28416 Spd=235
  [1] ICAO=58E57F Callsign=SN559 Alt=25895 Spd=166
  [2] ICAO=566A02 Callsign=SD932 Alt=11816 Spd=160
[SERVER] Received aircraft: 77DCC7 at 50.73,6.21
[SERVER] Received aircraft: 74C3B8 at 51.40,11.31
[SERVER] Received aircraft: 4BE1CE at 47.16,7.37
[SERVER] Received aircraft: 566A02 at 51.68,8.48
[SERVER] Received aircraft: 049452 at 51.47,4.20
[SERVER] Received aircraft: 08DF81 at 49.97,8.30
[SERVER] Received aircraft: C2FB51 at 47.95,7.13
[SERVER] Received aircraft: 356ED1 at 51.59,7.85
[SERVER] Received aircraft: A8269C at 49.86,8.67
[SERVER] Received aircraft: 6317DF at 48.33,4.34
[SERVER] Received aircraft: 58E57F at 48.57,11.52
[SERVER] Received aircraft: 3AB297 at 52.65,7.37
[SERVER] Received aircraft: 893F64 at 48.18,5.75
[SERVER] Received aircraft: 8683B3 at 51.66,10.88
[SERVER] Received aircraft: 95A8C5 at 50.17,9.76
[SERVER] Received aircraft: 16293A at 49.56,7.17
[SERVER] Received aircraft: A8E487 at 52.47,6.01
[SERVER] Received aircraft: A01356 at 51.98,6.52
[SORT-DEBUG] Received sort='callsign', asc='false', ascending=false, count=18
[SORT-DEBUG] After sorting by callsign (asc=false):
  [0] ICAO=893F64 Callsign=VP177 Alt=28416 Spd=235
  [1] ICAO=58E57F Callsign=SN559 Alt=25895 Spd=166
  [2] ICAO=566A02 Callsign=SD932 Alt=11816 Spd=160
[SERVER] Received aircraft: 77DCC7 at 50.73,6.21
[SERVER] Received aircraft: 74C3B8 at 51.40,11.31
[SERVER] Received aircraft: 4BE1CE at 47.15,7.37
[SERVER] Received aircraft: 566A02 at 51.68,8.48
[SERVER] Received aircraft: 049452 at 51.47,4.20
[SERVER] Received aircraft: 08DF81 at 49.97,8.30
[SERVER] Received aircraft: C2FB51 at 47.95,7.13
[SERVER] Received aircraft: 356ED1 at 51.59,7.85
[SERVER] Received aircraft: A8269C at 49.86,8.67
[SERVER] Received aircraft: 6317DF at 48.33,4.34
[SERVER] Received aircraft: 58E57F at 48.57,11.52
[SERVER] Received aircraft: 3AB297 at 52.65,7.37
[SERVER] Received aircraft: 893F64 at 48.18,5.76
[SERVER] Received aircraft: 8683B3 at 51.65,10.88
[SERVER] Received aircraft: 95A8C5 at 50.17,9.76
[SERVER] Received aircraft: 16293A at 49.56,7.17
[SERVER] Received aircraft: A8E487 at 52.47,6.01
[SERVER] Received aircraft: A01356 at 51.99,6.52
[SORT-DEBUG] Received sort='callsign', asc='false', ascending=false, count=18
[SORT-DEBUG] After sorting by callsign (asc=false):
  [0] ICAO=893F64 Callsign=VP177 Alt=28416 Spd=235
  [1] ICAO=58E57F Callsign=SN559 Alt=25895 Spd=166
  [2] ICAO=566A02 Callsign=SD932 Alt=11816 Spd=160
[SERVER] Received aircraft: 77DCC7 at 50.73,6.21
[SERVER] Received aircraft: 74C3B8 at 51.40,11.31
[SERVER] Received aircraft: 4BE1CE at 47.15,7.37
[SERVER] Received aircraft: 566A02 at 51.68,8.48
[SERVER] Received aircraft: 049452 at 51.48,4.20
[SERVER] Received aircraft: 08DF81 at 49.97,8.29
[SERVER] Received aircraft: C2FB51 at 47.94,7.13
[SERVER] Received aircraft: 356ED1 at 51.59,7.85
[SERVER] Received aircraft: A8269C at 49.86,8.67
[SERVER] Received aircraft: 6317DF at 48.33,4.34
[SERVER] Received aircraft: 58E57F at 48.57,11.52
[SERVER] Received aircraft: 3AB297 at 52.65,7.37
[SERVER] Received aircraft: 893F64 at 48.18,5.76
[SERVER] Received aircraft: 8683B3 at 51.65,10.88
[SERVER] Received aircraft: 95A8C5 at 50.17,9.76
[SERVER] Received aircraft: 16293A at 49.56,7.17
[SERVER] Received aircraft: A8E487 at 52.47,6.01
[SERVER] Received aircraft: A01356 at 51.99,6.53
[SORT-DEBUG] Received sort='callsign', asc='false', ascending=false, count=18
[SORT-DEBUG] After sorting by callsign (asc=false):
  [0] ICAO=893F64 Callsign=VP177 Alt=28416 Spd=235
  [1] ICAO=58E57F Callsign=SN559 Alt=25846 Spd=166
  [2] ICAO=566A02 Callsign=SD932 Alt=11816 Spd=160
[SERVER] Received aircraft: 77DCC7 at 50.73,6.22
[SERVER] Received aircraft: 74C3B8 at 51.40,11.30
[SERVER] Received aircraft: 4BE1CE at 47.15,7.37
[SERVER] Received aircraft: 566A02 at 51.68,8.48
[SERVER] Received aircraft: 049452 at 51.48,4.20
[SERVER] Received aircraft: 08DF81 at 49.97,8.29
[SERVER] Received aircraft: C2FB51 at 47.94,7.13
[SERVER] Received aircraft: 356ED1 at 51.59,7.85
[SERVER] Received aircraft: A8269C at 49.86,8.66
[SERVER] Received aircraft: 6317DF at 48.32,4.34
[SERVER] Received aircraft: 58E57F at 48.57,11.52
[SERVER] Received aircraft: 3AB297 at 52.65,7.37
[SERVER] Received aircraft: 893F64 at 48.19,5.76
[SERVER] Received aircraft: 8683B3 at 51.65,10.88
[SERVER] Received aircraft: 95A8C5 at 50.18,9.76
[SERVER] Received aircraft: 16293A at 49.56,7.18
[SERVER] Received aircraft: A8E487 at 52.47,6.02
[SERVER] Received aircraft: A01356 at 51.99,6.53
[SORT-DEBUG] Received sort='callsign', asc='false', ascending=false, count=18
[SORT-DEBUG] After sorting by callsign (asc=false):
  [0] ICAO=893F64 Callsign=VP177 Alt=28416 Spd=235
  [1] ICAO=58E57F Callsign=SN559 Alt=25846 Spd=166
  [2] ICAO=566A02 Callsign=SD932 Alt=11816 Spd=160
[SERVER] Received aircraft: 77DCC7 at 50.73,6.22
[SERVER] Received aircraft: 74C3B8 at 51.40,11.30
[SERVER] Received aircraft: 4BE1CE at 47.15,7.37
[SERVER] Received aircraft: 566A02 at 51.68,8.48
[SERVER] Received aircraft: 049452 at 51.48,4.20
[SERVER] Received aircraft: 08DF81 at 49.97,8.29
[SERVER] Received aircraft: C2FB51 at 47.94,7.13
[SERVER] Received aircraft: 356ED1 at 51.59,7.86
[SERVER] Received aircraft: A8269C at 49.86,8.66
[SERVER] Received aircraft: 6317DF at 48.32,4.34
[SERVER] Received aircraft: 58E57F at 48.57,11.52
[SERVER] Received aircraft: 3AB297 at 52.65,7.38
[SERVER] Received aircraft: 893F64 at 48.19,5.76
[SERVER] Received aircraft: 8683B3 at 51.65,10.88
[SERVER] Received aircraft: 95A8C5 at 50.18,9.76
[SERVER] Received aircraft: 16293A at 49.56,7.18
[SERVER] Received aircraft: A8E487 at 52.47,6.02
[SERVER] Received aircraft: A01356 at 51.99,6.53
[SORT-DEBUG] Received sort='callsign', asc='false', ascending=false, count=18
[SORT-DEBUG] After sorting by callsign (asc=false):
  [0] ICAO=893F64 Callsign=VP177 Alt=28416 Spd=235
  [1] ICAO=58E57F Callsign=SN559 Alt=25846 Spd=166
  [2] ICAO=566A02 Callsign=SD932 Alt=11816 Spd=160
[SERVER] Received aircraft: 77DCC7 at 50.73,6.22
[SERVER] Received aircraft: 74C3B8 at 51.40,11.30
[SERVER] Received aircraft: 4BE1CE at 47.15,7.37
[SERVER] Received aircraft: 566A02 at 51.68,8.48
[SERVER] Received aircraft: 049452 at 51.48,4.20
[SERVER] Received aircraft: 08DF81 at 49.97,8.29
[SERVER] Received aircraft: C2FB51 at 47.94,7.13
[SERVER] Received aircraft: 356ED1 at 51.59,7.86
[SERVER] Received aircraft: A8269C at 49.86,8.66
[SERVER] Received aircraft: 6317DF at 48.32,4.34
[SERVER] Received aircraft: 58E57F at 48.57,11.52
[SERVER] Received aircraft: 3AB297 at 52.65,7.38
[SERVER] Received aircraft: 893F64 at 48.19,5.76
[SERVER] Received aircraft: 8683B3 at 51.65,10.88
[SERVER] Received aircraft: 95A8C5 at 50.18,9.76
[SERVER] Received aircraft: 16293A at 49.56,7.19
[SERVER] Received aircraft: A8E487 at 52.47,6.02
[SERVER] Received aircraft: A01356 at 51.99,6.54
[SORT-DEBUG] Received sort='callsign', asc='false', ascending=false, count=18
[SORT-DEBUG] After sorting by callsign (asc=false):
  [0] ICAO=893F64 Callsign=VP177 Alt=28416 Spd=238
  [1] ICAO=58E57F Callsign=SN559 Alt=25846 Spd=166
  [2] ICAO=566A02 Callsign=SD932 Alt=11816 Spd=160
[SERVER] Received aircraft: 77DCC7 at 50.73,6.22
[SERVER] Received aircraft: 74C3B8 at 51.40,11.30
[SERVER] Received aircraft: 4BE1CE at 47.14,7.37
[SERVER] Received aircraft: 566A02 at 51.68,8.48
[SERVER] Received aircraft: 049452 at 51.48,4.20
[SERVER] Received aircraft: 08DF81 at 49.97,8.29
[SERVER] Received aircraft: C2FB51 at 47.94,7.13
[SERVER] Received aircraft: 356ED1 at 51.59,7.86
[SERVER] Received aircraft: A8269C at 49.86,8.65
[SERVER] Received aircraft: 6317DF at 48.32,4.34
[SERVER] Received aircraft: 58E57F at 48.57,11.52
[SERVER] Received aircraft: 3AB297 at 52.66,7.38
[SERVER] Received aircraft: 893F64 at 48.19,5.76
[SERVER] Received aircraft: 8683B3 at 51.65,10.88
[SERVER] Received aircraft: 95A8C5 at 50.18,9.76
[SERVER] Received aircraft: 16293A at 49.56,7.19
[SERVER] Received aircraft: A8E487 at 52.48,6.03
[SERVER] Received aircraft: A01356 at 51.99,6.54
[SORT-DEBUG] Received sort='callsign', asc='false', ascending=false, count=18
[SORT-DEBUG] After sorting by callsign (asc=false):
  [0] ICAO=893F64 Callsign=VP177 Alt=28416 Spd=238
  [1] ICAO=58E57F Callsign=SN559 Alt=25846 Spd=166
  [2] ICAO=566A02 Callsign=SD932 Alt=11828 Spd=160
[SERVER] Received aircraft: 77DCC7 at 50.73,6.22
[SERVER] Received aircraft: 74C3B8 at 51.41,11.30
[SERVER] Received aircraft: 4BE1CE at 47.14,7.37
[SERVER] Received aircraft: 566A02 at 51.68,8.48
[SERVER] Received aircraft: 049452 at 51.48,4.20
[SERVER] Received aircraft: 08DF81 at 49.98,8.29
[SERVER] Received aircraft: C2FB51 at 47.93,7.13
[SERVER] Received aircraft: 356ED1 at 51.59,7.86
[SERVER] Received aircraft: A8269C at 49.86,8.65
[SERVER] Received aircraft: 6317DF at 48.32,4.34
[SERVER] Received aircraft: 58E57F at 48.57,11.53
[SERVER] Received aircraft: 3AB297 at 52.66,7.38
[SERVER] Received aircraft: 893F64 at 48.19,5.76
[SERVER] Received aircraft: 8683B3 at 51.65,10.88
[SERVER] Received aircraft: 95A8C5 at 50.18,9.76
[SERVER] Received aircraft: 16293A at 49.56,7.19
[SERVER] Received aircraft: A8E487 at 52.48,6.03
[SERVER] Received aircraft: A01356 at 51.99,6.54
[SORT-DEBUG] Received sort='callsign', asc='false', ascending=false, count=18
[SORT-DEBUG] After sorting by callsign (asc=false):
  [0] ICAO=893F64 Callsign=VP177 Alt=28416 Spd=238
  [1] ICAO=58E57F Callsign=SN559 Alt=25846 Spd=166
  [2] ICAO=566A02 Callsign=SD932 Alt=11828 Spd=160
[SERVER] Received aircraft: 77DCC7 at 50.73,6.22
[SERVER] Received aircraft: 74C3B8 at 51.41,11.29
[SERVER] Received aircraft: 4BE1CE at 47.14,7.37
[SERVER] Received aircraft: 566A02 at 51.68,8.48
[SERVER] Received aircraft: 049452 at 51.49,4.20
[SERVER] Received aircraft: 08DF81 at 49.98,8.29
[SERVER] Received aircraft: C2FB51 at 47.93,7.13
[SERVER] Received aircraft: 356ED1 at 51.59,7.86
[SERVER] Received aircraft: A8269C at 49.86,8.65
[SERVER] Received aircraft: 6317DF at 48.32,4.34
[SERVER] Received aircraft: 58E57F at 48.57,11.53
[SERVER] Received aircraft: 3AB297 at 52.66,7.39
[SERVER] Received aircraft: 893F64 at 48.19,5.76
[SERVER] Received aircraft: 8683B3 at 51.64,10.88
[SERVER] Received aircraft: 95A8C5 at 50.18,9.76
[SERVER] Received aircraft: 16293A at 49.56,7.20
[SERVER] Received aircraft: A8E487 at 52.48,6.03
[SERVER] Received aircraft: A01356 at 51.99,6.55
[SORT-DEBUG] Received sort='callsign', asc='false', ascending=false, count=18
[SORT-DEBUG] After sorting by callsign (asc=false):
  [0] ICAO=893F64 Callsign=VP177 Alt=28416 Spd=238
  [1] ICAO=58E57F Callsign=SN559 Alt=25846 Spd=166
  [2] ICAO=566A02 Callsign=SD932 Alt=11828 Spd=160
[SERVER] Received aircraft: 77DCC7 at 50.73,6.23
[SERVER] Received aircraft: 74C3B8 at 51.41,11.29
[SERVER] Received aircraft: 4BE1CE at 47.14,7.37
[SERVER] Received aircraft: 566A02 at 51.67,8.48
[SERVER] Received aircraft: 049452 at 51.49,4.20
[SERVER] Received aircraft: 08DF81 at 49.98,8.29
[SERVER] Received aircraft: C2FB51 at 47.93,7.13
[SERVER] Received aircraft: 356ED1 at 51.59,7.86
[SERVER] Received aircraft: A8269C at 49.86,8.64
[SERVER] Received aircraft: 6317DF at 48.31,4.34
[SERVER] Received aircraft: 58E57F at 48.57,11.53
[SERVER] Received aircraft: 3AB297 at 52.66,7.39
[SERVER] Received aircraft: 893F64 at 48.19,5.76
[SERVER] Received aircraft: 8683B3 at 51.64,10.88
[SERVER] Received aircraft: 95A8C5 at 50.18,9.76
[SERVER] Received aircraft: 16293A at 49.57,7.20
[SERVER] Received aircraft: A8E487 at 52.48,6.03
[SERVER] Received aircraft: A01356 at 51.99,6.55
[SORT-DEBUG] Received sort='callsign', asc='false', ascending=false, count=18
[SORT-DEBUG] After sorting by callsign (asc=false):
  [0] ICAO=893F64 Callsign=VP177 Alt=28416 Spd=238
  [1] ICAO=58E57F Callsign=SN559 Alt=25846 Spd=166
  [2] ICAO=566A02 Callsign=SD932 Alt=11828 Spd=160
[SERVER] Received aircraft: 77DCC7 at 50.73,6.23
[SERVER] Received aircraft: 74C3B8 at 51.41,11.29
[SERVER] Received aircraft: 4BE1CE at 47.14,7.36
[SERVER] Received aircraft: 566A02 at 51.67,8.48
[SERVER] Received aircraft: 049452 at 51.49,4.20
[SERVER] Received aircraft: 08DF81 at 49.98,8.29
[SERVER] Received aircraft: C2FB51 at 47.93,7.13
[SERVER] Received aircraft: 356ED1 at 51.59,7.86
[SERVER] Received aircraft: A8269C at 49.86,8.64
[SERVER] Received aircraft: 6317DF at 48.31,4.34
[SERVER] Received aircraft: 58E57F at 48.57,11.53
[SERVER] Received aircraft: 3AB297 at 52.66,7.39
[SERVER] Received aircraft: 893F64 at 48.19,5.76
[SERVER] Received aircraft: 8683B3 at 51.64,10.88
[SERVER] Received aircraft: 95A8C5 at 50.19,9.76
[SERVER] Received aircraft: 16293A at 49.57,7.21
[SERVER] Received aircraft: A8E487 at 52.48,6.04
[SERVER] Received aircraft: A01356 at 52.00,6.55
[SORT-DEBUG] Received sort='callsign', asc='false', ascending=false, count=18
[SORT-DEBUG] After sorting by callsign (asc=false):
  [0] ICAO=893F64 Callsign=VP177 Alt=28416 Spd=238
  [1] ICAO=58E57F Callsign=SN559 Alt=25846 Spd=166
  [2] ICAO=566A02 Callsign=SD932 Alt=11828 Spd=160
[SERVER] Received aircraft: 77DCC7 at 50.73,6.23
[SERVER] Received aircraft: 74C3B8 at 51.41,11.29
[SERVER] Received aircraft: 4BE1CE at 47.13,7.36
[SERVER] Received aircraft: 566A02 at 51.67,8.48
[SERVER] Received aircraft: 049452 at 51.49,4.20
[SERVER] Received aircraft: 08DF81 at 49.98,8.29
[SERVER] Received aircraft: C2FB51 at 47.93,7.13
[SERVER] Received aircraft: 356ED1 at 51.59,7.87
[SERVER] Received aircraft: A8269C at 49.86,8.64
[SERVER] Received aircraft: 6317DF at 48.31,4.33
[SERVER] Received aircraft: 58E57F at 48.58,11.53
[SERVER] Received aircraft: 3AB297 at 52.66,7.40
[SERVER] Received aircraft: 893F64 at 48.19,5.76
[SERVER] Received aircraft: 8683B3 at 51.64,10.88
[SERVER] Received aircraft: 95A8C5 at 50.19,9.76
[SERVER] Received aircraft: 16293A at 49.57,7.21
[SERVER] Received aircraft: A8E487 at 52.48,6.04
[SERVER] Received aircraft: A01356 at 52.00,6.56
[SORT-DEBUG] Received sort='callsign', asc='false', ascending=false, count=18
[SORT-DEBUG] After sorting by callsign (asc=false):
  [0] ICAO=893F64 Callsign=VP177 Alt=28416 Spd=238
  [1] ICAO=58E57F Callsign=SN559 Alt=25846 Spd=166
  [2] ICAO=566A02 Callsign=SD932 Alt=11828 Spd=160
[SERVER] Received aircraft: 77DCC7 at 50.73,6.23
[SERVER] Received aircraft: 74C3B8 at 51.41,11.29
[SERVER] Received aircraft: 4BE1CE at 47.13,7.36
[SERVER] Received aircraft: 566A02 at 51.67,8.48
[SERVER] Received aircraft: 049452 at 51.49,4.20
[SERVER] Received aircraft: 08DF81 at 49.98,8.29
[SERVER] Received aircraft: C2FB51 at 47.92,7.13
[SERVER] Received aircraft: 356ED1 at 51.59,7.87
[SERVER] Received aircraft: A8269C at 49.86,8.63
[SERVER] Received aircraft: 6317DF at 48.31,4.33
[SERVER] Received aircraft: 58E57F at 48.58,11.53
[SERVER] Received aircraft: 3AB297 at 52.66,7.40
[SERVER] Received aircraft: 893F64 at 48.19,5.76
[SERVER] Received aircraft: 8683B3 at 51.64,10.88
[SERVER] Received aircraft: 95A8C5 at 50.19,9.76
[SERVER] Received aircraft: 16293A at 49.57,7.21
[SERVER] Received aircraft: A8E487 at 52.48,6.04
[SERVER] Received aircraft: A01356 at 52.00,6.56
[SORT-DEBUG] Received sort='callsign', asc='false', ascending=false, count=18
[SORT-DEBUG] After sorting by callsign (asc=false):
  [0] ICAO=893F64 Callsign=VP177 Alt=28416 Spd=238
  [1] ICAO=58E57F Callsign=SN559 Alt=25846 Spd=166
  [2] ICAO=566A02 Callsign=SD932 Alt=11828 Spd=160
[SERVER] Received aircraft: 77DCC7 at 50.73,6.23
[SERVER] Received aircraft: 74C3B8 at 51.41,11.28
[SERVER] Received aircraft: 4BE1CE at 47.13,7.36
[SERVER] Received aircraft: 566A02 at 51.67,8.48
[SERVER] Received aircraft: 049452 at 51.49,4.20
[SERVER] Received aircraft: 08DF81 at 49.98,8.29
[SERVER] Received aircraft: C2FB51 at 47.92,7.13
[SERVER] Received aircraft: 356ED1 at 51.59,7.87
[SERVER] Received aircraft: A8269C at 49.86,8.63
[SERVER] Received aircraft: 6317DF at 48.31,4.33
[SERVER] Received aircraft: 58E57F at 48.58,11.53
[SERVER] Received aircraft: 3AB297 at 52.66,7.40
[SERVER] Received aircraft: 893F64 at 48.20,5.76
[SERVER] Received aircraft: 8683B3 at 51.64,10.88
[SERVER] Received aircraft: 95A8C5 at 50.19,9.76
[SERVER] Received aircraft: 16293A at 49.57,7.22
[SERVER] Received aircraft: A8E487 at 52.48,6.05
[SERVER] Received aircraft: A01356 at 52.00,6.57
[SORT-DEBUG] Received sort='callsign', asc='false', ascending=false, count=18
[SORT-DEBUG] After sorting by callsign (asc=false):
  [0] ICAO=893F64 Callsign=VP177 Alt=28416 Spd=238
  [1] ICAO=58E57F Callsign=SN559 Alt=25846 Spd=166
  [2] ICAO=566A02 Callsign=SD932 Alt=11828 Spd=160
[SERVER] Received aircraft: 77DCC7 at 50.73,6.23
[SERVER] Received aircraft: 74C3B8 at 51.41,11.28
[SERVER] Received aircraft: 4BE1CE at 47.13,7.36
[SERVER] Received aircraft: 566A02 at 51.67,8.48
[SERVER] Received aircraft: 049452 at 51.49,4.20
[SERVER] Received aircraft: 08DF81 at 49.99,8.29
[SERVER] Received aircraft: C2FB51 at 47.92,7.13
[SERVER] Received aircraft: 356ED1 at 51.59,7.87
[SERVER] Received aircraft: A8269C at 49.86,8.63
[SERVER] Received aircraft: 6317DF at 48.30,4.33
[SERVER] Received aircraft: 58E57F at 48.58,11.53
[SERVER] Received aircraft: 3AB297 at 52.66,7.40
[SERVER] Received aircraft: 893F64 at 48.20,5.76
[SERVER] Received aircraft: 8683B3 at 51.64,10.87
[SERVER] Received aircraft: 95A8C5 at 50.19,9.76
[SERVER] Received aircraft: 16293A at 49.57,7.22
[SERVER] Received aircraft: A8E487 at 52.48,6.05
[SERVER] Received aircraft: A01356 at 52.00,6.57
[SORT-DEBUG] Received sort='callsign', asc='false', ascending=false, count=18
[SORT-DEBUG] After sorting by callsign (asc=false):
  [0] ICAO=893F64 Callsign=VP177 Alt=28416 Spd=238
  [1] ICAO=58E57F Callsign=SN559 Alt=25846 Spd=166
  [2] ICAO=566A02 Callsign=SD932 Alt=11828 Spd=160
[SERVER] Received aircraft: 77DCC7 at 50.73,6.24
[SERVER] Received aircraft: 74C3B8 at 51.41,11.28
[SERVER] Received aircraft: 4BE1CE at 47.13,7.36
[SERVER] Received aircraft: 566A02 at 51.67,8.48
[SERVER] Received aircraft: 049452 at 51.50,4.20
[SERVER] Received aircraft: 08DF81 at 49.99,8.29
[SERVER] Received aircraft: C2FB51 at 47.92,7.12
[SERVER] Received aircraft: 356ED1 at 51.59,7.87
[SERVER] Received aircraft: A8269C at 49.86,8.62
[SERVER] Received aircraft: 6317DF at 48.30,4.33
[SERVER] Received aircraft: 58E57F at 48.58,11.53
[SERVER] Received aircraft: 3AB297 at 52.66,7.41
[SERVER] Received aircraft: 893F64 at 48.20,5.76
[SERVER] Received aircraft: 8683B3 at 51.64,10.87
[SERVER] Received aircraft: 95A8C5 at 50.19,9.76
[SERVER] Received aircraft: 16293A at 49.57,7.23
[SERVER] Received aircraft: A8E487 at 52.48,6.05
[SERVER] Received aircraft: A01356 at 52.00,6.57
[SORT-DEBUG] Received sort='callsign', asc='false', ascending=false, count=18
[SORT-DEBUG] After sorting by callsign (asc=false):
  [0] ICAO=893F64 Callsign=VP177 Alt=28416 Spd=233
  [1] ICAO=58E57F Callsign=SN559 Alt=25846 Spd=166
  [2] ICAO=566A02 Callsign=SD932 Alt=11828 Spd=160
[SERVER] Received aircraft: 77DCC7 at 50.73,6.24
[SERVER] Received aircraft: 74C3B8 at 51.41,11.28
[SERVER] Received aircraft: 4BE1CE at 47.12,7.36
[SERVER] Received aircraft: 566A02 at 51.67,8.48
[SERVER] Received aircraft: 049452 at 51.50,4.20
[SERVER] Received aircraft: 08DF81 at 49.99,8.29
[SERVER] Received aircraft: C2FB51 at 47.92,7.12
[SERVER] Received aircraft: 356ED1 at 51.59,7.87
[SERVER] Received aircraft: A8269C at 49.86,8.62
[SERVER] Received aircraft: 6317DF at 48.30,4.33
[SERVER] Received aircraft: 58E57F at 48.58,11.53
[SERVER] Received aircraft: 3AB297 at 52.66,7.41
[SERVER] Received aircraft: 893F64 at 48.20,5.76
[SERVER] Received aircraft: 8683B3 at 51.63,10.87
[SERVER] Received aircraft: 95A8C5 at 50.20,9.76
[SERVER] Received aircraft: 16293A at 49.57,7.23
[SERVER] Received aircraft: A8E487 at 52.48,6.06
[SERVER] Received aircraft: A01356 at 52.00,6.58
[SORT-DEBUG] Received sort='callsign', asc='false', ascending=false, count=18
[SORT-DEBUG] After sorting by callsign (asc=false):
  [0] ICAO=893F64 Callsign=VP177 Alt=28416 Spd=233
  [1] ICAO=58E57F Callsign=SN559 Alt=25846 Spd=166
  [2] ICAO=566A02 Callsign=SD932 Alt=11828 Spd=160
[SERVER] Received aircraft: 77DCC7 at 50.73,6.24
[SERVER] Received aircraft: 74C3B8 at 51.41,11.28
[SERVER] Received aircraft: 4BE1CE at 47.12,7.36
[SERVER] Received aircraft: 566A02 at 51.67,8.48
[SERVER] Received aircraft: 049452 at 51.50,4.20
[SERVER] Received aircraft: 08DF81 at 49.99,8.29
[SERVER] Received aircraft: C2FB51 at 47.91,7.12
[SERVER] Received aircraft: 356ED1 at 51.59,7.87
[SERVER] Received aircraft: A8269C at 49.86,8.62
[SERVER] Received aircraft: 6317DF at 48.30,4.33
[SERVER] Received aircraft: 58E57F at 48.58,11.53
[SERVER] Received aircraft: 3AB297 at 52.66,7.41
[SERVER] Received aircraft: 893F64 at 48.20,5.76
[SERVER] Received aircraft: 8683B3 at 51.63,10.87
[SERVER] Received aircraft: 95A8C5 at 50.20,9.76
[SERVER] Received aircraft: 16293A at 49.57,7.23
[SERVER] Received aircraft: A8E487 at 52.48,6.06
[SERVER] Received aircraft: A01356 at 52.00,6.58
[SORT-DEBUG] Received sort='callsign', asc='false', ascending=false, count=18
[SORT-DEBUG] After sorting by callsign (asc=false):
  [0] ICAO=893F64 Callsign=VP177 Alt=28416 Spd=233
  [1] ICAO=58E57F Callsign=SN559 Alt=25846 Spd=170
  [2] ICAO=566A02 Callsign=SD932 Alt=11828 Spd=160
[SERVER] Received aircraft: 77DCC7 at 50.73,6.24
[SERVER] Received aircraft: 74C3B8 at 51.41,11.27
[SERVER] Received aircraft: 4BE1CE at 47.12,7.36
[SERVER] Received aircraft: 566A02 at 51.67,8.48
[SERVER] Received aircraft: 049452 at 51.50,4.20
[SERVER] Received aircraft: 08DF81 at 49.99,8.29
[SERVER] Received aircraft: C2FB51 at 47.91,7.12
[SERVER] Received aircraft: 356ED1 at 51.59,7.88
[SERVER] Received aircraft: A8269C at 49.86,8.61
[SERVER] Received aircraft: 6317DF at 48.30,4.33
[SERVER] Received aircraft: 58E57F at 48.58,11.53
[SERVER] Received aircraft: 3AB297 at 52.66,7.41
[SERVER] Received aircraft: 893F64 at 48.20,5.77
[SERVER] Received aircraft: 8683B3 at 51.63,10.87
[SERVER] Received aircraft: 95A8C5 at 50.20,9.76
[SERVER] Received aircraft: 16293A at 49.57,7.24
[SERVER] Received aircraft: A8E487 at 52.48,6.06
[SERVER] Received aircraft: A01356 at 52.00,6.58
[SORT-DEBUG] Received sort='callsign', asc='false', ascending=false, count=18
[SORT-DEBUG] After sorting by callsign (asc=false):
  [0] ICAO=893F64 Callsign=VP177 Alt=28416 Spd=233
  [1] ICAO=58E57F Callsign=SN559 Alt=25828 Spd=170
  [2] ICAO=566A02 Callsign=SD932 Alt=11828 Spd=160
[SERVER] Received aircraft: 77DCC7 at 50.73,6.24
[SERVER] Received aircraft: 74C3B8 at 51.41,11.27
[SERVER] Received aircraft: 4BE1CE at 47.12,7.36
[SERVER] Received aircraft: 566A02 at 51.67,8.48
[SERVER] Received aircraft: 049452 at 51.50,4.20
[SERVER] Received aircraft: 08DF81 at 49.99,8.29
[SERVER] Received aircraft: C2FB51 at 47.91,7.12
[SERVER] Received aircraft: 356ED1 at 51.60,7.88
[SERVER] Received aircraft: A8269C at 49.86,8.61
[SERVER] Received aircraft: 6317DF at 48.30,4.33
[SERVER] Received aircraft: 58E57F at 48.58,11.53
[SERVER] Received aircraft: 3AB297 at 52.66,7.42
[SERVER] Received aircraft: 893F64 at 48.20,5.77
[SERVER] Received aircraft: 8683B3 at 51.63,10.87
[SERVER] Received aircraft: 95A8C5 at 50.20,9.76
[SERVER] Received aircraft: 16293A at 49.58,7.24
[SERVER] Received aircraft: A8E487 at 52.48,6.07
[SERVER] Received aircraft: A01356 at 52.00,6.59
[SORT-DEBUG] Received sort='callsign', asc='false', ascending=false, count=18
[SORT-DEBUG] After sorting by callsign (asc=false):
  [0] ICAO=893F64 Callsign=VP177 Alt=28416 Spd=233
  [1] ICAO=58E57F Callsign=SN559 Alt=25828 Spd=170
  [2] ICAO=566A02 Callsign=SD932 Alt=11828 Spd=160
[SERVER] Received aircraft: 77DCC7 at 50.73,6.24
[SERVER] Received aircraft: 74C3B8 at 51.41,11.27
[SERVER] Received aircraft: 4BE1CE at 47.12,7.35
[SERVER] Received aircraft: 566A02 at 51.67,8.48
[SERVER] Received aircraft: 049452 at 51.50,4.20
[SERVER] Received aircraft: 08DF81 at 49.99,8.28
[SERVER] Received aircraft: C2FB51 at 47.91,7.12
[SERVER] Received aircraft: 356ED1 at 51.60,7.88
[SERVER] Received aircraft: A8269C at 49.86,8.61
[SERVER] Received aircraft: 6317DF at 48.29,4.33
[SERVER] Received aircraft: 58E57F at 48.58,11.53
[SERVER] Received aircraft: 3AB297 at 52.66,7.42
[SERVER] Received aircraft: 893F64 at 48.20,5.77
[SERVER] Received aircraft: 8683B3 at 51.63,10.87
[SERVER] Received aircraft: 95A8C5 at 50.20,9.76
[SERVER] Received aircraft: 16293A at 49.58,7.25
[SERVER] Received aircraft: A8E487 at 52.49,6.07
[SERVER] Received aircraft: A01356 at 52.01,6.59
[SORT-DEBUG] Received sort='callsign', asc='false', ascending=false, count=18
[SORT-DEBUG] After sorting by callsign (asc=false):
  [0] ICAO=893F64 Callsign=VP177 Alt=28416 Spd=233
  [1] ICAO=58E57F Callsign=SN559 Alt=25778 Spd=170
  [2] ICAO=566A02 Callsign=SD932 Alt=11828 Spd=160
[SERVER] Received aircraft: 77DCC7 at 50.73,6.25
[SERVER] Received aircraft: 74C3B8 at 51.41,11.27
[SERVER] Received aircraft: 4BE1CE at 47.11,7.35
[SERVER] Received aircraft: 566A02 at 51.67,8.48
[SERVER] Received aircraft: 049452 at 51.50,4.20
[SERVER] Received aircraft: 08DF81 at 50.00,8.28
[SERVER] Received aircraft: C2FB51 at 47.91,7.12
[SERVER] Received aircraft: 356ED1 at 51.60,7.88
[SERVER] Received aircraft: A8269C at 49.86,8.60
[SERVER] Received aircraft: 6317DF at 48.29,4.33
[SERVER] Received aircraft: 58E57F at 48.58,11.53
[SERVER] Received aircraft: 3AB297 at 52.66,7.42
[SERVER] Received aircraft: 893F64 at 48.20,5.77
[SERVER] Received aircraft: 8683B3 at 51.63,10.87
[SERVER] Received aircraft: 95A8C5 at 50.20,9.76
[SERVER] Received aircraft: 16293A at 49.58,7.25
[SERVER] Received aircraft: A8E487 at 52.49,6.07
[SERVER] Received aircraft: A01356 at 52.01,6.60
[SORT-DEBUG] Received sort='callsign', asc='false', ascending=false, count=18
[SORT-DEBUG] After sorting by callsign (asc=false):
  [0] ICAO=893F64 Callsign=VP177 Alt=28416 Spd=233
  [1] ICAO=58E57F Callsign=SN559 Alt=25778 Spd=166
  [2] ICAO=566A02 Callsign=SD932 Alt=11828 Spd=160
[SERVER] Received aircraft: 77DCC7 at 50.73,6.25
[SERVER] Received aircraft: 74C3B8 at 51.41,11.27
[SERVER] Received aircraft: 4BE1CE at 47.11,7.35
[SERVER] Received aircraft: 566A02 at 51.66,8.48
[SERVER] Received aircraft: 049452 at 51.51,4.20
[SERVER] Received aircraft: 08DF81 at 50.00,8.28
[SERVER] Received aircraft: C2FB51 at 47.90,7.12
[SERVER] Received aircraft: 356ED1 at 51.60,7.88
[SERVER] Received aircraft: A8269C at 49.86,8.60
[SERVER] Received aircraft: 6317DF at 48.29,4.33
[SERVER] Received aircraft: 58E57F at 48.58,11.53
[SERVER] Received aircraft: 3AB297 at 52.66,7.42
[SERVER] Received aircraft: 893F64 at 48.20,5.77
[SERVER] Received aircraft: 8683B3 at 51.63,10.87
[SERVER] Received aircraft: 95A8C5 at 50.21,9.76
[SERVER] Received aircraft: 16293A at 49.58,7.25
[SERVER] Received aircraft: A8E487 at 52.49,6.07
[SERVER] Received aircraft: A01356 at 52.01,6.60
[SORT-DEBUG] Received sort='callsign', asc='false', ascending=false, count=18
[SORT-DEBUG] After sorting by callsign (asc=false):
  [0] ICAO=893F64 Callsign=VP177 Alt=28416 Spd=233
  [1] ICAO=58E57F Callsign=SN559 Alt=25778 Spd=166
  [2] ICAO=566A02 Callsign=SD932 Alt=11737 Spd=160
[SERVER] Received aircraft: 77DCC7 at 50.73,6.25
[SERVER] Received aircraft: 74C3B8 at 51.41,11.26
[SERVER] Received aircraft: 4BE1CE at 47.11,7.35
[SERVER] Received aircraft: 566A02 at 51.66,8.48
[SERVER] Received aircraft: 049452 at 51.51,4.20
[SERVER] Received aircraft: 08DF81 at 50.00,8.28
[SERVER] Received aircraft: C2FB51 at 47.90,7.12
[SERVER] Received aircraft: 356ED1 at 51.60,7.88
[SERVER] Received aircraft: A8269C at 49.86,8.60
[SERVER] Received aircraft: 6317DF at 48.29,4.33
[SERVER] Received aircraft: 58E57F at 48.58,11.53
[SERVER] Received aircraft: 3AB297 at 52.66,7.43
[SERVER] Received aircraft: 893F64 at 48.21,5.77
[SERVER] Received aircraft: 8683B3 at 51.62,10.87
[SERVER] Received aircraft: 95A8C5 at 50.21,9.76
[SERVER] Received aircraft: 16293A at 49.58,7.26
[SERVER] Received aircraft: A8E487 at 52.49,6.08
[SERVER] Received aircraft: A01356 at 52.01,6.60
[SORT-DEBUG] Received sort='callsign', asc='false', ascending=false, count=18
[SORT-DEBUG] After sorting by callsign (asc=false):
  [0] ICAO=893F64 Callsign=VP177 Alt=28416 Spd=233
  [1] ICAO=58E57F Callsign=SN559 Alt=25778 Spd=166
  [2] ICAO=566A02 Callsign=SD932 Alt=11737 Spd=158
[SERVER] Received aircraft: 77DCC7 at 50.73,6.25
[SERVER] Received aircraft: 74C3B8 at 51.41,11.26
[SERVER] Received aircraft: 4BE1CE at 47.11,7.35
[SERVER] Received aircraft: 566A02 at 51.66,8.48
[SERVER] Received aircraft: 049452 at 51.51,4.20
[SERVER] Received aircraft: 08DF81 at 50.00,8.28
[SERVER] Received aircraft: C2FB51 at 47.90,7.12
[SERVER] Received aircraft: 356ED1 at 51.60,7.88
[SERVER] Received aircraft: A8269C at 49.86,8.59
[SERVER] Received aircraft: 6317DF at 48.29,4.32
[SERVER] Received aircraft: 58E57F at 48.58,11.53
[SERVER] Received aircraft: 3AB297 at 52.66,7.43
[SERVER] Received aircraft: 893F64 at 48.21,5.77
[SERVER] Received aircraft: 8683B3 at 51.62,10.87
[SERVER] Received aircraft: 95A8C5 at 50.21,9.76
[SERVER] Received aircraft: 16293A at 49.58,7.26
[SERVER] Received aircraft: A8E487 at 52.49,6.08
[SERVER] Received aircraft: A01356 at 52.01,6.61
[SORT-DEBUG] Received sort='callsign', asc='false', ascending=false, count=18
[SORT-DEBUG] After sorting by callsign (asc=false):
  [0] ICAO=893F64 Callsign=VP177 Alt=28416 Spd=228
  [1] ICAO=58E57F Callsign=SN559 Alt=25778 Spd=166
  [2] ICAO=566A02 Callsign=SD932 Alt=11737 Spd=158
[SERVER] Received aircraft: 77DCC7 at 50.73,6.25
[SERVER] Received aircraft: 74C3B8 at 51.42,11.26
[SERVER] Received aircraft: 4BE1CE at 47.11,7.35
[SERVER] Received aircraft: 566A02 at 51.66,8.48
[SERVER] Received aircraft: 049452 at 51.51,4.20
[SERVER] Received aircraft: 08DF81 at 50.00,8.28
[SERVER] Received aircraft: C2FB51 at 47.90,7.12
[SERVER] Received aircraft: 356ED1 at 51.60,7.89
[SERVER] Received aircraft: A8269C at 49.86,8.59
[SERVER] Received aircraft: 6317DF at 48.28,4.32
[SERVER] Received aircraft: 58E57F at 48.58,11.53
[SERVER] Received aircraft: 3AB297 at 52.66,7.43
[SERVER] Received aircraft: 893F64 at 48.21,5.77
[SERVER] Received aircraft: 8683B3 at 51.62,10.87
[SERVER] Received aircraft: 95A8C5 at 50.21,9.76
[SERVER] Received aircraft: 16293A at 49.58,7.26
[SERVER] Received aircraft: A8E487 at 52.49,6.08
[SERVER] Received aircraft: A01356 at 52.01,6.61
[SORT-DEBUG] Received sort='callsign', asc='false', ascending=false, count=18
[SORT-DEBUG] After sorting by callsign (asc=false):
  [0] ICAO=893F64 Callsign=VP177 Alt=28324 Spd=228
  [1] ICAO=58E57F Callsign=SN559 Alt=25778 Spd=166
  [2] ICAO=566A02 Callsign=SD932 Alt=11737 Spd=158
[SERVER] Received aircraft: 77DCC7 at 50.73,6.25
[SERVER] Received aircraft: 74C3B8 at 51.42,11.26
[SERVER] Received aircraft: 4BE1CE at 47.10,7.35
[SERVER] Received aircraft: 566A02 at 51.66,8.48
[SERVER] Received aircraft: 049452 at 51.51,4.20
[SERVER] Received aircraft: 08DF81 at 50.00,8.28
[SERVER] Received aircraft: C2FB51 at 47.90,7.12
[SERVER] Received aircraft: 356ED1 at 51.60,7.89
[SERVER] Received aircraft: A8269C at 49.86,8.59
[SERVER] Received aircraft: 6317DF at 48.28,4.32
[SERVER] Received aircraft: 58E57F at 48.59,11.53
[SERVER] Received aircraft: 3AB297 at 52.66,7.43
[SERVER] Received aircraft: 893F64 at 48.21,5.77
[SERVER] Received aircraft: 8683B3 at 51.62,10.87
[SERVER] Received aircraft: 95A8C5 at 50.21,9.76
[SERVER] Received aircraft: 16293A at 49.58,7.27
[SERVER] Received aircraft: A8E487 at 52.49,6.09
[SERVER] Received aircraft: A01356 at 52.01,6.61
[SORT-DEBUG] Received sort='callsign', asc='false', ascending=false, count=18
[SORT-DEBUG] After sorting by callsign (asc=false):
  [0] ICAO=893F64 Callsign=VP177 Alt=28324 Spd=228
  [1] ICAO=58E57F Callsign=SN559 Alt=25778 Spd=166
  [2] ICAO=566A02 Callsign=SD932 Alt=11737 Spd=158
[SERVER] Received aircraft: 77DCC7 at 50.73,6.26
[SERVER] Received aircraft: 74C3B8 at 51.42,11.26
[SERVER] Received aircraft: 4BE1CE at 47.10,7.35
[SERVER] Received aircraft: 566A02 at 51.66,8.48
[SERVER] Received aircraft: 049452 at 51.51,4.20
[SERVER] Received aircraft: 08DF81 at 50.00,8.28
[SERVER] Received aircraft: C2FB51 at 47.90,7.12
[SERVER] Received aircraft: 356ED1 at 51.60,7.89
[SERVER] Received aircraft: A8269C at 49.86,8.58
[SERVER] Received aircraft: 6317DF at 48.28,4.32
[SERVER] Received aircraft: 58E57F at 48.59,11.54
[SERVER] Received aircraft: 3AB297 at 52.66,7.44
[SERVER] Received aircraft: 893F64 at 48.21,5.77
[SERVER] Received aircraft: 8683B3 at 51.62,10.87
[SERVER] Received aircraft: 95A8C5 at 50.21,9.76
[SERVER] Received aircraft: 16293A at 49.59,7.27
[SERVER] Received aircraft: A8E487 at 52.49,6.09
[SERVER] Received aircraft: A01356 at 52.01,6.62
[SORT-DEBUG] Received sort='callsign', asc='false', ascending=false, count=18
[SORT-DEBUG] After sorting by callsign (asc=false):
  [0] ICAO=893F64 Callsign=VP177 Alt=28324 Spd=228
  [1] ICAO=58E57F Callsign=SN559 Alt=25778 Spd=166
  [2] ICAO=566A02 Callsign=SD932 Alt=11737 Spd=158
[SERVER] Received aircraft: 77DCC7 at 50.73,6.26
[SERVER] Received aircraft: 74C3B8 at 51.42,11.25
[SERVER] Received aircraft: 4BE1CE at 47.10,7.35
[SERVER] Received aircraft: 566A02 at 51.66,8.48
[SERVER] Received aircraft: 049452 at 51.51,4.20
[SERVER] Received aircraft: 08DF81 at 50.01,8.28
[SERVER] Received aircraft: C2FB51 at 47.89,7.12
[SERVER] Received aircraft: 356ED1 at 51.60,7.89
[SERVER] Received aircraft: A8269C at 49.86,8.58
[SERVER] Received aircraft: 6317DF at 48.28,4.32
[SERVER] Received aircraft: 58E57F at 48.59,11.54
[SERVER] Received aircraft: 3AB297 at 52.66,7.44
[SERVER] Received aircraft: 893F64 at 48.21,5.77
[SERVER] Received aircraft: 8683B3 at 51.62,10.87
[SERVER] Received aircraft: 95A8C5 at 50.22,9.76
[SERVER] Received aircraft: 16293A at 49.59,7.28
[SERVER] Received aircraft: A8E487 at 52.49,6.09
[SERVER] Received aircraft: A01356 at 52.01,6.62
[SORT-DEBUG] Received sort='callsign', asc='false', ascending=false, count=18
[SORT-DEBUG] After sorting by callsign (asc=false):
  [0] ICAO=893F64 Callsign=VP177 Alt=28267 Spd=228
  [1] ICAO=58E57F Callsign=SN559 Alt=25778 Spd=166
  [2] ICAO=566A02 Callsign=SD932 Alt=11758 Spd=158
[SERVER] Received aircraft: 77DCC7 at 50.73,6.26
[SERVER] Received aircraft: 74C3B8 at 51.42,11.25
[SERVER] Received aircraft: 4BE1CE at 47.10,7.35
[SERVER] Received aircraft: 566A02 at 51.66,8.48
[SERVER] Received aircraft: 049452 at 51.52,4.19
[SERVER] Received aircraft: 08DF81 at 50.01,8.28
[SERVER] Received aircraft: C2FB51 at 47.89,7.12
[SERVER] Received aircraft: 356ED1 at 51.60,7.89
[SERVER] Received aircraft: A8269C at 49.86,8.58
[SERVER] Received aircraft: 6317DF at 48.28,4.32
[SERVER] Received aircraft: 58E57F at 48.59,11.54
[SERVER] Received aircraft: 3AB297 at 52.66,7.44
[SERVER] Received aircraft: 893F64 at 48.21,5.77
[SERVER] Received aircraft: 8683B3 at 51.62,10.87
[SERVER] Received aircraft: 95A8C5 at 50.22,9.76
[SERVER] Received aircraft: 16293A at 49.59,7.28
[SERVER] Received aircraft: A8E487 at 52.49,6.10
[SERVER] Received aircraft: A01356 at 52.01,6.63
[SORT-DEBUG] Received sort='callsign', asc='false', ascending=false, count=18
[SORT-DEBUG] After sorting by callsign (asc=false):
  [0] ICAO=893F64 Callsign=VP177 Alt=28267 Spd=228
  [1] ICAO=58E57F Callsign=SN559 Alt=25778 Spd=166
  [2] ICAO=566A02 Callsign=SD932 Alt=11758 Spd=158
[SERVER] Received aircraft: 77DCC7 at 50.73,6.26
[SERVER] Received aircraft: 74C3B8 at 51.42,11.25
[SERVER] Received aircraft: 4BE1CE at 47.10,7.35
[SERVER] Received aircraft: 566A02 at 51.66,8.48
[SERVER] Received aircraft: 049452 at 51.52,4.19
[SERVER] Received aircraft: 08DF81 at 50.01,8.28
[SERVER] Received aircraft: C2FB51 at 47.89,7.11
[SERVER] Received aircraft: 356ED1 at 51.60,7.89
[SERVER] Received aircraft: A8269C at 49.86,8.57
[SERVER] Received aircraft: 6317DF at 48.28,4.32
[SERVER] Received aircraft: 58E57F at 48.59,11.54
[SERVER] Received aircraft: 3AB297 at 52.66,7.45
[SERVER] Received aircraft: 893F64 at 48.21,5.77
[SERVER] Received aircraft: 8683B3 at 51.62,10.87
[SERVER] Received aircraft: 95A8C5 at 50.22,9.76
[SERVER] Received aircraft: 16293A at 49.59,7.28
[SERVER] Received aircraft: A8E487 at 52.49,6.10
[SERVER] Received aircraft: A01356 at 52.01,6.63
[SORT-DEBUG] Received sort='callsign', asc='false', ascending=false, count=18
[SORT-DEBUG] After sorting by callsign (asc=false):
  [0] ICAO=893F64 Callsign=VP177 Alt=28267 Spd=228
  [1] ICAO=58E57F Callsign=SN559 Alt=25778 Spd=166
  [2] ICAO=566A02 Callsign=SD932 Alt=11758 Spd=158
[SERVER] Received aircraft: 77DCC7 at 50.73,6.26
[SERVER] Received aircraft: 74C3B8 at 51.42,11.25
[SERVER] Received aircraft: 4BE1CE at 47.09,7.34
[SERVER] Received aircraft: 566A02 at 51.66,8.48
[SERVER] Received aircraft: 049452 at 51.52,4.19
[SERVER] Received aircraft: 08DF81 at 50.01,8.28
[SERVER] Received aircraft: C2FB51 at 47.89,7.11
[SERVER] Received aircraft: 356ED1 at 51.60,7.89
[SERVER] Received aircraft: A8269C at 49.86,8.57
[SERVER] Received aircraft: 6317DF at 48.27,4.32
[SERVER] Received aircraft: 58E57F at 48.59,11.54
[SERVER] Received aircraft: 3AB297 at 52.66,7.45
[SERVER] Received aircraft: 893F64 at 48.21,5.77
[SERVER] Received aircraft: 8683B3 at 51.61,10.87
[SERVER] Received aircraft: 95A8C5 at 50.22,9.76
[SERVER] Received aircraft: 16293A at 49.59,7.29
[SERVER] Received aircraft: A8E487 at 52.49,6.10
[SERVER] Received aircraft: A01356 at 52.02,6.63
[SORT-DEBUG] Received sort='callsign', asc='false', ascending=false, count=18
[SORT-DEBUG] After sorting by callsign (asc=false):
  [0] ICAO=893F64 Callsign=VP177 Alt=28267 Spd=228
  [1] ICAO=58E57F Callsign=SN559 Alt=25778 Spd=166
  [2] ICAO=566A02 Callsign=SD932 Alt=11758 Spd=158
[SERVER] Received aircraft: 77DCC7 at 50.73,6.26
[SERVER] Received aircraft: 74C3B8 at 51.42,11.24
[SERVER] Received aircraft: 4BE1CE at 47.09,7.34
[SERVER] Received aircraft: 566A02 at 51.66,8.48
[SERVER] Received aircraft: 049452 at 51.52,4.19
[SERVER] Received aircraft: 08DF81 at 50.01,8.28
[SERVER] Received aircraft: C2FB51 at 47.89,7.11
[SERVER] Received aircraft: 356ED1 at 51.60,7.90
[SERVER] Received aircraft: A8269C at 49.86,8.56
[SERVER] Received aircraft: 6317DF at 48.27,4.32
[SERVER] Received aircraft: 58E57F at 48.59,11.54
[SERVER] Received aircraft: 3AB297 at 52.67,7.45
[SERVER] Received aircraft: 893F64 at 48.21,5.77
[SERVER] Received aircraft: 8683B3 at 51.61,10.87
[SERVER] Received aircraft: 95A8C5 at 50.22,9.76
[SERVER] Received aircraft: 16293A at 49.59,7.29
[SERVER] Received aircraft: A8E487 at 52.49,6.11
[SERVER] Received aircraft: A01356 at 52.02,6.64
[SORT-DEBUG] Received sort='callsign', asc='false', ascending=false, count=18
[SORT-DEBUG] After sorting by callsign (asc=false):
  [0] ICAO=893F64 Callsign=VP177 Alt=28267 Spd=228
  [1] ICAO=58E57F Callsign=SN559 Alt=25778 Spd=166
  [2] ICAO=566A02 Callsign=SD932 Alt=11758 Spd=158
[SERVER] Received aircraft: 77DCC7 at 50.73,6.27
[SERVER] Received aircraft: 74C3B8 at 51.42,11.24
[SERVER] Received aircraft: 4BE1CE at 47.09,7.34
[SERVER] Received aircraft: 566A02 at 51.66,8.48
[SERVER] Received aircraft: 049452 at 51.52,4.19
[SERVER] Received aircraft: 08DF81 at 50.01,8.28
[SERVER] Received aircraft: C2FB51 at 47.88,7.11
[SERVER] Received aircraft: 356ED1 at 51.60,7.90
[SERVER] Received aircraft: A8269C at 49.86,8.56
[SERVER] Received aircraft: 6317DF at 48.27,4.32
[SERVER] Received aircraft: 58E57F at 48.59,11.54
[SERVER] Received aircraft: 3AB297 at 52.67,7.45
[SERVER] Received aircraft: 893F64 at 48.22,5.77
[SERVER] Received aircraft: 8683B3 at 51.61,10.87
[SERVER] Received aircraft: 95A8C5 at 50.22,9.76
[SERVER] Received aircraft: 16293A at 49.59,7.29
[SERVER] Received aircraft: A8E487 at 52.49,6.11
[SERVER] Received aircraft: A01356 at 52.02,6.64
[SORT-DEBUG] Received sort='callsign', asc='false', ascending=false, count=18
[SORT-DEBUG] After sorting by callsign (asc=false):
  [0] ICAO=893F64 Callsign=VP177 Alt=28267 Spd=228
  [1] ICAO=58E57F Callsign=SN559 Alt=25864 Spd=166
  [2] ICAO=566A02 Callsign=SD932 Alt=11758 Spd=158
[SERVER] Received aircraft: 77DCC7 at 50.73,6.27
[SERVER] Received aircraft: 74C3B8 at 51.42,11.24
[SERVER] Received aircraft: 4BE1CE at 47.09,7.34
[SERVER] Received aircraft: 566A02 at 51.66,8.48
[SERVER] Received aircraft: 049452 at 51.52,4.19
[SERVER] Received aircraft: 08DF81 at 50.01,8.28
[SERVER] Received aircraft: C2FB51 at 47.88,7.11
[SERVER] Received aircraft: 356ED1 at 51.60,7.90
[SERVER] Received aircraft: A8269C at 49.86,8.56
[SERVER] Received aircraft: 6317DF at 48.27,4.32
[SERVER] Received aircraft: 58E57F at 48.59,11.54
[SERVER] Received aircraft: 3AB297 at 52.67,7.46
[SERVER] Received aircraft: 893F64 at 48.22,5.77
[SERVER] Received aircraft: 8683B3 at 51.61,10.87
[SERVER] Received aircraft: 95A8C5 at 50.23,9.76
[SERVER] Received aircraft: 16293A at 49.59,7.30
[SERVER] Received aircraft: A8E487 at 52.49,6.11
[SERVER] Received aircraft: A01356 at 52.02,6.64
[SORT-DEBUG] Received sort='callsign', asc='false', ascending=false, count=18
[SORT-DEBUG] After sorting by callsign (asc=false):
  [0] ICAO=893F64 Callsign=VP177 Alt=28359 Spd=228
  [1] ICAO=58E57F Callsign=SN559 Alt=25930 Spd=166
  [2] ICAO=566A02 Callsign=SD932 Alt=11758 Spd=158
[SERVER] Received aircraft: 77DCC7 at 50.73,6.27
[SERVER] Received aircraft: 74C3B8 at 51.42,11.24
[SERVER] Received aircraft: 4BE1CE at 47.09,7.34
[SERVER] Received aircraft: 566A02 at 51.66,8.48
[SERVER] Received aircraft: 049452 at 51.52,4.19
[SERVER] Received aircraft: 08DF81 at 50.02,8.27
[SERVER] Received aircraft: C2FB51 at 47.88,7.11
[SERVER] Received aircraft: 356ED1 at 51.60,7.90
[SERVER] Received aircraft: A8269C at 49.86,8.55
[SERVER] Received aircraft: 6317DF at 48.27,4.32
[SERVER] Received aircraft: 58E57F at 48.59,11.54
[SERVER] Received aircraft: 3AB297 at 52.67,7.46
[SERVER] Received aircraft: 893F64 at 48.22,5.78
[SERVER] Received aircraft: 8683B3 at 51.61,10.87
[SERVER] Received aircraft: 95A8C5 at 50.23,9.76
[SERVER] Received aircraft: 16293A at 49.60,7.30
[SERVER] Received aircraft: A8E487 at 52.49,6.12
[SERVER] Received aircraft: A01356 at 52.02,6.65
[SORT-DEBUG] Received sort='callsign', asc='false', ascending=false, count=18
[SORT-DEBUG] After sorting by callsign (asc=false):
  [0] ICAO=893F64 Callsign=VP177 Alt=28359 Spd=228
  [1] ICAO=58E57F Callsign=SN559 Alt=25930 Spd=166
  [2] ICAO=566A02 Callsign=SD932 Alt=11758 Spd=158
[SERVER] Received aircraft: 77DCC7 at 50.73,6.27
[SERVER] Received aircraft: 74C3B8 at 51.42,11.24
[SERVER] Received aircraft: 4BE1CE at 47.09,7.34
[SERVER] Received aircraft: 566A02 at 51.65,8.48
[SERVER] Received aircraft: 049452 at 51.53,4.19
[SERVER] Received aircraft: 08DF81 at 50.02,8.27
[SERVER] Received aircraft: C2FB51 at 47.88,7.11
[SERVER] Received aircraft: 356ED1 at 51.60,7.90
[SERVER] Received aircraft: A8269C at 49.86,8.55
[SERVER] Received aircraft: 6317DF at 48.26,4.31
[SERVER] Received aircraft: 58E57F at 48.59,11.54
[SERVER] Received aircraft: 3AB297 at 52.67,7.46
[SERVER] Received aircraft: 893F64 at 48.22,5.78
[SERVER] Received aircraft: 8683B3 at 51.61,10.87
[SERVER] Received aircraft: 95A8C5 at 50.23,9.76
[SERVER] Received aircraft: 16293A at 49.60,7.31
[SERVER] Received aircraft: A8E487 at 52.50,6.12
[SERVER] Received aircraft: A01356 at 52.02,6.65
[SORT-DEBUG] Received sort='callsign', asc='false', ascending=false, count=18
[SORT-DEBUG] After sorting by callsign (asc=false):
  [0] ICAO=893F64 Callsign=VP177 Alt=28359 Spd=228
  [1] ICAO=58E57F Callsign=SN559 Alt=25930 Spd=166
  [2] ICAO=566A02 Callsign=SD932 Alt=11758 Spd=158
[SERVER] Received aircraft: 77DCC7 at 50.73,6.27
[SERVER] Received aircraft: 74C3B8 at 51.42,11.23
[SERVER] Received aircraft: 4BE1CE at 47.08,7.34
[SERVER] Received aircraft: 566A02 at 51.65,8.48
[SERVER] Received aircraft: 049452 at 51.53,4.19
[SERVER] Received aircraft: 08DF81 at 50.02,8.27
[SERVER] Received aircraft: C2FB51 at 47.88,7.11
[SERVER] Received aircraft: 356ED1 at 51.60,7.90
[SERVER] Received aircraft: A8269C at 49.86,8.55
[SERVER] Received aircraft: 6317DF at 48.26,4.31
[SERVER] Received aircraft: 58E57F at 48.59,11.54
[SERVER] Received aircraft: 3AB297 at 52.67,7.46
[SERVER] Received aircraft: 893F64 at 48.22,5.78
[SERVER] Received aircraft: 8683B3 at 51.61,10.87
[SERVER] Received aircraft: 95A8C5 at 50.23,9.76
[SERVER] Received aircraft: 16293A at 49.60,7.31
[SERVER] Received aircraft: A8E487 at 52.50,6.12
[SERVER] Received aircraft: A01356 at 52.02,6.66
[SORT-DEBUG] Received sort='callsign', asc='false', ascending=false, count=18
[SORT-DEBUG] After sorting by callsign (asc=false):
  [0] ICAO=893F64 Callsign=VP177 Alt=28359 Spd=233
  [1] ICAO=58E57F Callsign=SN559 Alt=25955 Spd=166
  [2] ICAO=566A02 Callsign=SD932 Alt=11758 Spd=158
[SERVER] Received aircraft: 77DCC7 at 50.73,6.27
[SERVER] Received aircraft: 74C3B8 at 51.42,11.23
[SERVER] Received aircraft: 4BE1CE at 47.08,7.34
[SERVER] Received aircraft: 566A02 at 51.65,8.48
[SERVER] Received aircraft: 049452 at 51.53,4.19
[SERVER] Received aircraft: 08DF81 at 50.02,8.27
[SERVER] Received aircraft: C2FB51 at 47.87,7.11
[SERVER] Received aircraft: 356ED1 at 51.60,7.91
[SERVER] Received aircraft: A8269C at 49.86,8.54
[SERVER] Received aircraft: 6317DF at 48.26,4.31
[SERVER] Received aircraft: 58E57F at 48.59,11.54
[SERVER] Received aircraft: 3AB297 at 52.67,7.47
[SERVER] Received aircraft: 893F64 at 48.22,5.78
[SERVER] Received aircraft: 8683B3 at 51.61,10.87
[SERVER] Received aircraft: 95A8C5 at 50.23,9.76
[SERVER] Received aircraft: 16293A at 49.60,7.31
[SERVER] Received aircraft: A8E487 at 52.50,6.13
[SERVER] Received aircraft: A01356 at 52.02,6.66
[SORT-DEBUG] Received sort='callsign', asc='false', ascending=false, count=18
[SORT-DEBUG] After sorting by callsign (asc=false):
  [0] ICAO=893F64 Callsign=VP177 Alt=28406 Spd=233
  [1] ICAO=58E57F Callsign=SN559 Alt=25972 Spd=166
  [2] ICAO=566A02 Callsign=SD932 Alt=11758 Spd=157
[SERVER] Received aircraft: 77DCC7 at 50.73,6.28
[SERVER] Received aircraft: 74C3B8 at 51.42,11.23
[SERVER] Received aircraft: 4BE1CE at 47.08,7.34
[SERVER] Received aircraft: 566A02 at 51.65,8.48
[SERVER] Received aircraft: 049452 at 51.53,4.19
[SERVER] Received aircraft: 08DF81 at 50.02,8.27
[SERVER] Received aircraft: C2FB51 at 47.87,7.11
[SERVER] Received aircraft: 356ED1 at 51.60,7.91
[SERVER] Received aircraft: A8269C at 49.86,8.54
[SERVER] Received aircraft: 6317DF at 48.26,4.31
[SERVER] Received aircraft: 58E57F at 48.59,11.54
[SERVER] Received aircraft: 3AB297 at 52.67,7.47
[SERVER] Received aircraft: 893F64 at 48.22,5.78
[SERVER] Received aircraft: 8683B3 at 51.60,10.87
[SERVER] Received aircraft: 95A8C5 at 50.23,9.76
[SERVER] Received aircraft: 16293A at 49.60,7.32
[SERVER] Received aircraft: A8E487 at 52.50,6.13
[SERVER] Received aircraft: A01356 at 52.02,6.66
[SORT-DEBUG] Received sort='callsign', asc='false', ascending=false, count=18
[SORT-DEBUG] After sorting by callsign (asc=false):
  [0] ICAO=893F64 Callsign=VP177 Alt=28406 Spd=233
  [1] ICAO=58E57F Callsign=SN559 Alt=25941 Spd=166
  [2] ICAO=566A02 Callsign=SD932 Alt=11758 Spd=157
[SERVER] Received aircraft: 77DCC7 at 50.73,6.28
[SERVER] Received aircraft: 74C3B8 at 51.42,11.23
[SERVER] Received aircraft: 4BE1CE at 47.08,7.34
[SERVER] Received aircraft: 566A02 at 51.65,8.48
[SERVER] Received aircraft: 049452 at 51.53,4.19
[SERVER] Received aircraft: 08DF81 at 50.02,8.27
[SERVER] Received aircraft: C2FB51 at 47.87,7.11
[SERVER] Received aircraft: 356ED1 at 51.61,7.91
[SERVER] Received aircraft: A8269C at 49.86,8.54
[SERVER] Received aircraft: 6317DF at 48.26,4.31
[SERVER] Received aircraft: 58E57F at 48.60,11.54
[SERVER] Received aircraft: 3AB297 at 52.67,7.47
[SERVER] Received aircraft: 893F64 at 48.22,5.78
[SERVER] Received aircraft: 8683B3 at 51.60,10.87
[SERVER] Received aircraft: 95A8C5 at 50.23,9.76
[SERVER] Received aircraft: 16293A at 49.60,7.32
[SERVER] Received aircraft: A8E487 at 52.50,6.13
[SERVER] Received aircraft: A01356 at 52.02,6.67
[SORT-DEBUG] Received sort='callsign', asc='false', ascending=false, count=18
[SORT-DEBUG] After sorting by callsign (asc=false):
  [0] ICAO=893F64 Callsign=VP177 Alt=28406 Spd=233
  [1] ICAO=58E57F Callsign=SN559 Alt=25941 Spd=171
  [2] ICAO=566A02 Callsign=SD932 Alt=11758 Spd=157
[SERVER] Received aircraft: 77DCC7 at 50.73,6.28
[SERVER] Received aircraft: 74C3B8 at 51.42,11.23
[SERVER] Received aircraft: 4BE1CE at 47.08,7.34
[SERVER] Received aircraft: 566A02 at 51.65,8.48
[SERVER] Received aircraft: 049452 at 51.53,4.19
[SERVER] Received aircraft: 08DF81 at 50.02,8.27
[SERVER] Received aircraft: C2FB51 at 47.87,7.11
[SERVER] Received aircraft: 356ED1 at 51.61,7.91
[SERVER] Received aircraft: A8269C at 49.86,8.53
[SERVER] Received aircraft: 6317DF at 48.26,4.31
[SERVER] Received aircraft: 58E57F at 48.60,11.54
[SERVER] Received aircraft: 3AB297 at 52.67,7.47
[SERVER] Received aircraft: 893F64 at 48.22,5.78
[SERVER] Received aircraft: 8683B3 at 51.60,10.87
[SERVER] Received aircraft: 95A8C5 at 50.24,9.76
[SERVER] Received aircraft: 16293A at 49.60,7.32
[SERVER] Received aircraft: A8E487 at 52.50,6.14
[SERVER] Received aircraft: A01356 at 52.02,6.67
[SORT-DEBUG] Received sort='callsign', asc='false', ascending=false, count=18
[SORT-DEBUG] After sorting by callsign (asc=false):
  [0] ICAO=893F64 Callsign=VP177 Alt=28406 Spd=233
  [1] ICAO=58E57F Callsign=SN559 Alt=25941 Spd=171
  [2] ICAO=566A02 Callsign=SD932 Alt=11758 Spd=157
[SERVER] Received aircraft: 77DCC7 at 50.73,6.28
[SERVER] Received aircraft: 74C3B8 at 51.43,11.22
[SERVER] Received aircraft: 4BE1CE at 47.07,7.33
[SERVER] Received aircraft: 566A02 at 51.65,8.48
[SERVER] Received aircraft: 049452 at 51.54,4.19
[SERVER] Received aircraft: 08DF81 at 50.03,8.27
[SERVER] Received aircraft: C2FB51 at 47.87,7.11
[SERVER] Received aircraft: 356ED1 at 51.61,7.91
[SERVER] Received aircraft: A8269C at 49.86,8.53
[SERVER] Received aircraft: 6317DF at 48.25,4.31
[SERVER] Received aircraft: 58E57F at 48.60,11.54
[SERVER] Received aircraft: 3AB297 at 52.67,7.48
[SERVER] Received aircraft: 893F64 at 48.22,5.78
[SERVER] Received aircraft: 8683B3 at 51.60,10.87
[SERVER] Received aircraft: 95A8C5 at 50.24,9.76
[SERVER] Received aircraft: 16293A at 49.60,7.33
[SERVER] Received aircraft: A8E487 at 52.50,6.14
[SERVER] Received aircraft: A01356 at 52.03,6.67
[SORT-DEBUG] Received sort='callsign', asc='false', ascending=false, count=18
[SORT-DEBUG] After sorting by callsign (asc=false):
  [0] ICAO=893F64 Callsign=VP177 Alt=28406 Spd=233
  [1] ICAO=58E57F Callsign=SN559 Alt=25941 Spd=171
  [2] ICAO=566A02 Callsign=SD932 Alt=11758 Spd=157
[SERVER] Received aircraft: 77DCC7 at 50.73,6.28
[SERVER] Received aircraft: 74C3B8 at 51.43,11.22
[SERVER] Received aircraft: 4BE1CE at 47.07,7.33
[SERVER] Received aircraft: 566A02 at 51.65,8.48
[SERVER] Received aircraft: 049452 at 51.54,4.19
[SERVER] Received aircraft: 08DF81 at 50.03,8.27
[SERVER] Received aircraft: C2FB51 at 47.86,7.11
[SERVER] Received aircraft: 356ED1 at 51.61,7.91
[SERVER] Received aircraft: A8269C at 49.86,8.53
[SERVER] Received aircraft: 6317DF at 48.25,4.31
[SERVER] Received aircraft: 58E57F at 48.60,11.54
[SERVER] Received aircraft: 3AB297 at 52.67,7.48
[SERVER] Received aircraft: 893F64 at 48.23,5.78
[SERVER] Received aircraft: 8683B3 at 51.60,10.87
[SERVER] Received aircraft: 95A8C5 at 50.24,9.76
[SERVER] Received aircraft: 16293A at 49.61,7.33
[SERVER] Received aircraft: A8E487 at 52.50,6.14
[SERVER] Received aircraft: A01356 at 52.03,6.68
[SORT-DEBUG] Received sort='callsign', asc='false', ascending=false, count=18
[SORT-DEBUG] After sorting by callsign (asc=false):
  [0] ICAO=893F64 Callsign=VP177 Alt=28406 Spd=233
  [1] ICAO=58E57F Callsign=SN559 Alt=25941 Spd=171
  [2] ICAO=566A02 Callsign=SD932 Alt=11758 Spd=157
[SERVER] Received aircraft: 77DCC7 at 50.73,6.29
[SERVER] Received aircraft: 74C3B8 at 51.43,11.22
[SERVER] Received aircraft: 4BE1CE at 47.07,7.33
[SERVER] Received aircraft: 566A02 at 51.65,8.48
[SERVER] Received aircraft: 049452 at 51.54,4.19
[SERVER] Received aircraft: 08DF81 at 50.03,8.27
[SERVER] Received aircraft: C2FB51 at 47.86,7.11
[SERVER] Received aircraft: 356ED1 at 51.61,7.91
[SERVER] Received aircraft: A8269C at 49.86,8.52
[SERVER] Received aircraft: 6317DF at 48.25,4.31
[SERVER] Received aircraft: 58E57F at 48.60,11.54
[SERVER] Received aircraft: 3AB297 at 52.67,7.48
[SERVER] Received aircraft: 893F64 at 48.23,5.78
[SERVER] Received aircraft: 8683B3 at 51.60,10.87
[SERVER] Received aircraft: 95A8C5 at 50.24,9.76
[SERVER] Received aircraft: 16293A at 49.61,7.34
[SERVER] Received aircraft: A8E487 at 52.50,6.14
[SERVER] Received aircraft: A01356 at 52.03,6.68
[SORT-DEBUG] Received sort='callsign', asc='false', ascending=false, count=18
[SORT-DEBUG] After sorting by callsign (asc=false):
  [0] ICAO=893F64 Callsign=VP177 Alt=28406 Spd=233
  [1] ICAO=58E57F Callsign=SN559 Alt=25941 Spd=171
  [2] ICAO=566A02 Callsign=SD932 Alt=11758 Spd=157
[SERVER] Received aircraft: 77DCC7 at 50.73,6.29
[SERVER] Received aircraft: 74C3B8 at 51.43,11.22
[SERVER] Received aircraft: 4BE1CE at 47.07,7.33
[SERVER] Received aircraft: 566A02 at 51.65,8.48
[SERVER] Received aircraft: 049452 at 51.54,4.19
[SERVER] Received aircraft: 08DF81 at 50.03,8.27
[SERVER] Received aircraft: C2FB51 at 47.86,7.10
[SERVER] Received aircraft: 356ED1 at 51.61,7.92
[SERVER] Received aircraft: A8269C at 49.86,8.52
[SERVER] Received aircraft: 6317DF at 48.25,4.31
[SERVER] Received aircraft: 58E57F at 48.60,11.54
[SERVER] Received aircraft: 3AB297 at 52.67,7.48
[SERVER] Received aircraft: 893F64 at 48.23,5.78
[SERVER] Received aircraft: 8683B3 at 51.60,10.87
[SERVER] Received aircraft: 95A8C5 at 50.24,9.76
[SERVER] Received aircraft: 16293A at 49.61,7.34
[SERVER] Received aircraft: A8E487 at 52.50,6.15
[SERVER] Received aircraft: A01356 at 52.03,6.68
[SORT-DEBUG] Received sort='callsign', asc='false', ascending=false, count=18
[SORT-DEBUG] After sorting by callsign (asc=false):
  [0] ICAO=893F64 Callsign=VP177 Alt=28406 Spd=233
  [1] ICAO=58E57F Callsign=SN559 Alt=25941 Spd=171
  [2] ICAO=566A02 Callsign=SD932 Alt=11758 Spd=157
[SERVER] Received aircraft: 77DCC7 at 50.73,6.29
[SERVER] Received aircraft: 74C3B8 at 51.43,11.22
[SERVER] Received aircraft: 4BE1CE at 47.07,7.33
[SERVER] Received aircraft: 566A02 at 51.65,8.48
[SERVER] Received aircraft: 049452 at 51.54,4.19
[SERVER] Received aircraft: 08DF81 at 50.03,8.27
[SERVER] Received aircraft: C2FB51 at 47.86,7.10
[SERVER] Received aircraft: 356ED1 at 51.61,7.92
[SERVER] Received aircraft: A8269C at 49.86,8.52
[SERVER] Received aircraft: 6317DF at 48.25,4.31
[SERVER] Received aircraft: 58E57F at 48.60,11.54
[SERVER] Received aircraft: 3AB297 at 52.67,7.49
[SERVER] Received aircraft: 893F64 at 48.23,5.78
[SERVER] Received aircraft: 8683B3 at 51.59,10.87
[SERVER] Received aircraft: 95A8C5 at 50.24,9.76
[SERVER] Received aircraft: 16293A at 49.61,7.34
[SERVER] Received aircraft: A8E487 at 52.50,6.15
[SERVER] Received aircraft: A01356 at 52.03,6.69
[SORT-DEBUG] Received sort='callsign', asc='false', ascending=false, count=18
[SORT-DEBUG] After sorting by callsign (asc=false):
  [0] ICAO=893F64 Callsign=VP177 Alt=28406 Spd=233
  [1] ICAO=58E57F Callsign=SN559 Alt=25941 Spd=171
  [2] ICAO=566A02 Callsign=SD932 Alt=11767 Spd=157
[SERVER] Received aircraft: 77DCC7 at 50.73,6.29
[SERVER] Received aircraft: 74C3B8 at 51.43,11.21
[SERVER] Received aircraft: 4BE1CE at 47.06,7.33
[SERVER] Received aircraft: 566A02 at 51.65,8.48
[SERVER] Received aircraft: 049452 at 51.54,4.19
[SERVER] Received aircraft: 08DF81 at 50.03,8.27
[SERVER] Received aircraft: C2FB51 at 47.86,7.10
[SERVER] Received aircraft: 356ED1 at 51.61,7.92
[SERVER] Received aircraft: A8269C at 49.86,8.51
[SERVER] Received aircraft: 6317DF at 48.24,4.31
[SERVER] Received aircraft: 58E57F at 48.60,11.55
[SERVER] Received aircraft: 3AB297 at 52.67,7.49
[SERVER] Received aircraft: 893F64 at 48.23,5.78
[SERVER] Received aircraft: 8683B3 at 51.59,10.87
[SERVER] Received aircraft: 95A8C5 at 50.25,9.76
[SERVER] Received aircraft: 16293A at 49.61,7.35
[SERVER] Received aircraft: A8E487 at 52.50,6.15
[SERVER] Received aircraft: A01356 at 52.03,6.69
[SORT-DEBUG] Received sort='callsign', asc='false', ascending=false, count=18
[SORT-DEBUG] After sorting by callsign (asc=false):
  [0] ICAO=893F64 Callsign=VP177 Alt=28406 Spd=233
  [1] ICAO=58E57F Callsign=SN559 Alt=25941 Spd=171
  [2] ICAO=566A02 Callsign=SD932 Alt=11767 Spd=154
[SERVER] Received aircraft: 77DCC7 at 50.73,6.29
[SERVER] Received aircraft: 74C3B8 at 51.43,11.21
[SERVER] Received aircraft: 4BE1CE at 47.06,7.33
[SERVER] Received aircraft: 566A02 at 51.65,8.48
[SERVER] Received aircraft: 049452 at 51.54,4.19
[SERVER] Received aircraft: 08DF81 at 50.03,8.27
[SERVER] Received aircraft: C2FB51 at 47.85,7.10
[SERVER] Received aircraft: 356ED1 at 51.61,7.92
[SERVER] Received aircraft: A8269C at 49.86,8.51
[SERVER] Received aircraft: 6317DF at 48.24,4.31
[SERVER] Received aircraft: 58E57F at 48.60,11.55
[SERVER] Received aircraft: 3AB297 at 52.67,7.49
[SERVER] Received aircraft: 893F64 at 48.23,5.78
[SERVER] Received aircraft: 8683B3 at 51.59,10.87
[SERVER] Received aircraft: 95A8C5 at 50.25,9.76
[SERVER] Received aircraft: 16293A at 49.61,7.35
[SERVER] Received aircraft: A8E487 at 52.50,6.16
[SERVER] Received aircraft: A01356 at 52.03,6.70
[SORT-DEBUG] Received sort='callsign', asc='false', ascending=false, count=18
[SORT-DEBUG] After sorting by callsign (asc=false):
  [0] ICAO=893F64 Callsign=VP177 Alt=28406 Spd=233
  [1] ICAO=58E57F Callsign=SN559 Alt=25941 Spd=171
  [2] ICAO=566A02 Callsign=SD932 Alt=11767 Spd=152
[SERVER] Received aircraft: 77DCC7 at 50.73,6.29
[SERVER] Received aircraft: 74C3B8 at 51.43,11.21
[SERVER] Received aircraft: 4BE1CE at 47.06,7.33
[SERVER] Received aircraft: 566A02 at 51.65,8.48
[SERVER] Received aircraft: 049452 at 51.55,4.18
[SERVER] Received aircraft: 08DF81 at 50.04,8.26
[SERVER] Received aircraft: C2FB51 at 47.85,7.10
[SERVER] Received aircraft: 356ED1 at 51.61,7.92
[SERVER] Received aircraft: A8269C at 49.86,8.51
[SERVER] Received aircraft: 6317DF at 48.24,4.31
[SERVER] Received aircraft: 58E57F at 48.60,11.55
[SERVER] Received aircraft: 3AB297 at 52.67,7.50
[SERVER] Received aircraft: 893F64 at 48.23,5.78
[SERVER] Received aircraft: 8683B3 at 51.59,10.87
[SERVER] Received aircraft: 95A8C5 at 50.25,9.76
[SERVER] Received aircraft: 16293A at 49.61,7.35
[SERVER] Received aircraft: A8E487 at 52.50,6.16
[SERVER] Received aircraft: A01356 at 52.03,6.70
[SORT-DEBUG] Received sort='callsign', asc='false', ascending=false, count=18
[SORT-DEBUG] After sorting by callsign (asc=false):
  [0] ICAO=893F64 Callsign=VP177 Alt=28406 Spd=233
  [1] ICAO=58E57F Callsign=SN559 Alt=26033 Spd=168
  [2] ICAO=566A02 Callsign=SD932 Alt=11767 Spd=152
[SERVER] Received aircraft: 77DCC7 at 50.73,6.30
[SERVER] Received aircraft: 74C3B8 at 51.43,11.21
[SERVER] Received aircraft: 4BE1CE at 47.06,7.33
[SERVER] Received aircraft: 566A02 at 51.64,8.48
[SERVER] Received aircraft: 049452 at 51.55,4.18
[SERVER] Received aircraft: 08DF81 at 50.04,8.26
[SERVER] Received aircraft: C2FB51 at 47.85,7.10
[SERVER] Received aircraft: 356ED1 at 51.61,7.92
[SERVER] Received aircraft: A8269C at 49.86,8.50
[SERVER] Received aircraft: 6317DF at 48.24,4.31
[SERVER] Received aircraft: 58E57F at 48.60,11.55
[SERVER] Received aircraft: 3AB297 at 52.67,7.50
[SERVER] Received aircraft: 893F64 at 48.23,5.78
[SERVER] Received aircraft: 8683B3 at 51.59,10.87
[SERVER] Received aircraft: 95A8C5 at 50.25,9.76
[SERVER] Received aircraft: 16293A at 49.62,7.36
[SERVER] Received aircraft: A8E487 at 52.50,6.16
[SERVER] Received aircraft: A01356 at 52.03,6.70
[SORT-DEBUG] Received sort='callsign', asc='false', ascending=false, count=18
[SORT-DEBUG] After sorting by callsign (asc=false):
  [0] ICAO=893F64 Callsign=VP177 Alt=28406 Spd=233
  [1] ICAO=58E57F Callsign=SN559 Alt=26033 Spd=168
  [2] ICAO=566A02 Callsign=SD932 Alt=11767 Spd=152
[SERVER] Received aircraft: 77DCC7 at 50.73,6.30
[SERVER] Received aircraft: 74C3B8 at 51.43,11.21
[SERVER] Received aircraft: 4BE1CE at 47.06,7.33
[SERVER] Received aircraft: 566A02 at 51.64,8.48
[SERVER] Received aircraft: 049452 at 51.55,4.18
[SERVER] Received aircraft: 08DF81 at 50.04,8.26
[SERVER] Received aircraft: C2FB51 at 47.85,7.10
[SERVER] Received aircraft: 356ED1 at 51.61,7.93
[SERVER] Received aircraft: A8269C at 49.86,8.50
[SERVER] Received aircraft: 6317DF at 48.24,4.30
[SERVER] Received aircraft: 58E57F at 48.60,11.55
[SERVER] Received aircraft: 3AB297 at 52.67,7.50
[SERVER] Received aircraft: 893F64 at 48.23,5.79
[SERVER] Received aircraft: 8683B3 at 51.59,10.87
[SERVER] Received aircraft: 95A8C5 at 50.25,9.76
[SERVER] Received aircraft: 16293A at 49.62,7.36
[SERVER] Received aircraft: A8E487 at 52.50,6.17
[SERVER] Received aircraft: A01356 at 52.03,6.71
[SORT-DEBUG] Received sort='callsign', asc='false', ascending=false, count=18
[SORT-DEBUG] After sorting by callsign (asc=false):
  [0] ICAO=893F64 Callsign=VP177 Alt=28406 Spd=233
  [1] ICAO=58E57F Callsign=SN559 Alt=26033 Spd=168
  [2] ICAO=566A02 Callsign=SD932 Alt=11767 Spd=152
[SERVER] Received aircraft: 77DCC7 at 50.73,6.30
[SERVER] Received aircraft: 74C3B8 at 51.43,11.20
[SERVER] Received aircraft: 4BE1CE at 47.05,7.33
[SERVER] Received aircraft: 566A02 at 51.64,8.48
[SERVER] Received aircraft: 049452 at 51.55,4.18
[SERVER] Received aircraft: 08DF81 at 50.04,8.26
[SERVER] Received aircraft: C2FB51 at 47.85,7.10
[SERVER] Received aircraft: 356ED1 at 51.61,7.93
[SERVER] Received aircraft: A8269C at 49.86,8.50
[SERVER] Received aircraft: 6317DF at 48.24,4.30
[SERVER] Received aircraft: 58E57F at 48.60,11.55
[SERVER] Received aircraft: 3AB297 at 52.67,7.50
[SERVER] Received aircraft: 893F64 at 48.23,5.79
[SERVER] Received aircraft: 8683B3 at 51.59,10.86
[SERVER] Received aircraft: 95A8C5 at 50.25,9.76
[SERVER] Received aircraft: 16293A at 49.62,7.36
[SERVER] Received aircraft: A8E487 at 52.51,6.17
[SERVER] Received aircraft: A01356 at 52.03,6.71
[SORT-DEBUG] Received sort='callsign', asc='false', ascending=false, count=18
[SORT-DEBUG] After sorting by callsign (asc=false):
  [0] ICAO=893F64 Callsign=VP177 Alt=28406 Spd=233
  [1] ICAO=58E57F Callsign=SN559 Alt=26033 Spd=173
  [2] ICAO=566A02 Callsign=SD932 Alt=11767 Spd=152
[SERVER] Received aircraft: 77DCC7 at 50.73,6.30
[SERVER] Received aircraft: 74C3B8 at 51.43,11.20
[SERVER] Received aircraft: 4BE1CE at 47.05,7.33
[SERVER] Received aircraft: 566A02 at 51.64,8.48
[SERVER] Received aircraft: 049452 at 51.55,4.18
[SERVER] Received aircraft: 08DF81 at 50.04,8.26
[SERVER] Received aircraft: C2FB51 at 47.84,7.10
[SERVER] Received aircraft: 356ED1 at 51.61,7.93
[SERVER] Received aircraft: A8269C at 49.86,8.49
[SERVER] Received aircraft: 6317DF at 48.23,4.30
[SERVER] Received aircraft: 58E57F at 48.60,11.55
[SERVER] Received aircraft: 3AB297 at 52.67,7.51
[SERVER] Received aircraft: 893F64 at 48.24,5.79
[SERVER] Received aircraft: 8683B3 at 51.59,10.86
[SERVER] Received aircraft: 95A8C5 at 50.26,9.76
[SERVER] Received aircraft: 16293A at 49.62,7.37
[SERVER] Received aircraft: A8E487 at 52.51,6.17
[SERVER] Received aircraft: A01356 at 52.04,6.71
[SORT-DEBUG] Received sort='callsign', asc='false', ascending=false, count=18
[SORT-DEBUG] After sorting by callsign (asc=false):
  [0] ICAO=893F64 Callsign=VP177 Alt=28406 Spd=233
  [1] ICAO=58E57F Callsign=SN559 Alt=26033 Spd=173
  [2] ICAO=566A02 Callsign=SD932 Alt=11767 Spd=152
[SERVER] Received aircraft: 77DCC7 at 50.73,6.30
[SERVER] Received aircraft: 74C3B8 at 51.43,11.20
[SERVER] Received aircraft: 4BE1CE at 47.05,7.32
[SERVER] Received aircraft: 566A02 at 51.64,8.48
[SERVER] Received aircraft: 049452 at 51.55,4.18
[SERVER] Received aircraft: 08DF81 at 50.04,8.26
[SERVER] Received aircraft: C2FB51 at 47.84,7.10
[SERVER] Received aircraft: 356ED1 at 51.61,7.93
[SERVER] Received aircraft: A8269C at 49.86,8.49
[SERVER] Received aircraft: 6317DF at 48.23,4.30
[SERVER] Received aircraft: 58E57F at 48.61,11.55
[SERVER] Received aircraft: 3AB297 at 52.67,7.51
[SERVER] Received aircraft: 893F64 at 48.24,5.79
[SERVER] Received aircraft: 8683B3 at 51.58,10.86
[SERVER] Received aircraft: 95A8C5 at 50.26,9.76
[SERVER] Received aircraft: 16293A at 49.62,7.37
[SERVER] Received aircraft: A8E487 at 52.51,6.18
[SERVER] Received aircraft: A01356 at 52.04,6.72
[SORT-DEBUG] Received sort='callsign', asc='false', ascending=false, count=18
[SORT-DEBUG] After sorting by callsign (asc=false):
  [0] ICAO=893F64 Callsign=VP177 Alt=28406 Spd=233
  [1] ICAO=58E57F Callsign=SN559 Alt=26033 Spd=173
  [2] ICAO=566A02 Callsign=SD932 Alt=11767 Spd=152
[SERVER] Received aircraft: 77DCC7 at 50.73,6.30
[SERVER] Received aircraft: 74C3B8 at 51.43,11.20
[SERVER] Received aircraft: 4BE1CE at 47.05,7.32
[SERVER] Received aircraft: 566A02 at 51.64,8.48
[SERVER] Received aircraft: 049452 at 51.55,4.18
[SERVER] Received aircraft: 08DF81 at 50.04,8.26
[SERVER] Received aircraft: C2FB51 at 47.84,7.10
[SERVER] Received aircraft: 356ED1 at 51.61,7.93
[SERVER] Received aircraft: A8269C at 49.86,8.49
[SERVER] Received aircraft: 6317DF at 48.23,4.30
[SERVER] Received aircraft: 58E57F at 48.61,11.55
[SERVER] Received aircraft: 3AB297 at 52.67,7.51
[SERVER] Received aircraft: 893F64 at 48.24,5.79
[SERVER] Received aircraft: 8683B3 at 51.58,10.86
[SERVER] Received aircraft: 95A8C5 at 50.26,9.76
[SERVER] Received aircraft: 16293A at 49.62,7.38
[SERVER] Received aircraft: A8E487 at 52.51,6.18
[SERVER] Received aircraft: A01356 at 52.04,6.72
[SORT-DEBUG] Received sort='callsign', asc='false', ascending=false, count=18
[SORT-DEBUG] After sorting by callsign (asc=false):
  [0] ICAO=893F64 Callsign=VP177 Alt=28406 Spd=233
  [1] ICAO=58E57F Callsign=SN559 Alt=26033 Spd=173
  [2] ICAO=566A02 Callsign=SD932 Alt=11767 Spd=152
[SERVER] Received aircraft: 77DCC7 at 50.73,6.31
[SERVER] Received aircraft: 74C3B8 at 51.43,11.20
[SERVER] Received aircraft: 4BE1CE at 47.05,7.32
[SERVER] Received aircraft: 566A02 at 51.64,8.48
[SERVER] Received aircraft: 049452 at 51.56,4.18
[SERVER] Received aircraft: 08DF81 at 50.05,8.26
[SERVER] Received aircraft: C2FB51 at 47.84,7.10
[SERVER] Received aircraft: 356ED1 at 51.61,7.93
[SERVER] Received aircraft: A8269C at 49.86,8.48
[SERVER] Received aircraft: 6317DF at 48.23,4.30
[SERVER] Received aircraft: 58E57F at 48.61,11.55
[SERVER] Received aircraft: 3AB297 at 52.67,7.51
[SERVER] Received aircraft: 893F64 at 48.24,5.79
[SERVER] Received aircraft: 8683B3 at 51.58,10.86
[SERVER] Received aircraft: 95A8C5 at 50.26,9.76
[SERVER] Received aircraft: 16293A at 49.62,7.38
[SERVER] Received aircraft: A8E487 at 52.51,6.18
[SERVER] Received aircraft: A01356 at 52.04,6.73
[SORT-DEBUG] Received sort='callsign', asc='false', ascending=false, count=18
[SORT-DEBUG] After sorting by callsign (asc=false):
  [0] ICAO=893F64 Callsign=VP177 Alt=28406 Spd=229
  [1] ICAO=58E57F Callsign=SN559 Alt=26033 Spd=173
  [2] ICAO=566A02 Callsign=SD932 Alt=11767 Spd=152
[SERVER] Received aircraft: 77DCC7 at 50.73,6.31
[SERVER] Received aircraft: 74C3B8 at 51.43,11.19
[SERVER] Received aircraft: 4BE1CE at 47.04,7.32
[SERVER] Received aircraft: 566A02 at 51.64,8.48
[SERVER] Received aircraft: 049452 at 51.56,4.18
[SERVER] Received aircraft: 08DF81 at 50.05,8.26
[SERVER] Received aircraft: C2FB51 at 47.84,7.10
[SERVER] Received aircraft: 356ED1 at 51.61,7.94
[SERVER] Received aircraft: A8269C at 49.86,8.48
[SERVER] Received aircraft: 6317DF at 48.23,4.30
[SERVER] Received aircraft: 58E57F at 48.61,11.55
[SERVER] Received aircraft: 3AB297 at 52.67,7.52
[SERVER] Received aircraft: 893F64 at 48.24,5.79
[SERVER] Received aircraft: 8683B3 at 51.58,10.86
[SERVER] Received aircraft: 95A8C5 at 50.26,9.76
[SERVER] Received aircraft: 16293A at 49.62,7.38
[SERVER] Received aircraft: A8E487 at 52.51,6.19
[SERVER] Received aircraft: A01356 at 52.04,6.73
[SORT-DEBUG] Received sort='callsign', asc='false', ascending=false, count=18
[SORT-DEBUG] After sorting by callsign (asc=false):
  [0] ICAO=893F64 Callsign=VP177 Alt=28406 Spd=229
  [1] ICAO=58E57F Callsign=SN559 Alt=26033 Spd=173
  [2] ICAO=566A02 Callsign=SD932 Alt=11767 Spd=152
[SERVER] Received aircraft: 77DCC7 at 50.73,6.31
[SERVER] Received aircraft: 74C3B8 at 51.43,11.19
[SERVER] Received aircraft: 4BE1CE at 47.04,7.32
[SERVER] Received aircraft: 566A02 at 51.64,8.48
[SERVER] Received aircraft: 049452 at 51.56,4.18
[SERVER] Received aircraft: 08DF81 at 50.05,8.26
[SERVER] Received aircraft: C2FB51 at 47.83,7.10
[SERVER] Received aircraft: 356ED1 at 51.61,7.94
[SERVER] Received aircraft: A8269C at 49.86,8.48
[SERVER] Received aircraft: 6317DF at 48.22,4.30
[SERVER] Received aircraft: 58E57F at 48.61,11.55
[SERVER] Received aircraft: 3AB297 at 52.67,7.52
[SERVER] Received aircraft: 893F64 at 48.24,5.79
[SERVER] Received aircraft: 8683B3 at 51.58,10.86
[SERVER] Received aircraft: 95A8C5 at 50.26,9.76
[SERVER] Received aircraft: 16293A at 49.63,7.39
[SERVER] Received aircraft: A8E487 at 52.51,6.19
[SERVER] Received aircraft: A01356 at 52.04,6.73
[SORT-DEBUG] Received sort='callsign', asc='false', ascending=false, count=18
[SORT-DEBUG] After sorting by callsign (asc=false):
  [0] ICAO=893F64 Callsign=VP177 Alt=28406 Spd=229
  [1] ICAO=58E57F Callsign=SN559 Alt=26033 Spd=173
  [2] ICAO=566A02 Callsign=SD932 Alt=11767 Spd=152
[SERVER] Received aircraft: 77DCC7 at 50.73,6.31
[SERVER] Received aircraft: 74C3B8 at 51.44,11.19
[SERVER] Received aircraft: 4BE1CE at 47.04,7.32
[SERVER] Received aircraft: 566A02 at 51.64,8.48
[SERVER] Received aircraft: 049452 at 51.56,4.18
[SERVER] Received aircraft: 08DF81 at 50.05,8.26
[SERVER] Received aircraft: C2FB51 at 47.83,7.10
[SERVER] Received aircraft: 356ED1 at 51.61,7.94
[SERVER] Received aircraft: A8269C at 49.86,8.47
[SERVER] Received aircraft: 6317DF at 48.22,4.30
[SERVER] Received aircraft: 58E57F at 48.61,11.55
[SERVER] Received aircraft: 3AB297 at 52.67,7.52
[SERVER] Received aircraft: 893F64 at 48.24,5.79
[SERVER] Received aircraft: 8683B3 at 51.58,10.86
[SERVER] Received aircraft: 95A8C5 at 50.27,9.76
[SERVER] Received aircraft: 16293A at 49.63,7.39
[SERVER] Received aircraft: A8E487 at 52.51,6.19
[SERVER] Received aircraft: A01356 at 52.04,6.74
[SORT-DEBUG] Received sort='callsign', asc='false', ascending=false, count=18
[SORT-DEBUG] After sorting by callsign (asc=false):
  [0] ICAO=893F64 Callsign=VP177 Alt=28406 Spd=229
  [1] ICAO=58E57F Callsign=SN559 Alt=26033 Spd=173
  [2] ICAO=566A02 Callsign=SD932 Alt=11767 Spd=152
[SERVER] Received aircraft: 77DCC7 at 50.73,6.31
[SERVER] Received aircraft: 74C3B8 at 51.44,11.19
[SERVER] Received aircraft: 4BE1CE at 47.04,7.32
[SERVER] Received aircraft: 566A02 at 51.64,8.48
[SERVER] Received aircraft: 049452 at 51.56,4.18
[SERVER] Received aircraft: 08DF81 at 50.05,8.26
[SERVER] Received aircraft: C2FB51 at 47.83,7.09
[SERVER] Received aircraft: 356ED1 at 51.61,7.94
[SERVER] Received aircraft: A8269C at 49.86,8.47
[SERVER] Received aircraft: 6317DF at 48.22,4.30
[SERVER] Received aircraft: 58E57F at 48.61,11.55
[SERVER] Received aircraft: 3AB297 at 52.67,7.52
[SERVER] Received aircraft: 893F64 at 48.24,5.79
[SERVER] Received aircraft: 8683B3 at 51.58,10.86
[SERVER] Received aircraft: 95A8C5 at 50.27,9.76
[SERVER] Received aircraft: 16293A at 49.63,7.39
[SERVER] Received aircraft: A8E487 at 52.51,6.19
[SERVER] Received aircraft: A01356 at 52.04,6.74
[SORT-DEBUG] Received sort='callsign', asc='false', ascending=false, count=18
[SORT-DEBUG] After sorting by callsign (asc=false):
  [0] ICAO=893F64 Callsign=VP177 Alt=28406 Spd=229
  [1] ICAO=58E57F Callsign=SN559 Alt=26033 Spd=173
  [2] ICAO=566A02 Callsign=SD932 Alt=11767 Spd=152
[SERVER] Received aircraft: 77DCC7 at 50.73,6.31
[SERVER] Received aircraft: 74C3B8 at 51.44,11.19
[SERVER] Received aircraft: 4BE1CE at 47.04,7.32
[SERVER] Received aircraft: 566A02 at 51.64,8.48
[SERVER] Received aircraft: 049452 at 51.56,4.18
[SERVER] Received aircraft: 08DF81 at 50.05,8.26
[SERVER] Received aircraft: C2FB51 at 47.83,7.09
[SERVER] Received aircraft: 356ED1 at 51.61,7.94
[SERVER] Received aircraft: A8269C at 49.86,8.47
[SERVER] Received aircraft: 6317DF at 48.22,4.30
[SERVER] Received aircraft: 58E57F at 48.61,11.55
[SERVER] Received aircraft: 3AB297 at 52.67,7.53
[SERVER] Received aircraft: 893F64 at 48.24,5.79
[SERVER] Received aircraft: 8683B3 at 51.58,10.86
[SERVER] Received aircraft: 95A8C5 at 50.27,9.76
[SERVER] Received aircraft: 16293A at 49.63,7.40
[SERVER] Received aircraft: A8E487 at 52.51,6.20
[SERVER] Received aircraft: A01356 at 52.04,6.74
[SORT-DEBUG] Received sort='callsign', asc='false', ascending=false, count=18
[SORT-DEBUG] After sorting by callsign (asc=false):
  [0] ICAO=893F64 Callsign=VP177 Alt=28359 Spd=229
  [1] ICAO=58E57F Callsign=SN559 Alt=26033 Spd=171
  [2] ICAO=566A02 Callsign=SD932 Alt=11767 Spd=152
[SERVER] Received aircraft: 77DCC7 at 50.73,6.32
[SERVER] Received aircraft: 74C3B8 at 51.44,11.18
[SERVER] Received aircraft: 4BE1CE at 47.03,7.32
[SERVER] Received aircraft: 566A02 at 51.64,8.48
[SERVER] Received aircraft: 049452 at 51.56,4.18
[SERVER] Received aircraft: 08DF81 at 50.05,8.26
[SERVER] Received aircraft: C2FB51 at 47.83,7.09
[SERVER] Received aircraft: 356ED1 at 51.61,7.94
[SERVER] Received aircraft: A8269C at 49.86,8.46
[SERVER] Received aircraft: 6317DF at 48.22,4.30
[SERVER] Received aircraft: 58E57F at 48.61,11.55
[SERVER] Received aircraft: 3AB297 at 52.68,7.53
[SERVER] Received aircraft: 893F64 at 48.24,5.79
[SERVER] Received aircraft: 8683B3 at 51.57,10.86
[SERVER] Received aircraft: 95A8C5 at 50.27,9.76
[SERVER] Received aircraft: 16293A at 49.63,7.40
[SERVER] Received aircraft: A8E487 at 52.51,6.20
[SERVER] Received aircraft: A01356 at 52.04,6.75
[SORT-DEBUG] Received sort='callsign', asc='false', ascending=false, count=18
[SORT-DEBUG] After sorting by callsign (asc=false):
  [0] ICAO=893F64 Callsign=VP177 Alt=28359 Spd=229
  [1] ICAO=58E57F Callsign=SN559 Alt=26033 Spd=171
  [2] ICAO=566A02 Callsign=SD932 Alt=11767 Spd=152
[SERVER] Received aircraft: 77DCC7 at 50.73,6.32
[SERVER] Received aircraft: 74C3B8 at 51.44,11.18
[SERVER] Received aircraft: 4BE1CE at 47.03,7.32
[SERVER] Received aircraft: 566A02 at 51.64,8.48
[SERVER] Received aircraft: 049452 at 51.57,4.18
[SERVER] Received aircraft: 08DF81 at 50.06,8.26
[SERVER] Received aircraft: C2FB51 at 47.82,7.09
[SERVER] Received aircraft: 356ED1 at 51.61,7.94
[SERVER] Received aircraft: A8269C at 49.86,8.46
[SERVER] Received aircraft: 6317DF at 48.22,4.30
[SERVER] Received aircraft: 58E57F at 48.61,11.55
[SERVER] Received aircraft: 3AB297 at 52.68,7.53
[SERVER] Received aircraft: 893F64 at 48.25,5.79
[SERVER] Received aircraft: 8683B3 at 51.57,10.86
[SERVER] Received aircraft: 95A8C5 at 50.27,9.76
[SERVER] Received aircraft: 16293A at 49.63,7.41
[SERVER] Received aircraft: A8E487 at 52.51,6.20
[SERVER] Received aircraft: A01356 at 52.05,6.75
[SORT-DEBUG] Received sort='callsign', asc='false', ascending=false, count=18
[SORT-DEBUG] After sorting by callsign (asc=false):
  [0] ICAO=893F64 Callsign=VP177 Alt=28359 Spd=229
  [1] ICAO=58E57F Callsign=SN559 Alt=26033 Spd=171
  [2] ICAO=566A02 Callsign=SD932 Alt=11767 Spd=148
[SERVER] Received aircraft: 77DCC7 at 50.73,6.32
[SERVER] Received aircraft: 74C3B8 at 51.44,11.18
[SERVER] Received aircraft: 4BE1CE at 47.03,7.32
[SERVER] Received aircraft: 566A02 at 51.63,8.48
[SERVER] Received aircraft: 049452 at 51.57,4.18
[SERVER] Received aircraft: 08DF81 at 50.06,8.26
[SERVER] Received aircraft: C2FB51 at 47.82,7.09
[SERVER] Received aircraft: 356ED1 at 51.61,7.95
[SERVER] Received aircraft: A8269C at 49.86,8.46
[SERVER] Received aircraft: 6317DF at 48.21,4.30
[SERVER] Received aircraft: 58E57F at 48.61,11.55
[SERVER] Received aircraft: 3AB297 at 52.68,7.54
[SERVER] Received aircraft: 893F64 at 48.25,5.79
[SERVER] Received aircraft: 8683B3 at 51.57,10.86
[SERVER] Received aircraft: 95A8C5 at 50.27,9.76
[SERVER] Received aircraft: 16293A at 49.63,7.41
[SERVER] Received aircraft: A8E487 at 52.51,6.21
[SERVER] Received aircraft: A01356 at 52.05,6.76
[SORT-DEBUG] Received sort='callsign', asc='false', ascending=false, count=18
[SORT-DEBUG] After sorting by callsign (asc=false):
  [0] ICAO=893F64 Callsign=VP177 Alt=28359 Spd=229
  [1] ICAO=58E57F Callsign=SN559 Alt=26033 Spd=171
  [2] ICAO=566A02 Callsign=SD932 Alt=11767 Spd=148
[SERVER] Received aircraft: 77DCC7 at 50.73,6.32
[SERVER] Received aircraft: 74C3B8 at 51.44,11.18
[SERVER] Received aircraft: 4BE1CE at 47.03,7.32
[SERVER] Received aircraft: 566A02 at 51.63,8.48
[SERVER] Received aircraft: 049452 at 51.57,4.18
[SERVER] Received aircraft: 08DF81 at 50.06,8.26
[SERVER] Received aircraft: C2FB51 at 47.82,7.09
[SERVER] Received aircraft: 356ED1 at 51.61,7.95
[SERVER] Received aircraft: A8269C at 49.86,8.45
[SERVER] Received aircraft: 6317DF at 48.21,4.30
[SERVER] Received aircraft: 58E57F at 48.61,11.55
[SERVER] Received aircraft: 3AB297 at 52.68,7.54
[SERVER] Received aircraft: 893F64 at 48.25,5.79
[SERVER] Received aircraft: 8683B3 at 51.57,10.86
[SERVER] Received aircraft: 95A8C5 at 50.28,9.76
[SERVER] Received aircraft: 16293A at 49.63,7.41
[SERVER] Received aircraft: A8E487 at 52.51,6.21
[SERVER] Received aircraft: A01356 at 52.05,6.76
[SORT-DEBUG] Received sort='callsign', asc='false', ascending=false, count=18
[SORT-DEBUG] After sorting by callsign (asc=false):
  [0] ICAO=893F64 Callsign=VP177 Alt=28434 Spd=229
  [1] ICAO=58E57F Callsign=SN559 Alt=26033 Spd=171
  [2] ICAO=566A02 Callsign=SD932 Alt=11767 Spd=151
[SERVER] Received aircraft: 77DCC7 at 50.73,6.32
[SERVER] Received aircraft: 74C3B8 at 51.44,11.18
[SERVER] Received aircraft: 4BE1CE at 47.03,7.31
[SERVER] Received aircraft: 566A02 at 51.63,8.48
[SERVER] Received aircraft: 049452 at 51.57,4.18
[SERVER] Received aircraft: 08DF81 at 50.06,8.26
[SERVER] Received aircraft: C2FB51 at 47.82,7.09
[SERVER] Received aircraft: 356ED1 at 51.61,7.95
[SERVER] Received aircraft: A8269C at 49.86,8.45
[SERVER] Received aircraft: 6317DF at 48.21,4.29
[SERVER] Received aircraft: 58E57F at 48.61,11.55
[SERVER] Received aircraft: 3AB297 at 52.68,7.54
[SERVER] Received aircraft: 893F64 at 48.25,5.79
[SERVER] Received aircraft: 8683B3 at 51.57,10.86
[SERVER] Received aircraft: 95A8C5 at 50.28,9.76
[SERVER] Received aircraft: 16293A at 49.64,7.42
[SERVER] Received aircraft: A8E487 at 52.51,6.21
[SERVER] Received aircraft: A01356 at 52.05,6.76
[SORT-DEBUG] Received sort='callsign', asc='false', ascending=false, count=18
[SORT-DEBUG] After sorting by callsign (asc=false):
  [0] ICAO=893F64 Callsign=VP177 Alt=28434 Spd=229
  [1] ICAO=58E57F Callsign=SN559 Alt=26033 Spd=168
  [2] ICAO=566A02 Callsign=SD932 Alt=11767 Spd=149
[SERVER] Received aircraft: 77DCC7 at 50.73,6.32
[SERVER] Received aircraft: 74C3B8 at 51.44,11.17
[SERVER] Received aircraft: 4BE1CE at 47.02,7.31
[SERVER] Received aircraft: 566A02 at 51.63,8.48
[SERVER] Received aircraft: 049452 at 51.57,4.18
[SERVER] Received aircraft: 08DF81 at 50.06,8.25
[SERVER] Received aircraft: C2FB51 at 47.82,7.09
[SERVER] Received aircraft: 356ED1 at 51.62,7.95
[SERVER] Received aircraft: A8269C at 49.86,8.45
[SERVER] Received aircraft: 6317DF at 48.21,4.29
[SERVER] Received aircraft: 58E57F at 48.62,11.55
[SERVER] Received aircraft: 3AB297 at 52.68,7.54
[SERVER] Received aircraft: 893F64 at 48.25,5.80
[SERVER] Received aircraft: 8683B3 at 51.57,10.86
[SERVER] Received aircraft: 95A8C5 at 50.28,9.76
[SERVER] Received aircraft: 16293A at 49.64,7.42
[SERVER] Received aircraft: A8E487 at 52.51,6.22
[SERVER] Received aircraft: A01356 at 52.05,6.77
[SORT-DEBUG] Received sort='callsign', asc='false', ascending=false, count=18
[SORT-DEBUG] After sorting by callsign (asc=false):
  [0] ICAO=893F64 Callsign=VP177 Alt=28434 Spd=232
  [1] ICAO=58E57F Callsign=SN559 Alt=26033 Spd=168
  [2] ICAO=566A02 Callsign=SD932 Alt=11839 Spd=149
[SERVER] Received aircraft: 77DCC7 at 50.73,6.33
[SERVER] Received aircraft: 74C3B8 at 51.44,11.17
[SERVER] Received aircraft: 4BE1CE at 47.02,7.31
[SERVER] Received aircraft: 566A02 at 51.63,8.48
[SERVER] Received aircraft: 049452 at 51.57,4.18
[SERVER] Received aircraft: 08DF81 at 50.06,8.25
[SERVER] Received aircraft: C2FB51 at 47.82,7.09
[SERVER] Received aircraft: 356ED1 at 51.62,7.95
[SERVER] Received aircraft: A8269C at 49.86,8.44
[SERVER] Received aircraft: 6317DF at 48.21,4.29
[SERVER] Received aircraft: 58E57F at 48.62,11.55
[SERVER] Received aircraft: 3AB297 at 52.68,7.55
[SERVER] Received aircraft: 893F64 at 48.25,5.80
[SERVER] Received aircraft: 8683B3 at 51.57,10.86
[SERVER] Received aircraft: 95A8C5 at 50.28,9.76
[SERVER] Received aircraft: 16293A at 49.64,7.42
[SERVER] Received aircraft: A8E487 at 52.51,6.22
[SERVER] Received aircraft: A01356 at 52.05,6.77
[SORT-DEBUG] Received sort='callsign', asc='false', ascending=false, count=18
[SORT-DEBUG] After sorting by callsign (asc=false):
  [0] ICAO=893F64 Callsign=VP177 Alt=28434 Spd=232
  [1] ICAO=58E57F Callsign=SN559 Alt=26033 Spd=168
  [2] ICAO=566A02 Callsign=SD932 Alt=11839 Spd=149
[SERVER] Received aircraft: 77DCC7 at 50.73,6.33
[SERVER] Received aircraft: 74C3B8 at 51.44,11.17
[SERVER] Received aircraft: 4BE1CE at 47.02,7.31
[SERVER] Received aircraft: 566A02 at 51.63,8.48
[SERVER] Received aircraft: 049452 at 51.58,4.18
[SERVER] Received aircraft: 08DF81 at 50.06,8.25
[SERVER] Received aircraft: C2FB51 at 47.81,7.09
[SERVER] Received aircraft: 356ED1 at 51.62,7.95
[SERVER] Received aircraft: A8269C at 49.86,8.44
[SERVER] Received aircraft: 6317DF at 48.20,4.29
[SERVER] Received aircraft: 58E57F at 48.62,11.55
[SERVER] Received aircraft: 3AB297 at 52.68,7.55
[SERVER] Received aircraft: 893F64 at 48.25,5.80
[SERVER] Received aircraft: 8683B3 at 51.57,10.86
[SERVER] Received aircraft: 95A8C5 at 50.28,9.75
[SERVER] Received aircraft: 16293A at 49.64,7.43
[SERVER] Received aircraft: A8E487 at 52.51,6.22
[SERVER] Received aircraft: A01356 at 52.05,6.77
[SORT-DEBUG] Received sort='callsign', asc='false', ascending=false, count=18
[SORT-DEBUG] After sorting by callsign (asc=false):
  [0] ICAO=893F64 Callsign=VP177 Alt=28434 Spd=232
  [1] ICAO=58E57F Callsign=SN559 Alt=26033 Spd=168
  [2] ICAO=566A02 Callsign=SD932 Alt=11839 Spd=149
[SERVER] Received aircraft: 77DCC7 at 50.73,6.33
[SERVER] Received aircraft: 74C3B8 at 51.44,11.17
[SERVER] Received aircraft: 4BE1CE at 47.02,7.31
[SERVER] Received aircraft: 566A02 at 51.63,8.48
[SERVER] Received aircraft: 049452 at 51.58,4.18
[SERVER] Received aircraft: 08DF81 at 50.06,8.25
[SERVER] Received aircraft: C2FB51 at 47.81,7.09
[SERVER] Received aircraft: 356ED1 at 51.62,7.96
[SERVER] Received aircraft: A8269C at 49.86,8.44
[SERVER] Received aircraft: 6317DF at 48.20,4.29
[SERVER] Received aircraft: 58E57F at 48.62,11.55
[SERVER] Received aircraft: 3AB297 at 52.68,7.55
[SERVER] Received aircraft: 893F64 at 48.25,5.80
[SERVER] Received aircraft: 8683B3 at 51.56,10.86
[SERVER] Received aircraft: 95A8C5 at 50.28,9.75
[SERVER] Received aircraft: 16293A at 49.64,7.43
[SERVER] Received aircraft: A8E487 at 52.51,6.23
[SERVER] Received aircraft: A01356 at 52.05,6.78
[SORT-DEBUG] Received sort='callsign', asc='false', ascending=false, count=18
[SORT-DEBUG] After sorting by callsign (asc=false):
  [0] ICAO=893F64 Callsign=VP177 Alt=28434 Spd=232
  [1] ICAO=58E57F Callsign=SN559 Alt=26033 Spd=168
  [2] ICAO=566A02 Callsign=SD932 Alt=11839 Spd=144
[SERVER] Received aircraft: 77DCC7 at 50.73,6.33
[SERVER] Received aircraft: 74C3B8 at 51.44,11.16
[SERVER] Received aircraft: 4BE1CE at 47.02,7.31
[SERVER] Received aircraft: 566A02 at 51.63,8.48
[SERVER] Received aircraft: 049452 at 51.58,4.18
[SERVER] Received aircraft: 08DF81 at 50.07,8.25
[SERVER] Received aircraft: C2FB51 at 47.81,7.09
[SERVER] Received aircraft: 356ED1 at 51.62,7.96
[SERVER] Received aircraft: A8269C at 49.86,8.43
[SERVER] Received aircraft: 6317DF at 48.20,4.29
[SERVER] Received aircraft: 58E57F at 48.62,11.55
[SERVER] Received aircraft: 3AB297 at 52.68,7.55
[SERVER] Received aircraft: 893F64 at 48.25,5.80
[SERVER] Received aircraft: 8683B3 at 51.56,10.86
[SERVER] Received aircraft: 95A8C5 at 50.29,9.75
[SERVER] Received aircraft: 16293A at 49.64,7.44
[SERVER] Received aircraft: A8E487 at 52.51,6.23
[SERVER] Received aircraft: A01356 at 52.05,6.78
[SORT-DEBUG] Received sort='callsign', asc='false', ascending=false, count=18
[SORT-DEBUG] After sorting by callsign (asc=false):
  [0] ICAO=893F64 Callsign=VP177 Alt=28434 Spd=232
  [1] ICAO=58E57F Callsign=SN559 Alt=25996 Spd=168
  [2] ICAO=566A02 Callsign=SD932 Alt=11839 Spd=144
[SERVER] Received aircraft: 77DCC7 at 50.73,6.33
[SERVER] Received aircraft: 74C3B8 at 51.44,11.16
[SERVER] Received aircraft: 4BE1CE at 47.01,7.31
[SERVER] Received aircraft: 566A02 at 51.63,8.48
[SERVER] Received aircraft: 049452 at 51.58,4.18
[SERVER] Received aircraft: 08DF81 at 50.07,8.25
[SERVER] Received aircraft: C2FB51 at 47.81,7.09
[SERVER] Received aircraft: 356ED1 at 51.62,7.96
[SERVER] Received aircraft: A8269C at 49.86,8.43
[SERVER] Received aircraft: 6317DF at 48.20,4.29
[SERVER] Received aircraft: 58E57F at 48.62,11.55
[SERVER] Received aircraft: 3AB297 at 52.68,7.56
[SERVER] Received aircraft: 893F64 at 48.25,5.80
[SERVER] Received aircraft: 8683B3 at 51.56,10.86
[SERVER] Received aircraft: 95A8C5 at 50.29,9.75
[SERVER] Received aircraft: 16293A at 49.64,7.44
[SERVER] Received aircraft: A8E487 at 52.52,6.23
[SERVER] Received aircraft: A01356 at 52.05,6.79
[SORT-DEBUG] Received sort='callsign', asc='false', ascending=false, count=18
[SORT-DEBUG] After sorting by callsign (asc=false):
  [0] ICAO=893F64 Callsign=VP177 Alt=28434 Spd=229
  [1] ICAO=58E57F Callsign=SN559 Alt=25996 Spd=168
  [2] ICAO=566A02 Callsign=SD932 Alt=11839 Spd=144
[SERVER] Received aircraft: 77DCC7 at 50.73,6.33
[SERVER] Received aircraft: 74C3B8 at 51.44,11.16
[SERVER] Received aircraft: 4BE1CE at 47.01,7.31
[SERVER] Received aircraft: 566A02 at 51.63,8.48
[SERVER] Received aircraft: 049452 at 51.58,4.18
[SERVER] Received aircraft: 08DF81 at 50.07,8.25
[SERVER] Received aircraft: C2FB51 at 47.81,7.09
[SERVER] Received aircraft: 356ED1 at 51.62,7.96
[SERVER] Received aircraft: A8269C at 49.86,8.42
[SERVER] Received aircraft: 6317DF at 48.20,4.29
[SERVER] Received aircraft: 58E57F at 48.62,11.55
[SERVER] Received aircraft: 3AB297 at 52.68,7.56
[SERVER] Received aircraft: 893F64 at 48.26,5.80
[SERVER] Received aircraft: 8683B3 at 51.56,10.86
[SERVER] Received aircraft: 95A8C5 at 50.29,9.75
[SERVER] Received aircraft: 16293A at 49.64,7.44
[SERVER] Received aircraft: A8E487 at 52.52,6.24
[SERVER] Received aircraft: A01356 at 52.05,6.79
[SORT-DEBUG] Received sort='callsign', asc='false', ascending=false, count=18
[SORT-DEBUG] After sorting by callsign (asc=false):
  [0] ICAO=893F64 Callsign=VP177 Alt=28434 Spd=234
  [1] ICAO=58E57F Callsign=SN559 Alt=25996 Spd=168
  [2] ICAO=566A02 Callsign=SD932 Alt=11839 Spd=144
[SERVER] Received aircraft: 77DCC7 at 50.73,6.34
[SERVER] Received aircraft: 74C3B8 at 51.44,11.16
[SERVER] Received aircraft: 4BE1CE at 47.01,7.31
[SERVER] Received aircraft: 566A02 at 51.63,8.48
[SERVER] Received aircraft: 049452 at 51.58,4.18
[SERVER] Received aircraft: 08DF81 at 50.07,8.25
[SERVER] Received aircraft: C2FB51 at 47.80,7.09
[SERVER] Received aircraft: 356ED1 at 51.62,7.96
[SERVER] Received aircraft: A8269C at 49.86,8.42
[SERVER] Received aircraft: 6317DF at 48.19,4.29
[SERVER] Received aircraft: 58E57F at 48.62,11.56
[SERVER] Received aircraft: 3AB297 at 52.68,7.56
[SERVER] Received aircraft: 893F64 at 48.26,5.80
[SERVER] Received aircraft: 8683B3 at 51.56,10.86
[SERVER] Received aircraft: 95A8C5 at 50.29,9.75
[SERVER] Received aircraft: 16293A at 49.65,7.45
[SERVER] Received aircraft: A8E487 at 52.52,6.24
[SERVER] Received aircraft: A01356 at 52.06,6.79
[SORT-DEBUG] Received sort='callsign', asc='false', ascending=false, count=18
[SORT-DEBUG] After sorting by callsign (asc=false):
  [0] ICAO=893F64 Callsign=VP177 Alt=28434 Spd=229
  [1] ICAO=58E57F Callsign=SN559 Alt=25996 Spd=168
  [2] ICAO=566A02 Callsign=SD932 Alt=11839 Spd=144
[SERVER] Received aircraft: 77DCC7 at 50.73,6.34
[SERVER] Received aircraft: 74C3B8 at 51.44,11.16
[SERVER] Received aircraft: 4BE1CE at 47.01,7.31
[SERVER] Received aircraft: 566A02 at 51.63,8.48
[SERVER] Received aircraft: 049452 at 51.58,4.18
[SERVER] Received aircraft: 08DF81 at 50.07,8.25
[SERVER] Received aircraft: C2FB51 at 47.80,7.08
[SERVER] Received aircraft: 356ED1 at 51.62,7.96
[SERVER] Received aircraft: A8269C at 49.86,8.42
[SERVER] Received aircraft: 6317DF at 48.19,4.29
[SERVER] Received aircraft: 58E57F at 48.62,11.56
[SERVER] Received aircraft: 3AB297 at 52.68,7.57
[SERVER] Received aircraft: 893F64 at 48.26,5.80
[SERVER] Received aircraft: 8683B3 at 51.56,10.86
[SERVER] Received aircraft: 95A8C5 at 50.29,9.75
[SERVER] Received aircraft: 16293A at 49.65,7.45
[SERVER] Received aircraft: A8E487 at 52.52,6.24
[SERVER] Received aircraft: A01356 at 52.06,6.80
[SORT-DEBUG] Received sort='callsign', asc='false', ascending=false, count=18
[SORT-DEBUG] After sorting by callsign (asc=false):
  [0] ICAO=893F64 Callsign=VP177 Alt=28434 Spd=229
  [1] ICAO=58E57F Callsign=SN559 Alt=25996 Spd=168
  [2] ICAO=566A02 Callsign=SD932 Alt=11839 Spd=144
[SERVER] Received aircraft: 77DCC7 at 50.73,6.34
[SERVER] Received aircraft: 74C3B8 at 51.45,11.15
[SERVER] Received aircraft: 4BE1CE at 47.01,7.31
[SERVER] Received aircraft: 566A02 at 51.63,8.48
[SERVER] Received aircraft: 049452 at 51.59,4.18
[SERVER] Received aircraft: 08DF81 at 50.07,8.25
[SERVER] Received aircraft: C2FB51 at 47.80,7.08
[SERVER] Received aircraft: 356ED1 at 51.62,7.96
[SERVER] Received aircraft: A8269C at 49.86,8.41
[SERVER] Received aircraft: 6317DF at 48.19,4.29
[SERVER] Received aircraft: 58E57F at 48.62,11.56
[SERVER] Received aircraft: 3AB297 at 52.68,7.57
[SERVER] Received aircraft: 893F64 at 48.26,5.80
[SERVER] Received aircraft: 8683B3 at 51.56,10.86
[SERVER] Received aircraft: 95A8C5 at 50.29,9.75
[SERVER] Received aircraft: 16293A at 49.65,7.45
[SERVER] Received aircraft: A8E487 at 52.52,6.25
[SERVER] Received aircraft: A01356 at 52.06,6.80
[SORT-DEBUG] Received sort='callsign', asc='false', ascending=false, count=18
[SORT-DEBUG] After sorting by callsign (asc=false):
  [0] ICAO=893F64 Callsign=VP177 Alt=28434 Spd=229
  [1] ICAO=58E57F Callsign=SN559 Alt=25996 Spd=168
  [2] ICAO=566A02 Callsign=SD932 Alt=11839 Spd=148
[SERVER] Received aircraft: 77DCC7 at 50.73,6.34
[SERVER] Received aircraft: 74C3B8 at 51.45,11.15
[SERVER] Received aircraft: 4BE1CE at 47.00,7.31
[SERVER] Received aircraft: 566A02 at 51.63,8.48
[SERVER] Received aircraft: 049452 at 51.59,4.18
[SERVER] Received aircraft: 08DF81 at 50.07,8.25
[SERVER] Received aircraft: C2FB51 at 47.80,7.08
[SERVER] Received aircraft: 356ED1 at 51.62,7.97
[SERVER] Received aircraft: A8269C at 49.86,8.41
[SERVER] Received aircraft: 6317DF at 48.19,4.29
[SERVER] Received aircraft: 58E57F at 48.62,11.56
[SERVER] Received aircraft: 3AB297 at 52.68,7.57
[SERVER] Received aircraft: 893F64 at 48.26,5.80
[SERVER] Received aircraft: 8683B3 at 51.55,10.86
[SERVER] Received aircraft: 95A8C5 at 50.30,9.75
[SERVER] Received aircraft: 16293A at 49.65,7.46
[SERVER] Received aircraft: A8E487 at 52.52,6.25
[SERVER] Received aircraft: A01356 at 52.06,6.80
[SORT-DEBUG] Received sort='callsign', asc='false', ascending=false, count=18
[SORT-DEBUG] After sorting by callsign (asc=false):
  [0] ICAO=893F64 Callsign=VP177 Alt=28434 Spd=229
  [1] ICAO=58E57F Callsign=SN559 Alt=25997 Spd=168
  [2] ICAO=566A02 Callsign=SD932 Alt=11839 Spd=148
[SERVER] Received aircraft: 77DCC7 at 50.73,6.34
[SERVER] Received aircraft: 74C3B8 at 51.45,11.15
[SERVER] Received aircraft: 4BE1CE at 47.00,7.30
[SERVER] Received aircraft: 566A02 at 51.63,8.48
[SERVER] Received aircraft: 049452 at 51.59,4.18
[SERVER] Received aircraft: 08DF81 at 50.08,8.25
[SERVER] Received aircraft: C2FB51 at 47.80,7.08
[SERVER] Received aircraft: 356ED1 at 51.62,7.97
[SERVER] Received aircraft: A8269C at 49.86,8.41
[SERVER] Received aircraft: 6317DF at 48.19,4.29
[SERVER] Received aircraft: 58E57F at 48.62,11.56
[SERVER] Received aircraft: 3AB297 at 52.68,7.57
[SERVER] Received aircraft: 893F64 at 48.26,5.80
[SERVER] Received aircraft: 8683B3 at 51.55,10.86
[SERVER] Received aircraft: 95A8C5 at 50.30,9.75
[SERVER] Received aircraft: 16293A at 49.65,7.46
[SERVER] Received aircraft: A8E487 at 52.52,6.25
[SERVER] Received aircraft: A01356 at 52.06,6.81
[SORT-DEBUG] Received sort='callsign', asc='false', ascending=false, count=18
[SORT-DEBUG] After sorting by callsign (asc=false):
  [0] ICAO=893F64 Callsign=VP177 Alt=28434 Spd=229
  [1] ICAO=58E57F Callsign=SN559 Alt=25997 Spd=168
  [2] ICAO=566A02 Callsign=SD932 Alt=11839 Spd=148
[SERVER] Received aircraft: 77DCC7 at 50.73,6.34
[SERVER] Received aircraft: 74C3B8 at 51.45,11.15
[SERVER] Received aircraft: 4BE1CE at 47.00,7.30
[SERVER] Received aircraft: 566A02 at 51.62,8.48
[SERVER] Received aircraft: 049452 at 51.59,4.17
[SERVER] Received aircraft: 08DF81 at 50.08,8.25
[SERVER] Received aircraft: C2FB51 at 47.79,7.08
[SERVER] Received aircraft: 356ED1 at 51.62,7.97
[SERVER] Received aircraft: A8269C at 49.86,8.40
[SERVER] Received aircraft: 6317DF at 48.19,4.29
[SERVER] Received aircraft: 58E57F at 48.62,11.56
[SERVER] Received aircraft: 3AB297 at 52.68,7.58
[SERVER] Received aircraft: 893F64 at 48.26,5.80
[SERVER] Received aircraft: 8683B3 at 51.55,10.86
[SERVER] Received aircraft: 95A8C5 at 50.30,9.75
[SERVER] Received aircraft: 16293A at 49.65,7.46
[SERVER] Received aircraft: A8E487 at 52.52,6.26
[SERVER] Received aircraft: A01356 at 52.06,6.81
[SORT-DEBUG] Received sort='callsign', asc='false', ascending=false, count=18
[SORT-DEBUG] After sorting by callsign (asc=false):
  [0] ICAO=893F64 Callsign=VP177 Alt=28434 Spd=229
  [1] ICAO=58E57F Callsign=SN559 Alt=25997 Spd=168
  [2] ICAO=566A02 Callsign=SD932 Alt=11839 Spd=148
[SERVER] Received aircraft: 77DCC7 at 50.73,6.35
[SERVER] Received aircraft: 74C3B8 at 51.45,11.15
[SERVER] Received aircraft: 4BE1CE at 47.00,7.30
[SERVER] Received aircraft: 566A02 at 51.62,8.48
[SERVER] Received aircraft: 049452 at 51.59,4.17
[SERVER] Received aircraft: 08DF81 at 50.08,8.25
[SERVER] Received aircraft: C2FB51 at 47.79,7.08
[SERVER] Received aircraft: 356ED1 at 51.62,7.97
[SERVER] Received aircraft: A8269C at 49.86,8.40
[SERVER] Received aircraft: 6317DF at 48.18,4.29
[SERVER] Received aircraft: 58E57F at 48.63,11.56
[SERVER] Received aircraft: 3AB297 at 52.68,7.58
[SERVER] Received aircraft: 893F64 at 48.26,5.80
[SERVER] Received aircraft: 8683B3 at 51.55,10.86
[SERVER] Received aircraft: 95A8C5 at 50.30,9.75
[SERVER] Received aircraft: 16293A at 49.65,7.47
[SERVER] Received aircraft: A8E487 at 52.52,6.26
[SERVER] Received aircraft: A01356 at 52.06,6.82
[SORT-DEBUG] Received sort='callsign', asc='false', ascending=false, count=18
[SORT-DEBUG] After sorting by callsign (asc=false):
  [0] ICAO=893F64 Callsign=VP177 Alt=28434 Spd=231
  [1] ICAO=58E57F Callsign=SN559 Alt=25997 Spd=168
  [2] ICAO=566A02 Callsign=SD932 Alt=11839 Spd=148
[SERVER] Received aircraft: 77DCC7 at 50.73,6.35
[SERVER] Received aircraft: 74C3B8 at 51.45,11.14
[SERVER] Received aircraft: 4BE1CE at 47.00,7.30
[SERVER] Received aircraft: 566A02 at 51.62,8.48
[SERVER] Received aircraft: 049452 at 51.59,4.17
[SERVER] Received aircraft: 08DF81 at 50.08,8.25
[SERVER] Received aircraft: C2FB51 at 47.79,7.08
[SERVER] Received aircraft: 356ED1 at 51.62,7.97
[SERVER] Received aircraft: A8269C at 49.86,8.40
[SERVER] Received aircraft: 6317DF at 48.18,4.29
[SERVER] Received aircraft: 58E57F at 48.63,11.56
[SERVER] Received aircraft: 3AB297 at 52.68,7.58
[SERVER] Received aircraft: 893F64 at 48.26,5.80
[SERVER] Received aircraft: 8683B3 at 51.55,10.86
[SERVER] Received aircraft: 95A8C5 at 50.30,9.75
[SERVER] Received aircraft: 16293A at 49.66,7.47
[SERVER] Received aircraft: A8E487 at 52.52,6.26
[SERVER] Received aircraft: A01356 at 52.06,6.82
[SORT-DEBUG] Received sort='callsign', asc='false', ascending=false, count=18
[SORT-DEBUG] After sorting by callsign (asc=false):
  [0] ICAO=893F64 Callsign=VP177 Alt=28434 Spd=231
  [1] ICAO=58E57F Callsign=SN559 Alt=25997 Spd=168
  [2] ICAO=566A02 Callsign=SD932 Alt=11839 Spd=148
[SERVER] Received aircraft: 77DCC7 at 50.73,6.35
[SERVER] Received aircraft: 74C3B8 at 51.45,11.14
[SERVER] Received aircraft: 4BE1CE at 46.99,7.30
[SERVER] Received aircraft: 566A02 at 51.62,8.48
[SERVER] Received aircraft: 049452 at 51.60,4.17
[SERVER] Received aircraft: 08DF81 at 50.08,8.25
[SERVER] Received aircraft: C2FB51 at 47.79,7.08
[SERVER] Received aircraft: 356ED1 at 51.62,7.97
[SERVER] Received aircraft: A8269C at 49.86,8.39
[SERVER] Received aircraft: 6317DF at 48.18,4.29
[SERVER] Received aircraft: 58E57F at 48.63,11.56
[SERVER] Received aircraft: 3AB297 at 52.68,7.58
[SERVER] Received aircraft: 893F64 at 48.26,5.80
[SERVER] Received aircraft: 8683B3 at 51.55,10.86
[SERVER] Received aircraft: 95A8C5 at 50.30,9.75
[SERVER] Received aircraft: 16293A at 49.66,7.48
[SERVER] Received aircraft: A8E487 at 52.52,6.27
[SERVER] Received aircraft: A01356 at 52.06,6.82
[SORT-DEBUG] Received sort='callsign', asc='false', ascending=false, count=18
[SORT-DEBUG] After sorting by callsign (asc=false):
  [0] ICAO=893F64 Callsign=VP177 Alt=28434 Spd=232
  [1] ICAO=58E57F Callsign=SN559 Alt=25997 Spd=168
  [2] ICAO=566A02 Callsign=SD932 Alt=11839 Spd=148
[SERVER] Received aircraft: 77DCC7 at 50.73,6.35
[SERVER] Received aircraft: 74C3B8 at 51.45,11.14
[SERVER] Received aircraft: 4BE1CE at 46.99,7.30
[SERVER] Received aircraft: 566A02 at 51.62,8.48
[SERVER] Received aircraft: 049452 at 51.60,4.17
[SERVER] Received aircraft: 08DF81 at 50.08,8.25
[SERVER] Received aircraft: C2FB51 at 47.79,7.08
[SERVER] Received aircraft: 356ED1 at 51.62,7.98
[SERVER] Received aircraft: A8269C at 49.86,8.39
[SERVER] Received aircraft: 6317DF at 48.18,4.28
[SERVER] Received aircraft: 58E57F at 48.63,11.56
[SERVER] Received aircraft: 3AB297 at 52.68,7.59
[SERVER] Received aircraft: 893F64 at 48.26,5.81
[SERVER] Received aircraft: 8683B3 at 51.55,10.86
[SERVER] Received aircraft: 95A8C5 at 50.30,9.75
[SERVER] Received aircraft: 16293A at 49.66,7.48
[SERVER] Received aircraft: A8E487 at 52.52,6.27
[SERVER] Received aircraft: A01356 at 52.06,6.83
[SORT-DEBUG] Received sort='callsign', asc='false', ascending=false, count=18
[SORT-DEBUG] After sorting by callsign (asc=false):
  [0] ICAO=893F64 Callsign=VP177 Alt=28434 Spd=228
  [1] ICAO=58E57F Callsign=SN559 Alt=25997 Spd=168
  [2] ICAO=566A02 Callsign=SD932 Alt=11839 Spd=148
[SERVER] Received aircraft: 77DCC7 at 50.73,6.35
[SERVER] Received aircraft: 74C3B8 at 51.45,11.14
[SERVER] Received aircraft: 4BE1CE at 46.99,7.30
[SERVER] Received aircraft: 566A02 at 51.62,8.48
[SERVER] Received aircraft: 049452 at 51.60,4.17
[SERVER] Received aircraft: 08DF81 at 50.08,8.24
[SERVER] Received aircraft: C2FB51 at 47.78,7.08
[SERVER] Received aircraft: 356ED1 at 51.62,7.98
[SERVER] Received aircraft: A8269C at 49.86,8.39
[SERVER] Received aircraft: 6317DF at 48.18,4.28
[SERVER] Received aircraft: 58E57F at 48.63,11.56
[SERVER] Received aircraft: 3AB297 at 52.68,7.59
[SERVER] Received aircraft: 893F64 at 48.27,5.81
[SERVER] Received aircraft: 8683B3 at 51.55,10.86
[SERVER] Received aircraft: 95A8C5 at 50.31,9.75
[SERVER] Received aircraft: 16293A at 49.66,7.48
[SERVER] Received aircraft: A8E487 at 52.52,6.27
[SERVER] Received aircraft: A01356 at 52.07,6.83
[SORT-DEBUG] Received sort='callsign', asc='false', ascending=false, count=18
[SORT-DEBUG] After sorting by callsign (asc=false):
  [0] ICAO=893F64 Callsign=VP177 Alt=28434 Spd=228
  [1] ICAO=58E57F Callsign=SN559 Alt=25901 Spd=168
  [2] ICAO=566A02 Callsign=SD932 Alt=11876 Spd=148
[SERVER] Received aircraft: 77DCC7 at 50.73,6.36
[SERVER] Received aircraft: 74C3B8 at 51.45,11.14
[SERVER] Received aircraft: 4BE1CE at 46.99,7.30
[SERVER] Received aircraft: 566A02 at 51.62,8.48
[SERVER] Received aircraft: 049452 at 51.60,4.17
[SERVER] Received aircraft: 08DF81 at 50.09,8.24
[SERVER] Received aircraft: C2FB51 at 47.78,7.08
[SERVER] Received aircraft: 356ED1 at 51.62,7.98
[SERVER] Received aircraft: A8269C at 49.86,8.38
[SERVER] Received aircraft: 6317DF at 48.17,4.28
[SERVER] Received aircraft: 58E57F at 48.63,11.56
[SERVER] Received aircraft: 3AB297 at 52.68,7.59
[SERVER] Received aircraft: 893F64 at 48.27,5.81
[SERVER] Received aircraft: 8683B3 at 51.54,10.86
[SERVER] Received aircraft: 95A8C5 at 50.31,9.75
[SERVER] Received aircraft: 16293A at 49.66,7.49
[SERVER] Received aircraft: A8E487 at 52.52,6.28
[SERVER] Received aircraft: A01356 at 52.07,6.83
[SORT-DEBUG] Received sort='callsign', asc='false', ascending=false, count=18
[SORT-DEBUG] After sorting by callsign (asc=false):
  [0] ICAO=893F64 Callsign=VP177 Alt=28434 Spd=231
  [1] ICAO=58E57F Callsign=SN559 Alt=25901 Spd=168
  [2] ICAO=566A02 Callsign=SD932 Alt=11876 Spd=148
[SERVER] Received aircraft: 77DCC7 at 50.73,6.36
[SERVER] Received aircraft: 74C3B8 at 51.45,11.13
[SERVER] Received aircraft: 4BE1CE at 46.99,7.30
[SERVER] Received aircraft: 566A02 at 51.62,8.48
[SERVER] Received aircraft: 049452 at 51.60,4.17
[SERVER] Received aircraft: 08DF81 at 50.09,8.24
[SERVER] Received aircraft: C2FB51 at 47.78,7.08
[SERVER] Received aircraft: 356ED1 at 51.62,7.98
[SERVER] Received aircraft: A8269C at 49.86,8.38
[SERVER] Received aircraft: 6317DF at 48.17,4.28
[SERVER] Received aircraft: 58E57F at 48.63,11.56
[SERVER] Received aircraft: 3AB297 at 52.68,7.59
[SERVER] Received aircraft: 893F64 at 48.27,5.81
[SERVER] Received aircraft: 8683B3 at 51.54,10.86
[SERVER] Received aircraft: 95A8C5 at 50.31,9.75
[SERVER] Received aircraft: 16293A at 49.66,7.49
[SERVER] Received aircraft: A8E487 at 52.52,6.28
[SERVER] Received aircraft: A01356 at 52.07,6.84
[SORT-DEBUG] Received sort='callsign', asc='false', ascending=false, count=18
[SORT-DEBUG] After sorting by callsign (asc=false):
  [0] ICAO=893F64 Callsign=VP177 Alt=28434 Spd=231
  [1] ICAO=58E57F Callsign=SN559 Alt=25901 Spd=168
  [2] ICAO=566A02 Callsign=SD932 Alt=11876 Spd=148
[SERVER] Received aircraft: 77DCC7 at 50.73,6.36
[SERVER] Received aircraft: 74C3B8 at 51.45,11.13
[SERVER] Received aircraft: 4BE1CE at 46.99,7.30
[SERVER] Received aircraft: 566A02 at 51.62,8.48
[SERVER] Received aircraft: 049452 at 51.60,4.17
[SERVER] Received aircraft: 08DF81 at 50.09,8.24
[SERVER] Received aircraft: C2FB51 at 47.78,7.08
[SERVER] Received aircraft: 356ED1 at 51.62,7.98
[SERVER] Received aircraft: A8269C at 49.86,8.38
[SERVER] Received aircraft: 6317DF at 48.17,4.28
[SERVER] Received aircraft: 58E57F at 48.63,11.56
[SERVER] Received aircraft: 3AB297 at 52.68,7.60
[SERVER] Received aircraft: 893F64 at 48.27,5.81
[SERVER] Received aircraft: 8683B3 at 51.54,10.86
[SERVER] Received aircraft: 95A8C5 at 50.31,9.75
[SERVER] Received aircraft: 16293A at 49.66,7.49
[SERVER] Received aircraft: A8E487 at 52.52,6.28
[SERVER] Received aircraft: A01356 at 52.07,6.84
[SORT-DEBUG] Received sort='callsign', asc='false', ascending=false, count=18
[SORT-DEBUG] After sorting by callsign (asc=false):
  [0] ICAO=893F64 Callsign=VP177 Alt=28434 Spd=231
  [1] ICAO=58E57F Callsign=SN559 Alt=25901 Spd=168
  [2] ICAO=566A02 Callsign=SD932 Alt=11876 Spd=143
[SERVER] Received aircraft: 77DCC7 at 50.73,6.36
[SERVER] Received aircraft: 74C3B8 at 51.45,11.13
[SERVER] Received aircraft: 4BE1CE at 46.98,7.30
[SERVER] Received aircraft: 566A02 at 51.62,8.48
[SERVER] Received aircraft: 049452 at 51.60,4.17
[SERVER] Received aircraft: 08DF81 at 50.09,8.24
[SERVER] Received aircraft: C2FB51 at 47.78,7.08
[SERVER] Received aircraft: 356ED1 at 51.62,7.98
[SERVER] Received aircraft: A8269C at 49.86,8.37
[SERVER] Received aircraft: 6317DF at 48.17,4.28
[SERVER] Received aircraft: 58E57F at 48.63,11.56
[SERVER] Received aircraft: 3AB297 at 52.68,7.60
[SERVER] Received aircraft: 893F64 at 48.27,5.81
[SERVER] Received aircraft: 8683B3 at 51.54,10.86
[SERVER] Received aircraft: 95A8C5 at 50.31,9.75
[SERVER] Received aircraft: 16293A at 49.66,7.50
[SERVER] Received aircraft: A8E487 at 52.52,6.29
[SERVER] Received aircraft: A01356 at 52.07,6.84
[SORT-DEBUG] Received sort='callsign', asc='false', ascending=false, count=18
[SORT-DEBUG] After sorting by callsign (asc=false):
  [0] ICAO=893F64 Callsign=VP177 Alt=28434 Spd=231
  [1] ICAO=58E57F Callsign=SN559 Alt=25901 Spd=168
  [2] ICAO=566A02 Callsign=SD932 Alt=11876 Spd=143
[SERVER] Received aircraft: 77DCC7 at 50.73,6.36
[SERVER] Received aircraft: 74C3B8 at 51.45,11.13
[SERVER] Received aircraft: 4BE1CE at 46.98,7.30
[SERVER] Received aircraft: 566A02 at 51.62,8.48
[SERVER] Received aircraft: 049452 at 51.61,4.17
[SERVER] Received aircraft: 08DF81 at 50.09,8.24
[SERVER] Received aircraft: C2FB51 at 47.77,7.08
[SERVER] Received aircraft: 356ED1 at 51.62,7.98
[SERVER] Received aircraft: A8269C at 49.86,8.37
[SERVER] Received aircraft: 6317DF at 48.17,4.28
[SERVER] Received aircraft: 58E57F at 48.63,11.56
[SERVER] Received aircraft: 3AB297 at 52.68,7.60
[SERVER] Received aircraft: 893F64 at 48.27,5.81
[SERVER] Received aircraft: 8683B3 at 51.54,10.86
[SERVER] Received aircraft: 95A8C5 at 50.31,9.75
[SERVER] Received aircraft: 16293A at 49.67,7.50
[SERVER] Received aircraft: A8E487 at 52.52,6.29
[SERVER] Received aircraft: A01356 at 52.07,6.85
[SORT-DEBUG] Received sort='callsign', asc='false', ascending=false, count=18
[SORT-DEBUG] After sorting by callsign (asc=false):
  [0] ICAO=893F64 Callsign=VP177 Alt=28434 Spd=231
  [1] ICAO=58E57F Callsign=SN559 Alt=25901 Spd=168
  [2] ICAO=566A02 Callsign=SD932 Alt=11876 Spd=143
[SERVER] Received aircraft: 77DCC7 at 50.73,6.36
[SERVER] Received aircraft: 74C3B8 at 51.45,11.13
[SERVER] Received aircraft: 4BE1CE at 46.98,7.30
[SERVER] Received aircraft: 566A02 at 51.62,8.48
[SERVER] Received aircraft: 049452 at 51.61,4.17
[SERVER] Received aircraft: 08DF81 at 50.09,8.24
[SERVER] Received aircraft: C2FB51 at 47.77,7.08
[SERVER] Received aircraft: 356ED1 at 51.62,7.99
[SERVER] Received aircraft: A8269C at 49.86,8.37
[SERVER] Received aircraft: 6317DF at 48.16,4.28
[SERVER] Received aircraft: 58E57F at 48.63,11.56
[SERVER] Received aircraft: 3AB297 at 52.68,7.61
[SERVER] Received aircraft: 893F64 at 48.27,5.81
[SERVER] Received aircraft: 8683B3 at 51.54,10.86
[SERVER] Received aircraft: 95A8C5 at 50.32,9.75
[SERVER] Received aircraft: 16293A at 49.67,7.51
[SERVER] Received aircraft: A8E487 at 52.52,6.29
[SERVER] Received aircraft: A01356 at 52.07,6.85
[SORT-DEBUG] Received sort='callsign', asc='false', ascending=false, count=18
[SORT-DEBUG] After sorting by callsign (asc=false):
  [0] ICAO=893F64 Callsign=VP177 Alt=28434 Spd=231
  [1] ICAO=58E57F Callsign=SN559 Alt=25901 Spd=170
  [2] ICAO=566A02 Callsign=SD932 Alt=11876 Spd=143
[SERVER] Received aircraft: 77DCC7 at 50.73,6.37
[SERVER] Received aircraft: 74C3B8 at 51.46,11.12
[SERVER] Received aircraft: 4BE1CE at 46.98,7.29
[SERVER] Received aircraft: 566A02 at 51.62,8.48
[SERVER] Received aircraft: 049452 at 51.61,4.17
[SERVER] Received aircraft: 08DF81 at 50.09,8.24
[SERVER] Received aircraft: C2FB51 at 47.77,7.08
[SERVER] Received aircraft: 356ED1 at 51.62,7.99
[SERVER] Received aircraft: A8269C at 49.86,8.36
[SERVER] Received aircraft: 6317DF at 48.16,4.28
[SERVER] Received aircraft: 58E57F at 48.63,11.56
[SERVER] Received aircraft: 3AB297 at 52.68,7.61
[SERVER] Received aircraft: 893F64 at 48.27,5.81
[SERVER] Received aircraft: 8683B3 at 51.54,10.85
[SERVER] Received aircraft: 95A8C5 at 50.32,9.75
[SERVER] Received aircraft: 16293A at 49.67,7.51
[SERVER] Received aircraft: A8E487 at 52.52,6.30
[SERVER] Received aircraft: A01356 at 52.07,6.86
[SORT-DEBUG] Received sort='callsign', asc='false', ascending=false, count=18
[SORT-DEBUG] After sorting by callsign (asc=false):
  [0] ICAO=893F64 Callsign=VP177 Alt=28434 Spd=231
  [1] ICAO=58E57F Callsign=SN559 Alt=25901 Spd=170
  [2] ICAO=566A02 Callsign=SD932 Alt=11876 Spd=143
[SERVER] Received aircraft: 77DCC7 at 50.73,6.37
[SERVER] Received aircraft: 74C3B8 at 51.46,11.12
[SERVER] Received aircraft: 4BE1CE at 46.98,7.29
[SERVER] Received aircraft: 566A02 at 51.62,8.48
[SERVER] Received aircraft: 049452 at 51.61,4.17
[SERVER] Received aircraft: 08DF81 at 50.10,8.24
[SERVER] Received aircraft: C2FB51 at 47.77,7.08
[SERVER] Received aircraft: 356ED1 at 51.63,7.99
[SERVER] Received aircraft: A8269C at 49.86,8.36
[SERVER] Received aircraft: 6317DF at 48.16,4.28
[SERVER] Received aircraft: 58E57F at 48.63,11.56
[SERVER] Received aircraft: 3AB297 at 52.68,7.61
[SERVER] Received aircraft: 893F64 at 48.27,5.81
[SERVER] Received aircraft: 8683B3 at 51.54,10.85
[SERVER] Received aircraft: 95A8C5 at 50.32,9.75
[SERVER] Received aircraft: 16293A at 49.67,7.51
[SERVER] Received aircraft: A8E487 at 52.52,6.30
[SERVER] Received aircraft: A01356 at 52.07,6.86
[SORT-DEBUG] Received sort='callsign', asc='false', ascending=false, count=18
[SORT-DEBUG] After sorting by callsign (asc=false):
  [0] ICAO=893F64 Callsign=VP177 Alt=28434 Spd=231
  [1] ICAO=58E57F Callsign=SN559 Alt=25901 Spd=170
  [2] ICAO=566A02 Callsign=SD932 Alt=11876 Spd=143
[SERVER] Received aircraft: 77DCC7 at 50.73,6.37
[SERVER] Received aircraft: 74C3B8 at 51.46,11.12
[SERVER] Received aircraft: 4BE1CE at 46.97,7.29
[SERVER] Received aircraft: 566A02 at 51.62,8.48
[SERVER] Received aircraft: 049452 at 51.61,4.17
[SERVER] Received aircraft: 08DF81 at 50.10,8.24
[SERVER] Received aircraft: C2FB51 at 47.77,7.08
[SERVER] Received aircraft: 356ED1 at 51.63,7.99
[SERVER] Received aircraft: A8269C at 49.86,8.36
[SERVER] Received aircraft: 6317DF at 48.16,4.28
[SERVER] Received aircraft: 58E57F at 48.63,11.56
[SERVER] Received aircraft: 3AB297 at 52.68,7.61
[SERVER] Received aircraft: 893F64 at 48.27,5.81
[SERVER] Received aircraft: 8683B3 at 51.53,10.85
[SERVER] Received aircraft: 95A8C5 at 50.32,9.75
[SERVER] Received aircraft: 16293A at 49.67,7.52
[SERVER] Received aircraft: A8E487 at 52.52,6.30
[SERVER] Received aircraft: A01356 at 52.08,6.86
[SORT-DEBUG] Received sort='callsign', asc='false', ascending=false, count=18
[SORT-DEBUG] After sorting by callsign (asc=false):
  [0] ICAO=893F64 Callsign=VP177 Alt=28434 Spd=231
  [1] ICAO=58E57F Callsign=SN559 Alt=25901 Spd=170
  [2] ICAO=566A02 Callsign=SD932 Alt=11876 Spd=138
[SERVER] Received aircraft: 77DCC7 at 50.73,6.37
[SERVER] Received aircraft: 74C3B8 at 51.46,11.12
[SERVER] Received aircraft: 4BE1CE at 46.97,7.29
[SERVER] Received aircraft: 566A02 at 51.61,8.48
[SERVER] Received aircraft: 049452 at 51.61,4.17
[SERVER] Received aircraft: 08DF81 at 50.10,8.24
[SERVER] Received aircraft: C2FB51 at 47.76,7.08
[SERVER] Received aircraft: 356ED1 at 51.63,7.99
[SERVER] Received aircraft: A8269C at 49.86,8.35
[SERVER] Received aircraft: 6317DF at 48.16,4.28
[SERVER] Received aircraft: 58E57F at 48.64,11.56
[SERVER] Received aircraft: 3AB297 at 52.68,7.62
[SERVER] Received aircraft: 893F64 at 48.28,5.81
[SERVER] Received aircraft: 8683B3 at 51.53,10.85
[SERVER] Received aircraft: 95A8C5 at 50.32,9.75
[SERVER] Received aircraft: 16293A at 49.67,7.52
[SERVER] Received aircraft: A8E487 at 52.52,6.30
[SERVER] Received aircraft: A01356 at 52.08,6.87
[SORT-DEBUG] Received sort='callsign', asc='false', ascending=false, count=18
[SORT-DEBUG] After sorting by callsign (asc=false):
  [0] ICAO=893F64 Callsign=VP177 Alt=28434 Spd=231
  [1] ICAO=58E57F Callsign=SN559 Alt=25901 Spd=170
  [2] ICAO=566A02 Callsign=SD932 Alt=11924 Spd=139
[SERVER] Received aircraft: 77DCC7 at 50.73,6.37
[SERVER] Received aircraft: 74C3B8 at 51.46,11.12
[SERVER] Received aircraft: 4BE1CE at 46.97,7.29
[SERVER] Received aircraft: 566A02 at 51.61,8.48
[SERVER] Received aircraft: 049452 at 51.62,4.17
[SERVER] Received aircraft: 08DF81 at 50.10,8.24
[SERVER] Received aircraft: C2FB51 at 47.76,7.07
[SERVER] Received aircraft: 356ED1 at 51.63,7.99
[SERVER] Received aircraft: A8269C at 49.86,8.35
[SERVER] Received aircraft: 6317DF at 48.15,4.28
[SERVER] Received aircraft: 58E57F at 48.64,11.56
[SERVER] Received aircraft: 3AB297 at 52.68,7.62
[SERVER] Received aircraft: 893F64 at 48.28,5.81
[SERVER] Received aircraft: 8683B3 at 51.53,10.85
[SERVER] Received aircraft: 95A8C5 at 50.32,9.75
[SERVER] Received aircraft: 16293A at 49.67,7.52
[SERVER] Received aircraft: A8E487 at 52.52,6.31
[SERVER] Received aircraft: A01356 at 52.08,6.87
[SORT-DEBUG] Received sort='callsign', asc='false', ascending=false, count=18
[SORT-DEBUG] After sorting by callsign (asc=false):
  [0] ICAO=893F64 Callsign=VP177 Alt=28428 Spd=231
  [1] ICAO=58E57F Callsign=SN559 Alt=25901 Spd=170
  [2] ICAO=566A02 Callsign=SD932 Alt=11924 Spd=139
[SERVER] Received aircraft: 77DCC7 at 50.73,6.37
[SERVER] Received aircraft: 74C3B8 at 51.46,11.11
[SERVER] Received aircraft: 4BE1CE at 46.97,7.29
[SERVER] Received aircraft: 566A02 at 51.61,8.48
[SERVER] Received aircraft: 049452 at 51.62,4.17
[SERVER] Received aircraft: 08DF81 at 50.10,8.24
[SERVER] Received aircraft: C2FB51 at 47.76,7.07
[SERVER] Received aircraft: 356ED1 at 51.63,8.00
[SERVER] Received aircraft: A8269C at 49.86,8.35
[SERVER] Received aircraft: 6317DF at 48.15,4.28
[SERVER] Received aircraft: 58E57F at 48.64,11.56
[SERVER] Received aircraft: 3AB297 at 52.68,7.62
[SERVER] Received aircraft: 893F64 at 48.28,5.81
[SERVER] Received aircraft: 8683B3 at 51.53,10.85
[SERVER] Received aircraft: 95A8C5 at 50.33,9.75
[SERVER] Received aircraft: 16293A at 49.67,7.53
[SERVER] Received aircraft: A8E487 at 52.53,6.31
[SERVER] Received aircraft: A01356 at 52.08,6.87
[SORT-DEBUG] Received sort='callsign', asc='false', ascending=false, count=18
[SORT-DEBUG] After sorting by callsign (asc=false):
  [0] ICAO=893F64 Callsign=VP177 Alt=28428 Spd=231
  [1] ICAO=58E57F Callsign=SN559 Alt=25901 Spd=170
  [2] ICAO=566A02 Callsign=SD932 Alt=11924 Spd=139
[SERVER] Received aircraft: 77DCC7 at 50.73,6.38
[SERVER] Received aircraft: 74C3B8 at 51.46,11.11
[SERVER] Received aircraft: 4BE1CE at 46.97,7.29
[SERVER] Received aircraft: 566A02 at 51.61,8.48
[SERVER] Received aircraft: 049452 at 51.62,4.17
[SERVER] Received aircraft: 08DF81 at 50.10,8.24
[SERVER] Received aircraft: C2FB51 at 47.76,7.07
[SERVER] Received aircraft: 356ED1 at 51.63,8.00
[SERVER] Received aircraft: A8269C at 49.86,8.34
[SERVER] Received aircraft: 6317DF at 48.15,4.28
[SERVER] Received aircraft: 58E57F at 48.64,11.56
[SERVER] Received aircraft: 3AB297 at 52.68,7.62
[SERVER] Received aircraft: 893F64 at 48.28,5.81
[SERVER] Received aircraft: 8683B3 at 51.53,10.85
[SERVER] Received aircraft: 95A8C5 at 50.33,9.75
[SERVER] Received aircraft: 16293A at 49.68,7.53
[SERVER] Received aircraft: A8E487 at 52.53,6.31
[SERVER] Received aircraft: A01356 at 52.08,6.88
[SORT-DEBUG] Received sort='callsign', asc='false', ascending=false, count=18
[SORT-DEBUG] After sorting by callsign (asc=false):
  [0] ICAO=893F64 Callsign=VP177 Alt=28428 Spd=231
  [1] ICAO=58E57F Callsign=SN559 Alt=25901 Spd=170
  [2] ICAO=566A02 Callsign=SD932 Alt=11924 Spd=139
[SERVER] Received aircraft: 77DCC7 at 50.73,6.38
[SERVER] Received aircraft: 74C3B8 at 51.46,11.11
[SERVER] Received aircraft: 4BE1CE at 46.96,7.29
[SERVER] Received aircraft: 566A02 at 51.61,8.48
[SERVER] Received aircraft: 049452 at 51.62,4.17
[SERVER] Received aircraft: 08DF81 at 50.10,8.24
[SERVER] Received aircraft: C2FB51 at 47.76,7.07
[SERVER] Received aircraft: 356ED1 at 51.63,8.00
[SERVER] Received aircraft: A8269C at 49.86,8.34
[SERVER] Received aircraft: 6317DF at 48.15,4.28
[SERVER] Received aircraft: 58E57F at 48.64,11.57
[SERVER] Received aircraft: 3AB297 at 52.68,7.63
[SERVER] Received aircraft: 893F64 at 48.28,5.82
[SERVER] Received aircraft: 8683B3 at 51.53,10.85
[SERVER] Received aircraft: 95A8C5 at 50.33,9.75
[SERVER] Received aircraft: 16293A at 49.68,7.53
[SERVER] Received aircraft: A8E487 at 52.53,6.32
[SERVER] Received aircraft: A01356 at 52.08,6.88
[SORT-DEBUG] Received sort='callsign', asc='false', ascending=false, count=18
[SORT-DEBUG] After sorting by callsign (asc=false):
  [0] ICAO=893F64 Callsign=VP177 Alt=28428 Spd=231
  [1] ICAO=58E57F Callsign=SN559 Alt=25901 Spd=170
  [2] ICAO=566A02 Callsign=SD932 Alt=11924 Spd=139
[SERVER] Received aircraft: 77DCC7 at 50.73,6.38
[SERVER] Received aircraft: 74C3B8 at 51.46,11.11
[SERVER] Received aircraft: 4BE1CE at 46.96,7.29
[SERVER] Received aircraft: 566A02 at 51.61,8.48
[SERVER] Received aircraft: 049452 at 51.62,4.17
[SERVER] Received aircraft: 08DF81 at 50.11,8.23
[SERVER] Received aircraft: C2FB51 at 47.75,7.07
[SERVER] Received aircraft: 356ED1 at 51.63,8.00
[SERVER] Received aircraft: A8269C at 49.86,8.34
[SERVER] Received aircraft: 6317DF at 48.15,4.28
[SERVER] Received aircraft: 58E57F at 48.64,11.57
[SERVER] Received aircraft: 3AB297 at 52.68,7.63
[SERVER] Received aircraft: 893F64 at 48.28,5.82
[SERVER] Received aircraft: 8683B3 at 51.53,10.85
[SERVER] Received aircraft: 95A8C5 at 50.33,9.75
[SERVER] Received aircraft: 16293A at 49.68,7.54
[SERVER] Received aircraft: A8E487 at 52.53,6.32
[SERVER] Received aircraft: A01356 at 52.08,6.89
[SORT-DEBUG] Received sort='callsign', asc='false', ascending=false, count=18
[SORT-DEBUG] After sorting by callsign (asc=false):
  [0] ICAO=893F64 Callsign=VP177 Alt=28428 Spd=231
  [1] ICAO=58E57F Callsign=SN559 Alt=25901 Spd=170
  [2] ICAO=566A02 Callsign=SD932 Alt=11975 Spd=139
[SERVER] Received aircraft: 77DCC7 at 50.73,6.38
[SERVER] Received aircraft: 74C3B8 at 51.46,11.11
[SERVER] Received aircraft: 4BE1CE at 46.96,7.29
[SERVER] Received aircraft: 566A02 at 51.61,8.48
[SERVER] Received aircraft: 049452 at 51.62,4.16
[SERVER] Received aircraft: 08DF81 at 50.11,8.23
[SERVER] Received aircraft: C2FB51 at 47.75,7.07
[SERVER] Received aircraft: 356ED1 at 51.63,8.00
[SERVER] Received aircraft: A8269C at 49.86,8.33
[SERVER] Received aircraft: 6317DF at 48.15,4.28
[SERVER] Received aircraft: 58E57F at 48.64,11.57
[SERVER] Received aircraft: 3AB297 at 52.68,7.63
[SERVER] Received aircraft: 893F64 at 48.28,5.82
[SERVER] Received aircraft: 8683B3 at 51.52,10.85
[SERVER] Received aircraft: 95A8C5 at 50.33,9.75
[SERVER] Received aircraft: 16293A at 49.68,7.54
[SERVER] Received aircraft: A8E487 at 52.53,6.32
[SERVER] Received aircraft: A01356 at 52.08,6.89
[SORT-DEBUG] Received sort='callsign', asc='false', ascending=false, count=18
[SORT-DEBUG] After sorting by callsign (asc=false):
  [0] ICAO=893F64 Callsign=VP177 Alt=28428 Spd=231
  [1] ICAO=58E57F Callsign=SN559 Alt=25901 Spd=170
  [2] ICAO=566A02 Callsign=SD932 Alt=11975 Spd=139
[SERVER] Received aircraft: 77DCC7 at 50.73,6.38
[SERVER] Received aircraft: 74C3B8 at 51.46,11.10
[SERVER] Received aircraft: 4BE1CE at 46.96,7.29
[SERVER] Received aircraft: 566A02 at 51.61,8.48
[SERVER] Received aircraft: 049452 at 51.62,4.16
[SERVER] Received aircraft: 08DF81 at 50.11,8.23
[SERVER] Received aircraft: C2FB51 at 47.75,7.07
[SERVER] Received aircraft: 356ED1 at 51.63,8.00
[SERVER] Received aircraft: A8269C at 49.86,8.33
[SERVER] Received aircraft: 6317DF at 48.14,4.28
[SERVER] Received aircraft: 58E57F at 48.64,11.57
[SERVER] Received aircraft: 3AB297 at 52.68,7.64
[SERVER] Received aircraft: 893F64 at 48.28,5.82
[SERVER] Received aircraft: 8683B3 at 51.52,10.85
[SERVER] Received aircraft: 95A8C5 at 50.33,9.75
[SERVER] Received aircraft: 16293A at 49.68,7.54
[SERVER] Received aircraft: A8E487 at 52.53,6.33
[SERVER] Received aircraft: A01356 at 52.08,6.89
[SORT-DEBUG] Received sort='callsign', asc='false', ascending=false, count=18
[SORT-DEBUG] After sorting by callsign (asc=false):
  [0] ICAO=893F64 Callsign=VP177 Alt=28428 Spd=231
  [1] ICAO=58E57F Callsign=SN559 Alt=25901 Spd=170
  [2] ICAO=566A02 Callsign=SD932 Alt=11975 Spd=139
[SERVER] Received aircraft: 77DCC7 at 50.73,6.38
[SERVER] Received aircraft: 74C3B8 at 51.46,11.10
[SERVER] Received aircraft: 4BE1CE at 46.96,7.29
[SERVER] Received aircraft: 566A02 at 51.61,8.48
[SERVER] Received aircraft: 049452 at 51.63,4.16
[SERVER] Received aircraft: 08DF81 at 50.11,8.23
[SERVER] Received aircraft: C2FB51 at 47.75,7.07
[SERVER] Received aircraft: 356ED1 at 51.63,8.00
[SERVER] Received aircraft: A8269C at 49.86,8.33
[SERVER] Received aircraft: 6317DF at 48.14,4.28
[SERVER] Received aircraft: 58E57F at 48.64,11.57
[SERVER] Received aircraft: 3AB297 at 52.68,7.64
[SERVER] Received aircraft: 893F64 at 48.28,5.82
[SERVER] Received aircraft: 8683B3 at 51.52,10.85
[SERVER] Received aircraft: 95A8C5 at 50.34,9.75
[SERVER] Received aircraft: 16293A at 49.68,7.55
[SERVER] Received aircraft: A8E487 at 52.53,6.33
[SERVER] Received aircraft: A01356 at 52.09,6.90
[SORT-DEBUG] Received sort='callsign', asc='false', ascending=false, count=18
[SORT-DEBUG] After sorting by callsign (asc=false):
  [0] ICAO=893F64 Callsign=VP177 Alt=28428 Spd=231
  [1] ICAO=58E57F Callsign=SN559 Alt=25901 Spd=170
  [2] ICAO=566A02 Callsign=SD932 Alt=11975 Spd=139
[SERVER] Received aircraft: 77DCC7 at 50.73,6.39
[SERVER] Received aircraft: 74C3B8 at 51.46,11.10
[SERVER] Received aircraft: 4BE1CE at 46.95,7.29
[SERVER] Received aircraft: 566A02 at 51.61,8.48
[SERVER] Received aircraft: 049452 at 51.63,4.16
[SERVER] Received aircraft: 08DF81 at 50.11,8.23
[SERVER] Received aircraft: C2FB51 at 47.75,7.07
[SERVER] Received aircraft: 356ED1 at 51.63,8.01
[SERVER] Received aircraft: A8269C at 49.86,8.32
[SERVER] Received aircraft: 6317DF at 48.14,4.28
[SERVER] Received aircraft: 58E57F at 48.64,11.57
[SERVER] Received aircraft: 3AB297 at 52.68,7.64
[SERVER] Received aircraft: 893F64 at 48.28,5.82
[SERVER] Received aircraft: 8683B3 at 51.52,10.85
[SERVER] Received aircraft: 95A8C5 at 50.34,9.75
[SERVER] Received aircraft: 16293A at 49.69,7.55
[SERVER] Received aircraft: A8E487 at 52.53,6.33
[SERVER] Received aircraft: A01356 at 52.09,6.90
[SORT-DEBUG] Received sort='callsign', asc='false', ascending=false, count=18
[SORT-DEBUG] After sorting by callsign (asc=false):
  [0] ICAO=893F64 Callsign=VP177 Alt=28428 Spd=231
  [1] ICAO=58E57F Callsign=SN559 Alt=25901 Spd=170
  [2] ICAO=566A02 Callsign=SD932 Alt=11975 Spd=142
[SERVER] Received aircraft: 77DCC7 at 50.73,6.39
[SERVER] Received aircraft: 74C3B8 at 51.46,11.10
[SERVER] Received aircraft: 4BE1CE at 46.95,7.29
[SERVER] Received aircraft: 566A02 at 51.61,8.48
[SERVER] Received aircraft: 049452 at 51.63,4.16
[SERVER] Received aircraft: 08DF81 at 50.11,8.23
[SERVER] Received aircraft: C2FB51 at 47.74,7.07
[SERVER] Received aircraft: 356ED1 at 51.63,8.01
[SERVER] Received aircraft: A8269C at 49.86,8.32
[SERVER] Received aircraft: 6317DF at 48.14,4.28
[SERVER] Received aircraft: 58E57F at 48.64,11.57
[SERVER] Received aircraft: 3AB297 at 52.68,7.64
[SERVER] Received aircraft: 893F64 at 48.29,5.82
[SERVER] Received aircraft: 8683B3 at 51.52,10.85
[SERVER] Received aircraft: 95A8C5 at 50.34,9.75
[SERVER] Received aircraft: 16293A at 49.69,7.56
[SERVER] Received aircraft: A8E487 at 52.53,6.34
[SERVER] Received aircraft: A01356 at 52.09,6.90
[SORT-DEBUG] Received sort='callsign', asc='false', ascending=false, count=18
[SORT-DEBUG] After sorting by callsign (asc=false):
  [0] ICAO=893F64 Callsign=VP177 Alt=28451 Spd=231
  [1] ICAO=58E57F Callsign=SN559 Alt=25901 Spd=170
  [2] ICAO=566A02 Callsign=SD932 Alt=11975 Spd=142
[SERVER] Received aircraft: 77DCC7 at 50.73,6.39
[SERVER] Received aircraft: 74C3B8 at 51.46,11.10
[SERVER] Received aircraft: 4BE1CE at 46.95,7.29
[SERVER] Received aircraft: 566A02 at 51.61,8.48
[SERVER] Received aircraft: 049452 at 51.63,4.16
[SERVER] Received aircraft: 08DF81 at 50.11,8.23
[SERVER] Received aircraft: C2FB51 at 47.74,7.07
[SERVER] Received aircraft: 356ED1 at 51.63,8.01
[SERVER] Received aircraft: A8269C at 49.86,8.32
[SERVER] Received aircraft: 6317DF at 48.14,4.27
[SERVER] Received aircraft: 58E57F at 48.64,11.57
[SERVER] Received aircraft: 3AB297 at 52.68,7.65
[SERVER] Received aircraft: 893F64 at 48.29,5.82
[SERVER] Received aircraft: 8683B3 at 51.52,10.85
[SERVER] Received aircraft: 95A8C5 at 50.34,9.75
[SERVER] Received aircraft: 16293A at 49.69,7.56
[SERVER] Received aircraft: A8E487 at 52.53,6.34
[SERVER] Received aircraft: A01356 at 52.09,6.91
[SORT-DEBUG] Received sort='callsign', asc='false', ascending=false, count=18
[SORT-DEBUG] After sorting by callsign (asc=false):
  [0] ICAO=893F64 Callsign=VP177 Alt=28383 Spd=231
  [1] ICAO=58E57F Callsign=SN559 Alt=25901 Spd=168
  [2] ICAO=566A02 Callsign=SD932 Alt=11975 Spd=142
[SERVER] Received aircraft: 77DCC7 at 50.73,6.39
[SERVER] Received aircraft: 74C3B8 at 51.47,11.09
[SERVER] Received aircraft: 4BE1CE at 46.95,7.29
[SERVER] Received aircraft: 566A02 at 51.61,8.48
[SERVER] Received aircraft: 049452 at 51.63,4.16
[SERVER] Received aircraft: 08DF81 at 50.11,8.23
[SERVER] Received aircraft: C2FB51 at 47.74,7.07
[SERVER] Received aircraft: 356ED1 at 51.63,8.01
[SERVER] Received aircraft: A8269C at 49.86,8.31
[SERVER] Received aircraft: 6317DF at 48.13,4.27
[SERVER] Received aircraft: 58E57F at 48.64,11.57
[SERVER] Received aircraft: 3AB297 at 52.68,7.65
[SERVER] Received aircraft: 893F64 at 48.29,5.82
[SERVER] Received aircraft: 8683B3 at 51.52,10.85
[SERVER] Received aircraft: 95A8C5 at 50.34,9.75
[SERVER] Received aircraft: 16293A at 49.69,7.56
[SERVER] Received aircraft: A8E487 at 52.53,6.34
[SERVER] Received aircraft: A01356 at 52.09,6.91
[SORT-DEBUG] Received sort='callsign', asc='false', ascending=false, count=18
[SORT-DEBUG] After sorting by callsign (asc=false):
  [0] ICAO=893F64 Callsign=VP177 Alt=28383 Spd=231
  [1] ICAO=58E57F Callsign=SN559 Alt=25901 Spd=168
  [2] ICAO=566A02 Callsign=SD932 Alt=11975 Spd=142
[SERVER] Received aircraft: 77DCC7 at 50.73,6.39
[SERVER] Received aircraft: 74C3B8 at 51.47,11.09
[SERVER] Received aircraft: 4BE1CE at 46.94,7.28
[SERVER] Received aircraft: 566A02 at 51.61,8.48
[SERVER] Received aircraft: 049452 at 51.63,4.16
[SERVER] Received aircraft: 08DF81 at 50.12,8.23
[SERVER] Received aircraft: C2FB51 at 47.74,7.07
[SERVER] Received aircraft: 356ED1 at 51.63,8.01
[SERVER] Received aircraft: A8269C at 49.86,8.31
[SERVER] Received aircraft: 6317DF at 48.13,4.27
[SERVER] Received aircraft: 58E57F at 48.64,11.57
[SERVER] Received aircraft: 3AB297 at 52.68,7.65
[SERVER] Received aircraft: 893F64 at 48.29,5.82
[SERVER] Received aircraft: 8683B3 at 51.52,10.85
[SERVER] Received aircraft: 95A8C5 at 50.34,9.75
[SERVER] Received aircraft: 16293A at 49.69,7.57
[SERVER] Received aircraft: A8E487 at 52.53,6.35
[SERVER] Received aircraft: A01356 at 52.09,6.91
[SORT-DEBUG] Received sort='callsign', asc='false', ascending=false, count=18
[SORT-DEBUG] After sorting by callsign (asc=false):
  [0] ICAO=893F64 Callsign=VP177 Alt=28383 Spd=236
  [1] ICAO=58E57F Callsign=SN559 Alt=25901 Spd=168
  [2] ICAO=566A02 Callsign=SD932 Alt=11998 Spd=142
[SERVER] Received aircraft: 77DCC7 at 50.73,6.39
[SERVER] Received aircraft: 74C3B8 at 51.47,11.09
[SERVER] Received aircraft: 4BE1CE at 46.94,7.28
[SERVER] Received aircraft: 566A02 at 51.61,8.48
[SERVER] Received aircraft: 049452 at 51.64,4.16
[SERVER] Received aircraft: 08DF81 at 50.12,8.23
[SERVER] Received aircraft: C2FB51 at 47.74,7.07
[SERVER] Received aircraft: 356ED1 at 51.63,8.01
[SERVER] Received aircraft: A8269C at 49.86,8.31
[SERVER] Received aircraft: 6317DF at 48.13,4.27
[SERVER] Received aircraft: 58E57F at 48.65,11.57
[SERVER] Received aircraft: 3AB297 at 52.68,7.65
[SERVER] Received aircraft: 893F64 at 48.29,5.82
[SERVER] Received aircraft: 8683B3 at 51.51,10.85
[SERVER] Received aircraft: 95A8C5 at 50.35,9.75
[SERVER] Received aircraft: 16293A at 49.69,7.57
[SERVER] Received aircraft: A8E487 at 52.53,6.35
[SERVER] Received aircraft: A01356 at 52.09,6.92
[SORT-DEBUG] Received sort='callsign', asc='false', ascending=false, count=18
[SORT-DEBUG] After sorting by callsign (asc=false):
  [0] ICAO=893F64 Callsign=VP177 Alt=28383 Spd=236
  [1] ICAO=58E57F Callsign=SN559 Alt=25901 Spd=168
  [2] ICAO=566A02 Callsign=SD932 Alt=11998 Spd=142
[SERVER] Received aircraft: 77DCC7 at 50.73,6.40
[SERVER] Received aircraft: 74C3B8 at 51.47,11.09
[SERVER] Received aircraft: 4BE1CE at 46.94,7.28
[SERVER] Received aircraft: 566A02 at 51.60,8.48
[SERVER] Received aircraft: 049452 at 51.64,4.16
[SERVER] Received aircraft: 08DF81 at 50.12,8.23
[SERVER] Received aircraft: C2FB51 at 47.73,7.07
[SERVER] Received aircraft: 356ED1 at 51.63,8.01
[SERVER] Received aircraft: A8269C at 49.87,8.30
[SERVER] Received aircraft: 6317DF at 48.13,4.27
[SERVER] Received aircraft: 58E57F at 48.65,11.57
[SERVER] Received aircraft: 3AB297 at 52.68,7.66
[SERVER] Received aircraft: 893F64 at 48.29,5.82
[SERVER] Received aircraft: 8683B3 at 51.51,10.85
[SERVER] Received aircraft: 95A8C5 at 50.35,9.75
[SERVER] Received aircraft: 16293A at 49.69,7.57
[SERVER] Received aircraft: A8E487 at 52.53,6.35
[SERVER] Received aircraft: A01356 at 52.09,6.92
[SORT-DEBUG] Received sort='callsign', asc='false', ascending=false, count=18
[SORT-DEBUG] After sorting by callsign (asc=false):
  [0] ICAO=893F64 Callsign=VP177 Alt=28383 Spd=236
  [1] ICAO=58E57F Callsign=SN559 Alt=25901 Spd=167
  [2] ICAO=566A02 Callsign=SD932 Alt=11998 Spd=142
[SERVER] Received aircraft: 77DCC7 at 50.73,6.40
[SERVER] Received aircraft: 74C3B8 at 51.47,11.09
[SERVER] Received aircraft: 4BE1CE at 46.94,7.28
[SERVER] Received aircraft: 566A02 at 51.60,8.48
[SERVER] Received aircraft: 049452 at 51.64,4.16
[SERVER] Received aircraft: 08DF81 at 50.12,8.23
[SERVER] Received aircraft: C2FB51 at 47.73,7.07
[SERVER] Received aircraft: 356ED1 at 51.63,8.02
[SERVER] Received aircraft: A8269C at 49.87,8.30
[SERVER] Received aircraft: 6317DF at 48.13,4.27
[SERVER] Received aircraft: 58E57F at 48.65,11.57
[SERVER] Received aircraft: 3AB297 at 52.68,7.66
[SERVER] Received aircraft: 893F64 at 48.29,5.82
[SERVER] Received aircraft: 8683B3 at 51.51,10.85
[SERVER] Received aircraft: 95A8C5 at 50.35,9.75
[SERVER] Received aircraft: 16293A at 49.70,7.58
[SERVER] Received aircraft: A8E487 at 52.53,6.36
[SERVER] Received aircraft: A01356 at 52.09,6.93
[SORT-DEBUG] Received sort='callsign', asc='false', ascending=false, count=18
[SORT-DEBUG] After sorting by callsign (asc=false):
  [0] ICAO=893F64 Callsign=VP177 Alt=28383 Spd=236
  [1] ICAO=58E57F Callsign=SN559 Alt=25901 Spd=167
  [2] ICAO=566A02 Callsign=SD932 Alt=11998 Spd=142
[SERVER] Received aircraft: 77DCC7 at 50.73,6.40
[SERVER] Received aircraft: 74C3B8 at 51.47,11.08
[SERVER] Received aircraft: 4BE1CE at 46.94,7.28
[SERVER] Received aircraft: 566A02 at 51.60,8.48
[SERVER] Received aircraft: 049452 at 51.64,4.16
[SERVER] Received aircraft: 08DF81 at 50.12,8.23
[SERVER] Received aircraft: C2FB51 at 47.73,7.07
[SERVER] Received aircraft: 356ED1 at 51.63,8.02
[SERVER] Received aircraft: A8269C at 49.87,8.30
[SERVER] Received aircraft: 6317DF at 48.12,4.27
[SERVER] Received aircraft: 58E57F at 48.65,11.57
[SERVER] Received aircraft: 3AB297 at 52.68,7.66
[SERVER] Received aircraft: 893F64 at 48.29,5.82
[SERVER] Received aircraft: 8683B3 at 51.51,10.85
[SERVER] Received aircraft: 95A8C5 at 50.35,9.75
[SERVER] Received aircraft: 16293A at 49.70,7.58
[SERVER] Received aircraft: A8E487 at 52.53,6.36
[SERVER] Received aircraft: A01356 at 52.09,6.93
[SORT-DEBUG] Received sort='callsign', asc='false', ascending=false, count=18
[SORT-DEBUG] After sorting by callsign (asc=false):
  [0] ICAO=893F64 Callsign=VP177 Alt=28409 Spd=236
  [1] ICAO=58E57F Callsign=SN559 Alt=25901 Spd=167
  [2] ICAO=566A02 Callsign=SD932 Alt=11973 Spd=142
[SERVER] Received aircraft: 77DCC7 at 50.73,6.40
[SERVER] Received aircraft: 74C3B8 at 51.47,11.08
[SERVER] Received aircraft: 4BE1CE at 46.94,7.28
[SERVER] Received aircraft: 566A02 at 51.60,8.48
[SERVER] Received aircraft: 049452 at 51.64,4.16
[SERVER] Received aircraft: 08DF81 at 50.12,8.23
[SERVER] Received aircraft: C2FB51 at 47.73,7.07
[SERVER] Received aircraft: 356ED1 at 51.63,8.02
[SERVER] Received aircraft: A8269C at 49.87,8.29
[SERVER] Received aircraft: 6317DF at 48.12,4.27
[SERVER] Received aircraft: 58E57F at 48.65,11.57
[SERVER] Received aircraft: 3AB297 at 52.68,7.67
[SERVER] Received aircraft: 893F64 at 48.29,5.83
[SERVER] Received aircraft: 8683B3 at 51.51,10.85
[SERVER] Received aircraft: 95A8C5 at 50.35,9.75
[SERVER] Received aircraft: 16293A at 49.70,7.58
[SERVER] Received aircraft: A8E487 at 52.53,6.36
[SERVER] Received aircraft: A01356 at 52.10,6.93
[SORT-DEBUG] Received sort='callsign', asc='false', ascending=false, count=18
[SORT-DEBUG] After sorting by callsign (asc=false):
  [0] ICAO=893F64 Callsign=VP177 Alt=28409 Spd=236
  [1] ICAO=58E57F Callsign=SN559 Alt=25901 Spd=167
  [2] ICAO=566A02 Callsign=SD932 Alt=11973 Spd=142
[SERVER] Received aircraft: 77DCC7 at 50.73,6.40
[SERVER] Received aircraft: 74C3B8 at 51.47,11.08
[SERVER] Received aircraft: 4BE1CE at 46.93,7.28
[SERVER] Received aircraft: 566A02 at 51.60,8.48
[SERVER] Received aircraft: 049452 at 51.64,4.16
[SERVER] Received aircraft: 08DF81 at 50.12,8.23
[SERVER] Received aircraft: C2FB51 at 47.73,7.07
[SERVER] Received aircraft: 356ED1 at 51.63,8.02
[SERVER] Received aircraft: A8269C at 49.87,8.29
[SERVER] Received aircraft: 6317DF at 48.12,4.27
[SERVER] Received aircraft: 58E57F at 48.65,11.57
[SERVER] Received aircraft: 3AB297 at 52.68,7.67
[SERVER] Received aircraft: 893F64 at 48.29,5.83
[SERVER] Received aircraft: 8683B3 at 51.51,10.85
[SERVER] Received aircraft: 95A8C5 at 50.35,9.75
[SERVER] Received aircraft: 16293A at 49.70,7.59
[SERVER] Received aircraft: A8E487 at 52.53,6.37
[SERVER] Received aircraft: A01356 at 52.10,6.94
[SORT-DEBUG] Received sort='callsign', asc='false', ascending=false, count=18
[SORT-DEBUG] After sorting by callsign (asc=false):
  [0] ICAO=893F64 Callsign=VP177 Alt=28409 Spd=236
  [1] ICAO=58E57F Callsign=SN559 Alt=25901 Spd=167
  [2] ICAO=566A02 Callsign=SD932 Alt=11973 Spd=142
[SERVER] Received aircraft: 77DCC7 at 50.73,6.40
[SERVER] Received aircraft: 74C3B8 at 51.47,11.08
[SERVER] Received aircraft: 4BE1CE at 46.93,7.28
[SERVER] Received aircraft: 566A02 at 51.60,8.48
[SERVER] Received aircraft: 049452 at 51.64,4.16
[SERVER] Received aircraft: 08DF81 at 50.13,8.22
[SERVER] Received aircraft: C2FB51 at 47.72,7.07
[SERVER] Received aircraft: 356ED1 at 51.64,8.02
[SERVER] Received aircraft: A8269C at 49.87,8.28
[SERVER] Received aircraft: 6317DF at 48.12,4.27
[SERVER] Received aircraft: 58E57F at 48.65,11.57
[SERVER] Received aircraft: 3AB297 at 52.68,7.67
[SERVER] Received aircraft: 893F64 at 48.29,5.83
[SERVER] Received aircraft: 8683B3 at 51.51,10.85
[SERVER] Received aircraft: 95A8C5 at 50.36,9.75
[SERVER] Received aircraft: 16293A at 49.70,7.59
[SERVER] Received aircraft: A8E487 at 52.53,6.37
[SERVER] Received aircraft: A01356 at 52.10,6.94
[SORT-DEBUG] Received sort='callsign', asc='false', ascending=false, count=18
[SORT-DEBUG] After sorting by callsign (asc=false):
  [0] ICAO=893F64 Callsign=VP177 Alt=28409 Spd=236
  [1] ICAO=58E57F Callsign=SN559 Alt=25901 Spd=167
  [2] ICAO=566A02 Callsign=SD932 Alt=11973 Spd=142
[SERVER] Received aircraft: 77DCC7 at 50.73,6.41
[SERVER] Received aircraft: 74C3B8 at 51.47,11.08
[SERVER] Received aircraft: 4BE1CE at 46.93,7.28
[SERVER] Received aircraft: 566A02 at 51.60,8.48
[SERVER] Received aircraft: 049452 at 51.65,4.16
[SERVER] Received aircraft: 08DF81 at 50.13,8.22
[SERVER] Received aircraft: C2FB51 at 47.72,7.07
[SERVER] Received aircraft: 356ED1 at 51.64,8.02
[SERVER] Received aircraft: A8269C at 49.87,8.28
[SERVER] Received aircraft: 6317DF at 48.12,4.27
[SERVER] Received aircraft: 58E57F at 48.65,11.57
[SERVER] Received aircraft: 3AB297 at 52.68,7.67
[SERVER] Received aircraft: 893F64 at 48.30,5.83
[SERVER] Received aircraft: 8683B3 at 51.51,10.85
[SERVER] Received aircraft: 95A8C5 at 50.36,9.75
[SERVER] Received aircraft: 16293A at 49.70,7.59
[SERVER] Received aircraft: A8E487 at 52.53,6.37
[SERVER] Received aircraft: A01356 at 52.10,6.94
[SORT-DEBUG] Received sort='callsign', asc='false', ascending=false, count=18
[SORT-DEBUG] After sorting by callsign (asc=false):
  [0] ICAO=893F64 Callsign=VP177 Alt=28409 Spd=236
  [1] ICAO=58E57F Callsign=SN559 Alt=25901 Spd=167
  [2] ICAO=566A02 Callsign=SD932 Alt=11973 Spd=142
[SERVER] Received aircraft: 77DCC7 at 50.73,6.41
[SERVER] Received aircraft: 74C3B8 at 51.47,11.07
[SERVER] Received aircraft: 4BE1CE at 46.93,7.28
[SERVER] Received aircraft: 566A02 at 51.60,8.48
[SERVER] Received aircraft: 049452 at 51.65,4.16
[SERVER] Received aircraft: 08DF81 at 50.13,8.22
[SERVER] Received aircraft: C2FB51 at 47.72,7.07
[SERVER] Received aircraft: 356ED1 at 51.64,8.03
[SERVER] Received aircraft: A8269C at 49.87,8.28
[SERVER] Received aircraft: 6317DF at 48.11,4.27
[SERVER] Received aircraft: 58E57F at 48.65,11.57
[SERVER] Received aircraft: 3AB297 at 52.68,7.68
[SERVER] Received aircraft: 893F64 at 48.30,5.83
[SERVER] Received aircraft: 8683B3 at 51.50,10.85
[SERVER] Received aircraft: 95A8C5 at 50.36,9.75
[SERVER] Received aircraft: 16293A at 49.71,7.60
[SERVER] Received aircraft: A8E487 at 52.53,6.37
[SERVER] Received aircraft: A01356 at 52.10,6.95
[SORT-DEBUG] Received sort='callsign', asc='false', ascending=false, count=18
[SORT-DEBUG] After sorting by callsign (asc=false):
  [0] ICAO=893F64 Callsign=VP177 Alt=28358 Spd=236
  [1] ICAO=58E57F Callsign=SN559 Alt=25901 Spd=167
  [2] ICAO=566A02 Callsign=SD932 Alt=11973 Spd=142
[SERVER] Received aircraft: 77DCC7 at 50.73,6.41
[SERVER] Received aircraft: 74C3B8 at 51.47,11.07
[SERVER] Received aircraft: 4BE1CE at 46.93,7.28
[SERVER] Received aircraft: 566A02 at 51.60,8.48
[SERVER] Received aircraft: 049452 at 51.65,4.15
[SERVER] Received aircraft: 08DF81 at 50.13,8.22
[SERVER] Received aircraft: C2FB51 at 47.72,7.07
[SERVER] Received aircraft: 356ED1 at 51.64,8.03
[SERVER] Received aircraft: A8269C at 49.87,8.27
[SERVER] Received aircraft: 6317DF at 48.11,4.27
[SERVER] Received aircraft: 58E57F at 48.65,11.57
[SERVER] Received aircraft: 3AB297 at 52.68,7.68
[SERVER] Received aircraft: 893F64 at 48.30,5.83
[SERVER] Received aircraft: 8683B3 at 51.50,10.85
[SERVER] Received aircraft: 95A8C5 at 50.36,9.75
[SERVER] Received aircraft: 16293A at 49.71,7.60
[SERVER] Received aircraft: A8E487 at 52.54,6.38
[SERVER] Received aircraft: A01356 at 52.10,6.95
[SORT-DEBUG] Received sort='callsign', asc='false', ascending=false, count=18
[SORT-DEBUG] After sorting by callsign (asc=false):
  [0] ICAO=893F64 Callsign=VP177 Alt=28358 Spd=241
  [1] ICAO=58E57F Callsign=SN559 Alt=25901 Spd=167
  [2] ICAO=566A02 Callsign=SD932 Alt=11973 Spd=142
[SERVER] Received aircraft: 77DCC7 at 50.73,6.41
[SERVER] Received aircraft: 74C3B8 at 51.47,11.07
[SERVER] Received aircraft: 4BE1CE at 46.92,7.28
[SERVER] Received aircraft: 566A02 at 51.60,8.48
[SERVER] Received aircraft: 049452 at 51.65,4.15
[SERVER] Received aircraft: 08DF81 at 50.13,8.22
[SERVER] Received aircraft: C2FB51 at 47.72,7.07
[SERVER] Received aircraft: 356ED1 at 51.64,8.03
[SERVER] Received aircraft: A8269C at 49.87,8.27
[SERVER] Received aircraft: 6317DF at 48.11,4.27
[SERVER] Received aircraft: 58E57F at 48.65,11.57
[SERVER] Received aircraft: 3AB297 at 52.69,7.68
[SERVER] Received aircraft: 893F64 at 48.30,5.83
[SERVER] Received aircraft: 8683B3 at 51.50,10.85
[SERVER] Received aircraft: 95A8C5 at 50.36,9.75
[SERVER] Received aircraft: 16293A at 49.71,7.60
[SERVER] Received aircraft: A8E487 at 52.54,6.38
[SERVER] Received aircraft: A01356 at 52.10,6.95
[SORT-DEBUG] Received sort='callsign', asc='false', ascending=false, count=18
[SORT-DEBUG] After sorting by callsign (asc=false):
  [0] ICAO=893F64 Callsign=VP177 Alt=28358 Spd=243
  [1] ICAO=58E57F Callsign=SN559 Alt=25901 Spd=167
  [2] ICAO=566A02 Callsign=SD932 Alt=11973 Spd=142
[SERVER] Received aircraft: 77DCC7 at 50.73,6.41
[SERVER] Received aircraft: 74C3B8 at 51.47,11.07
[SERVER] Received aircraft: 4BE1CE at 46.92,7.28
[SERVER] Received aircraft: 566A02 at 51.60,8.48
[SERVER] Received aircraft: 049452 at 51.65,4.15
[SERVER] Received aircraft: 08DF81 at 50.13,8.22
[SERVER] Received aircraft: C2FB51 at 47.72,7.07
[SERVER] Received aircraft: 356ED1 at 51.64,8.03
[SERVER] Received aircraft: A8269C at 49.87,8.27
[SERVER] Received aircraft: 6317DF at 48.11,4.27
[SERVER] Received aircraft: 58E57F at 48.65,11.57
[SERVER] Received aircraft: 3AB297 at 52.69,7.68
[SERVER] Received aircraft: 893F64 at 48.30,5.83
[SERVER] Received aircraft: 8683B3 at 51.50,10.85
[SERVER] Received aircraft: 95A8C5 at 50.36,9.75
[SERVER] Received aircraft: 16293A at 49.71,7.61
[SERVER] Received aircraft: A8E487 at 52.54,6.38
[SERVER] Received aircraft: A01356 at 52.10,6.96
[SORT-DEBUG] Received sort='callsign', asc='false', ascending=false, count=18
[SORT-DEBUG] After sorting by callsign (asc=false):
  [0] ICAO=893F64 Callsign=VP177 Alt=28358 Spd=243
  [1] ICAO=58E57F Callsign=SN559 Alt=25889 Spd=167
  [2] ICAO=566A02 Callsign=SD932 Alt=11973 Spd=142
[SERVER] Received aircraft: 77DCC7 at 50.73,6.41
[SERVER] Received aircraft: 74C3B8 at 51.47,11.07
[SERVER] Received aircraft: 4BE1CE at 46.92,7.27
[SERVER] Received aircraft: 566A02 at 51.60,8.48
[SERVER] Received aircraft: 049452 at 51.65,4.15
[SERVER] Received aircraft: 08DF81 at 50.13,8.22
[SERVER] Received aircraft: C2FB51 at 47.71,7.07
[SERVER] Received aircraft: 356ED1 at 51.64,8.03
[SERVER] Received aircraft: A8269C at 49.87,8.26
[SERVER] Received aircraft: 6317DF at 48.11,4.27
[SERVER] Received aircraft: 58E57F at 48.65,11.58
[SERVER] Received aircraft: 3AB297 at 52.69,7.69
[SERVER] Received aircraft: 893F64 at 48.30,5.83
[SERVER] Received aircraft: 8683B3 at 51.50,10.85
[SERVER] Received aircraft: 95A8C5 at 50.37,9.75
[SERVER] Received aircraft: 16293A at 49.71,7.61
[SERVER] Received aircraft: A8E487 at 52.54,6.39
[SERVER] Received aircraft: A01356 at 52.10,6.96
[SORT-DEBUG] Received sort='callsign', asc='false', ascending=false, count=18
[SORT-DEBUG] After sorting by callsign (asc=false):
  [0] ICAO=893F64 Callsign=VP177 Alt=28430 Spd=243
  [1] ICAO=58E57F Callsign=SN559 Alt=25889 Spd=167
  [2] ICAO=566A02 Callsign=SD932 Alt=11973 Spd=142
[SERVER] Received aircraft: 77DCC7 at 50.73,6.42
[SERVER] Received aircraft: 74C3B8 at 51.47,11.06
[SERVER] Received aircraft: 4BE1CE at 46.92,7.27
[SERVER] Received aircraft: 566A02 at 51.60,8.48
[SERVER] Received aircraft: 049452 at 51.65,4.15
[SERVER] Received aircraft: 08DF81 at 50.14,8.22
[SERVER] Received aircraft: C2FB51 at 47.71,7.07
[SERVER] Received aircraft: 356ED1 at 51.64,8.03
[SERVER] Received aircraft: A8269C at 49.87,8.26
[SERVER] Received aircraft: 6317DF at 48.11,4.27
[SERVER] Received aircraft: 58E57F at 48.65,11.58
[SERVER] Received aircraft: 3AB297 at 52.69,7.69
[SERVER] Received aircraft: 893F64 at 48.30,5.83
[SERVER] Received aircraft: 8683B3 at 51.50,10.85
[SERVER] Received aircraft: 95A8C5 at 50.37,9.75
[SERVER] Received aircraft: 16293A at 49.71,7.62
[SERVER] Received aircraft: A8E487 at 52.54,6.39
[SERVER] Received aircraft: A01356 at 52.11,6.97
[SORT-DEBUG] Received sort='callsign', asc='false', ascending=false, count=18
[SORT-DEBUG] After sorting by callsign (asc=false):
  [0] ICAO=893F64 Callsign=VP177 Alt=28430 Spd=243
  [1] ICAO=58E57F Callsign=SN559 Alt=25889 Spd=167
  [2] ICAO=566A02 Callsign=SD932 Alt=11973 Spd=142
[SERVER] Received aircraft: 77DCC7 at 50.73,6.42
[SERVER] Received aircraft: 74C3B8 at 51.48,11.06
[SERVER] Received aircraft: 4BE1CE at 46.92,7.27
[SERVER] Received aircraft: 566A02 at 51.60,8.48
[SERVER] Received aircraft: 049452 at 51.66,4.15
[SERVER] Received aircraft: 08DF81 at 50.14,8.22
[SERVER] Received aircraft: C2FB51 at 47.71,7.07
[SERVER] Received aircraft: 356ED1 at 51.64,8.03
[SERVER] Received aircraft: A8269C at 49.87,8.26
[SERVER] Received aircraft: 6317DF at 48.10,4.27
[SERVER] Received aircraft: 58E57F at 48.66,11.58
[SERVER] Received aircraft: 3AB297 at 52.69,7.69
[SERVER] Received aircraft: 893F64 at 48.30,5.83
[SERVER] Received aircraft: 8683B3 at 51.50,10.85
[SERVER] Received aircraft: 95A8C5 at 50.37,9.75
[SERVER] Received aircraft: 16293A at 49.71,7.62
[SERVER] Received aircraft: A8E487 at 52.54,6.39
[SERVER] Received aircraft: A01356 at 52.11,6.97
[SORT-DEBUG] Received sort='callsign', asc='false', ascending=false, count=18
[SORT-DEBUG] After sorting by callsign (asc=false):
  [0] ICAO=893F64 Callsign=VP177 Alt=28430 Spd=243
  [1] ICAO=58E57F Callsign=SN559 Alt=25889 Spd=167
  [2] ICAO=566A02 Callsign=SD932 Alt=11973 Spd=142
[SERVER] Received aircraft: 77DCC7 at 50.73,6.42
[SERVER] Received aircraft: 74C3B8 at 51.48,11.06
[SERVER] Received aircraft: 4BE1CE at 46.91,7.27
[SERVER] Received aircraft: 566A02 at 51.60,8.48
[SERVER] Received aircraft: 049452 at 51.66,4.15
[SERVER] Received aircraft: 08DF81 at 50.14,8.22
[SERVER] Received aircraft: C2FB51 at 47.71,7.07
[SERVER] Received aircraft: 356ED1 at 51.64,8.04
[SERVER] Received aircraft: A8269C at 49.87,8.25
[SERVER] Received aircraft: 6317DF at 48.10,4.27
[SERVER] Received aircraft: 58E57F at 48.66,11.58
[SERVER] Received aircraft: 3AB297 at 52.69,7.70
[SERVER] Received aircraft: 893F64 at 48.30,5.83
[SERVER] Received aircraft: 8683B3 at 51.49,10.85
[SERVER] Received aircraft: 95A8C5 at 50.37,9.75
[SERVER] Received aircraft: 16293A at 49.72,7.62
[SERVER] Received aircraft: A8E487 at 52.54,6.40
[SERVER] Received aircraft: A01356 at 52.11,6.97
[SORT-DEBUG] Received sort='callsign', asc='false', ascending=false, count=18
[SORT-DEBUG] After sorting by callsign (asc=false):
  [0] ICAO=893F64 Callsign=VP177 Alt=28430 Spd=243
  [1] ICAO=58E57F Callsign=SN559 Alt=25889 Spd=167
  [2] ICAO=566A02 Callsign=SD932 Alt=11973 Spd=142
[SERVER] Received aircraft: 77DCC7 at 50.73,6.42
[SERVER] Received aircraft: 74C3B8 at 51.48,11.06
[SERVER] Received aircraft: 4BE1CE at 46.91,7.27
[SERVER] Received aircraft: 566A02 at 51.60,8.48
[SERVER] Received aircraft: 049452 at 51.66,4.15
[SERVER] Received aircraft: 08DF81 at 50.14,8.22
[SERVER] Received aircraft: C2FB51 at 47.71,7.07
[SERVER] Received aircraft: 356ED1 at 51.64,8.04
[SERVER] Received aircraft: A8269C at 49.87,8.25
[SERVER] Received aircraft: 6317DF at 48.10,4.27
[SERVER] Received aircraft: 58E57F at 48.66,11.58
[SERVER] Received aircraft: 3AB297 at 52.69,7.70
[SERVER] Received aircraft: 893F64 at 48.30,5.83
[SERVER] Received aircraft: 8683B3 at 51.49,10.85
[SERVER] Received aircraft: 95A8C5 at 50.37,9.75
[SERVER] Received aircraft: 16293A at 49.72,7.63
[SERVER] Received aircraft: A8E487 at 52.54,6.40
[SERVER] Received aircraft: A01356 at 52.11,6.98
[SORT-DEBUG] Received sort='callsign', asc='false', ascending=false, count=18
[SORT-DEBUG] After sorting by callsign (asc=false):
  [0] ICAO=893F64 Callsign=VP177 Alt=28430 Spd=243
  [1] ICAO=58E57F Callsign=SN559 Alt=25889 Spd=167
  [2] ICAO=566A02 Callsign=SD932 Alt=11973 Spd=142
[SERVER] Received aircraft: 77DCC7 at 50.73,6.42
[SERVER] Received aircraft: 74C3B8 at 51.48,11.06
[SERVER] Received aircraft: 4BE1CE at 46.91,7.27
[SERVER] Received aircraft: 566A02 at 51.59,8.48
[SERVER] Received aircraft: 049452 at 51.66,4.15
[SERVER] Received aircraft: 08DF81 at 50.14,8.22
[SERVER] Received aircraft: C2FB51 at 47.70,7.07
[SERVER] Received aircraft: 356ED1 at 51.64,8.04
[SERVER] Received aircraft: A8269C at 49.87,8.25
[SERVER] Received aircraft: 6317DF at 48.10,4.27
[SERVER] Received aircraft: 58E57F at 48.66,11.58
[SERVER] Received aircraft: 3AB297 at 52.69,7.70
[SERVER] Received aircraft: 893F64 at 48.31,5.83
[SERVER] Received aircraft: 8683B3 at 51.49,10.85
[SERVER] Received aircraft: 95A8C5 at 50.37,9.75
[SERVER] Received aircraft: 16293A at 49.72,7.63
[SERVER] Received aircraft: A8E487 at 52.54,6.40
[SERVER] Received aircraft: A01356 at 52.11,6.98
[SORT-DEBUG] Received sort='callsign', asc='false', ascending=false, count=18
[SORT-DEBUG] After sorting by callsign (asc=false):
  [0] ICAO=893F64 Callsign=VP177 Alt=28530 Spd=243
  [1] ICAO=58E57F Callsign=SN559 Alt=25889 Spd=167
  [2] ICAO=566A02 Callsign=SD932 Alt=11973 Spd=141
[SERVER] Received aircraft: 77DCC7 at 50.73,6.42
[SERVER] Received aircraft: 74C3B8 at 51.48,11.05
[SERVER] Received aircraft: 4BE1CE at 46.91,7.27
[SERVER] Received aircraft: 566A02 at 51.59,8.48
[SERVER] Received aircraft: 049452 at 51.66,4.15
[SERVER] Received aircraft: 08DF81 at 50.14,8.22
[SERVER] Received aircraft: C2FB51 at 47.70,7.06
[SERVER] Received aircraft: 356ED1 at 51.64,8.04
[SERVER] Received aircraft: A8269C at 49.87,8.24
[SERVER] Received aircraft: 6317DF at 48.10,4.27
[SERVER] Received aircraft: 58E57F at 48.66,11.58
[SERVER] Received aircraft: 3AB297 at 52.69,7.70
[SERVER] Received aircraft: 893F64 at 48.31,5.84
[SERVER] Received aircraft: 8683B3 at 51.49,10.85
[SERVER] Received aircraft: 95A8C5 at 50.38,9.75
[SERVER] Received aircraft: 16293A at 49.72,7.63
[SERVER] Received aircraft: A8E487 at 52.54,6.41
[SERVER] Received aircraft: A01356 at 52.11,6.98
[SORT-DEBUG] Received sort='callsign', asc='false', ascending=false, count=18
[SORT-DEBUG] After sorting by callsign (asc=false):
  [0] ICAO=893F64 Callsign=VP177 Alt=28530 Spd=243
  [1] ICAO=58E57F Callsign=SN559 Alt=25904 Spd=167
  [2] ICAO=566A02 Callsign=SD932 Alt=11973 Spd=141
[SERVER] Received aircraft: 77DCC7 at 50.73,6.43
[SERVER] Received aircraft: 74C3B8 at 51.48,11.05
[SERVER] Received aircraft: 4BE1CE at 46.91,7.27
[SERVER] Received aircraft: 566A02 at 51.59,8.48
[SERVER] Received aircraft: 049452 at 51.66,4.15
[SERVER] Received aircraft: 08DF81 at 50.14,8.22
[SERVER] Received aircraft: C2FB51 at 47.70,7.06
[SERVER] Received aircraft: 356ED1 at 51.64,8.04
[SERVER] Received aircraft: A8269C at 49.87,8.24
[SERVER] Received aircraft: 6317DF at 48.09,4.26
[SERVER] Received aircraft: 58E57F at 48.66,11.58
[SERVER] Received aircraft: 3AB297 at 52.69,7.71
[SERVER] Received aircraft: 893F64 at 48.31,5.84
[SERVER] Received aircraft: 8683B3 at 51.49,10.85
[SERVER] Received aircraft: 95A8C5 at 50.38,9.75
[SERVER] Received aircraft: 16293A at 49.72,7.64
[SERVER] Received aircraft: A8E487 at 52.54,6.41
[SERVER] Received aircraft: A01356 at 52.11,6.99
[SORT-DEBUG] Received sort='callsign', asc='false', ascending=false, count=18
[SORT-DEBUG] After sorting by callsign (asc=false):
  [0] ICAO=893F64 Callsign=VP177 Alt=28530 Spd=243
  [1] ICAO=58E57F Callsign=SN559 Alt=25904 Spd=167
  [2] ICAO=566A02 Callsign=SD932 Alt=11973 Spd=141
[SERVER] Received aircraft: 77DCC7 at 50.73,6.43
[SERVER] Received aircraft: 74C3B8 at 51.48,11.05
[SERVER] Received aircraft: 4BE1CE at 46.90,7.27
[SERVER] Received aircraft: 566A02 at 51.59,8.48
[SERVER] Received aircraft: 049452 at 51.67,4.15
[SERVER] Received aircraft: 08DF81 at 50.15,8.22
[SERVER] Received aircraft: C2FB51 at 47.70,7.06
[SERVER] Received aircraft: 356ED1 at 51.64,8.04
[SERVER] Received aircraft: A8269C at 49.87,8.24
[SERVER] Received aircraft: 6317DF at 48.09,4.26
[SERVER] Received aircraft: 58E57F at 48.66,11.58
[SERVER] Received aircraft: 3AB297 at 52.69,7.71
[SERVER] Received aircraft: 893F64 at 48.31,5.84
[SERVER] Received aircraft: 8683B3 at 51.49,10.85
[SERVER] Received aircraft: 95A8C5 at 50.38,9.75
[SERVER] Received aircraft: 16293A at 49.72,7.64
[SERVER] Received aircraft: A8E487 at 52.54,6.41
[SERVER] Received aircraft: A01356 at 52.11,6.99
[SORT-DEBUG] Received sort='callsign', asc='false', ascending=false, count=18
[SORT-DEBUG] After sorting by callsign (asc=false):
  [0] ICAO=893F64 Callsign=VP177 Alt=28435 Spd=243
  [1] ICAO=58E57F Callsign=SN559 Alt=25904 Spd=165
  [2] ICAO=566A02 Callsign=SD932 Alt=11973 Spd=141
[SERVER] Received aircraft: 77DCC7 at 50.73,6.43
[SERVER] Received aircraft: 74C3B8 at 51.48,11.05
[SERVER] Received aircraft: 4BE1CE at 46.90,7.27
[SERVER] Received aircraft: 566A02 at 51.59,8.48
[SERVER] Received aircraft: 049452 at 51.67,4.15
[SERVER] Received aircraft: 08DF81 at 50.15,8.21
[SERVER] Received aircraft: C2FB51 at 47.70,7.06
[SERVER] Received aircraft: 356ED1 at 51.64,8.04
[SERVER] Received aircraft: A8269C at 49.87,8.23
[SERVER] Received aircraft: 6317DF at 48.09,4.26
[SERVER] Received aircraft: 58E57F at 48.66,11.58
[SERVER] Received aircraft: 3AB297 at 52.69,7.71
[SERVER] Received aircraft: 893F64 at 48.31,5.84
[SERVER] Received aircraft: 8683B3 at 51.49,10.84
[SERVER] Received aircraft: 95A8C5 at 50.38,9.75
[SERVER] Received aircraft: 16293A at 49.73,7.64
[SERVER] Received aircraft: A8E487 at 52.54,6.42
[SERVER] Received aircraft: A01356 at 52.11,7.00
[SORT-DEBUG] Received sort='callsign', asc='false', ascending=false, count=18
[SORT-DEBUG] After sorting by callsign (asc=false):
  [0] ICAO=893F64 Callsign=VP177 Alt=28435 Spd=243
  [1] ICAO=58E57F Callsign=SN559 Alt=25904 Spd=165
  [2] ICAO=566A02 Callsign=SD932 Alt=11973 Spd=141
[SERVER] Received aircraft: 77DCC7 at 50.73,6.43
[SERVER] Received aircraft: 74C3B8 at 51.48,11.05
[SERVER] Received aircraft: 4BE1CE at 46.90,7.26
[SERVER] Received aircraft: 566A02 at 51.59,8.48
[SERVER] Received aircraft: 049452 at 51.67,4.15
[SERVER] Received aircraft: 08DF81 at 50.15,8.21
[SERVER] Received aircraft: C2FB51 at 47.69,7.06
[SERVER] Received aircraft: 356ED1 at 51.64,8.04
[SERVER] Received aircraft: A8269C at 49.87,8.23
[SERVER] Received aircraft: 6317DF at 48.09,4.26
[SERVER] Received aircraft: 58E57F at 48.66,11.58
[SERVER] Received aircraft: 3AB297 at 52.69,7.71
[SERVER] Received aircraft: 893F64 at 48.31,5.84
[SERVER] Received aircraft: 8683B3 at 51.49,10.84
[SERVER] Received aircraft: 95A8C5 at 50.38,9.75
[SERVER] Received aircraft: 16293A at 49.73,7.65
[SERVER] Received aircraft: A8E487 at 52.54,6.42
[SERVER] Received aircraft: A01356 at 52.12,7.00
[SORT-DEBUG] Received sort='callsign', asc='false', ascending=false, count=18
[SORT-DEBUG] After sorting by callsign (asc=false):
  [0] ICAO=893F64 Callsign=VP177 Alt=28435 Spd=243
  [1] ICAO=58E57F Callsign=SN559 Alt=25904 Spd=165
  [2] ICAO=566A02 Callsign=SD932 Alt=11973 Spd=141
[SERVER] Received aircraft: 77DCC7 at 50.73,6.43
[SERVER] Received aircraft: 74C3B8 at 51.48,11.04
[SERVER] Received aircraft: 4BE1CE at 46.90,7.26
[SERVER] Received aircraft: 566A02 at 51.59,8.48
[SERVER] Received aircraft: 049452 at 51.67,4.15
[SERVER] Received aircraft: 08DF81 at 50.15,8.21
[SERVER] Received aircraft: C2FB51 at 47.69,7.06
[SERVER] Received aircraft: 356ED1 at 51.64,8.05
[SERVER] Received aircraft: A8269C at 49.87,8.23
[SERVER] Received aircraft: 6317DF at 48.09,4.26
[SERVER] Received aircraft: 58E57F at 48.66,11.58
[SERVER] Received aircraft: 3AB297 at 52.69,7.72
[SERVER] Received aircraft: 893F64 at 48.31,5.84
[SERVER] Received aircraft: 8683B3 at 51.48,10.84
[SERVER] Received aircraft: 95A8C5 at 50.38,9.75
[SERVER] Received aircraft: 16293A at 49.73,7.65
[SERVER] Received aircraft: A8E487 at 52.54,6.42
[SERVER] Received aircraft: A01356 at 52.12,7.00
[SORT-DEBUG] Received sort='callsign', asc='false', ascending=false, count=18
[SORT-DEBUG] After sorting by callsign (asc=false):
  [0] ICAO=893F64 Callsign=VP177 Alt=28435 Spd=243
  [1] ICAO=58E57F Callsign=SN559 Alt=25904 Spd=165
  [2] ICAO=566A02 Callsign=SD932 Alt=11926 Spd=141
[SERVER] Received aircraft: 77DCC7 at 50.73,6.43
[SERVER] Received aircraft: 74C3B8 at 51.48,11.04
[SERVER] Received aircraft: 4BE1CE at 46.90,7.26
[SERVER] Received aircraft: 566A02 at 51.59,8.48
[SERVER] Received aircraft: 049452 at 51.67,4.15
[SERVER] Received aircraft: 08DF81 at 50.15,8.21
[SERVER] Received aircraft: C2FB51 at 47.69,7.06
[SERVER] Received aircraft: 356ED1 at 51.65,8.05
[SERVER] Received aircraft: A8269C at 49.87,8.22
[SERVER] Received aircraft: 6317DF at 48.08,4.26
[SERVER] Received aircraft: 58E57F at 48.66,11.58
[SERVER] Received aircraft: 3AB297 at 52.69,7.72
[SERVER] Received aircraft: 893F64 at 48.31,5.84
[SERVER] Received aircraft: 8683B3 at 51.48,10.84
[SERVER] Received aircraft: 95A8C5 at 50.39,9.75
[SERVER] Received aircraft: 16293A at 49.73,7.65
[SERVER] Received aircraft: A8E487 at 52.54,6.43
[SERVER] Received aircraft: A01356 at 52.12,7.01
[SORT-DEBUG] Received sort='callsign', asc='false', ascending=false, count=18
[SORT-DEBUG] After sorting by callsign (asc=false):
  [0] ICAO=893F64 Callsign=VP177 Alt=28435 Spd=247
  [1] ICAO=58E57F Callsign=SN559 Alt=25904 Spd=160
  [2] ICAO=566A02 Callsign=SD932 Alt=11926 Spd=141
[SERVER] Received aircraft: 77DCC7 at 50.73,6.44
[SERVER] Received aircraft: 74C3B8 at 51.48,11.04
[SERVER] Received aircraft: 4BE1CE at 46.89,7.26
[SERVER] Received aircraft: 566A02 at 51.59,8.48
[SERVER] Received aircraft: 049452 at 51.67,4.14
[SERVER] Received aircraft: 08DF81 at 50.15,8.21
[SERVER] Received aircraft: C2FB51 at 47.69,7.06
[SERVER] Received aircraft: 356ED1 at 51.65,8.05
[SERVER] Received aircraft: A8269C at 49.87,8.22
[SERVER] Received aircraft: 6317DF at 48.08,4.26
[SERVER] Received aircraft: 58E57F at 48.66,11.58
[SERVER] Received aircraft: 3AB297 at 52.69,7.72
[SERVER] Received aircraft: 893F64 at 48.31,5.84
[SERVER] Received aircraft: 8683B3 at 51.48,10.84
[SERVER] Received aircraft: 95A8C5 at 50.39,9.75
[SERVER] Received aircraft: 16293A at 49.73,7.66
[SERVER] Received aircraft: A8E487 at 52.54,6.43
[SERVER] Received aircraft: A01356 at 52.12,7.01
[SORT-DEBUG] Received sort='callsign', asc='false', ascending=false, count=18
[SORT-DEBUG] After sorting by callsign (asc=false):
  [0] ICAO=893F64 Callsign=VP177 Alt=28435 Spd=247
  [1] ICAO=58E57F Callsign=SN559 Alt=25904 Spd=160
  [2] ICAO=566A02 Callsign=SD932 Alt=11926 Spd=139
[SERVER] Received aircraft: 77DCC7 at 50.73,6.44
[SERVER] Received aircraft: 74C3B8 at 51.48,11.04
[SERVER] Received aircraft: 4BE1CE at 46.89,7.26
[SERVER] Received aircraft: 566A02 at 51.59,8.48
[SERVER] Received aircraft: 049452 at 51.67,4.14
[SERVER] Received aircraft: 08DF81 at 50.15,8.21
[SERVER] Received aircraft: C2FB51 at 47.69,7.06
[SERVER] Received aircraft: 356ED1 at 51.65,8.05
[SERVER] Received aircraft: A8269C at 49.87,8.22
[SERVER] Received aircraft: 6317DF at 48.08,4.26
[SERVER] Received aircraft: 58E57F at 48.66,11.58
[SERVER] Received aircraft: 3AB297 at 52.69,7.73
[SERVER] Received aircraft: 893F64 at 48.32,5.84
[SERVER] Received aircraft: 8683B3 at 51.48,10.84
[SERVER] Received aircraft: 95A8C5 at 50.39,9.75
[SERVER] Received aircraft: 16293A at 49.73,7.66
[SERVER] Received aircraft: A8E487 at 52.54,6.43
[SERVER] Received aircraft: A01356 at 52.12,7.01
[SORT-DEBUG] Received sort='callsign', asc='false', ascending=false, count=18
[SORT-DEBUG] After sorting by callsign (asc=false):
  [0] ICAO=893F64 Callsign=VP177 Alt=28435 Spd=247
  [1] ICAO=58E57F Callsign=SN559 Alt=25904 Spd=160
  [2] ICAO=566A02 Callsign=SD932 Alt=11926 Spd=139
[SERVER] Received aircraft: 77DCC7 at 50.73,6.44
[SERVER] Received aircraft: 74C3B8 at 51.48,11.04
[SERVER] Received aircraft: 4BE1CE at 46.89,7.26
[SERVER] Received aircraft: 566A02 at 51.59,8.48
[SERVER] Received aircraft: 049452 at 51.68,4.14
[SERVER] Received aircraft: 08DF81 at 50.15,8.21
[SERVER] Received aircraft: C2FB51 at 47.68,7.06
[SERVER] Received aircraft: 356ED1 at 51.65,8.05
[SERVER] Received aircraft: A8269C at 49.87,8.21
[SERVER] Received aircraft: 6317DF at 48.08,4.26
[SERVER] Received aircraft: 58E57F at 48.66,11.58
[SERVER] Received aircraft: 3AB297 at 52.69,7.73
[SERVER] Received aircraft: 893F64 at 48.32,5.84
[SERVER] Received aircraft: 8683B3 at 51.48,10.84
[SERVER] Received aircraft: 95A8C5 at 50.39,9.75
[SERVER] Received aircraft: 16293A at 49.73,7.66
[SERVER] Received aircraft: A8E487 at 52.54,6.43
[SERVER] Received aircraft: A01356 at 52.12,7.02
[SORT-DEBUG] Received sort='callsign', asc='false', ascending=false, count=18
[SORT-DEBUG] After sorting by callsign (asc=false):
  [0] ICAO=893F64 Callsign=VP177 Alt=28435 Spd=247
  [1] ICAO=58E57F Callsign=SN559 Alt=25833 Spd=160
  [2] ICAO=566A02 Callsign=SD932 Alt=11926 Spd=139
[SERVER] Received aircraft: 77DCC7 at 50.73,6.44
[SERVER] Received aircraft: 74C3B8 at 51.48,11.03
[SERVER] Received aircraft: 4BE1CE at 46.89,7.26
[SERVER] Received aircraft: 566A02 at 51.59,8.48
[SERVER] Received aircraft: 049452 at 51.68,4.14
[SERVER] Received aircraft: 08DF81 at 50.16,8.21
[SERVER] Received aircraft: C2FB51 at 47.68,7.06
[SERVER] Received aircraft: 356ED1 at 51.65,8.05
[SERVER] Received aircraft: A8269C at 49.87,8.21
[SERVER] Received aircraft: 6317DF at 48.08,4.26
[SERVER] Received aircraft: 58E57F at 48.66,11.58
[SERVER] Received aircraft: 3AB297 at 52.69,7.73
[SERVER] Received aircraft: 893F64 at 48.32,5.84
[SERVER] Received aircraft: 8683B3 at 51.48,10.84
[SERVER] Received aircraft: 95A8C5 at 50.39,9.75
[SERVER] Received aircraft: 16293A at 49.74,7.67
[SERVER] Received aircraft: A8E487 at 52.54,6.44
[SERVER] Received aircraft: A01356 at 52.12,7.02
[SORT-DEBUG] Received sort='callsign', asc='false', ascending=false, count=18
[SORT-DEBUG] After sorting by callsign (asc=false):
  [0] ICAO=893F64 Callsign=VP177 Alt=28435 Spd=247
  [1] ICAO=58E57F Callsign=SN559 Alt=25833 Spd=160
  [2] ICAO=566A02 Callsign=SD932 Alt=11926 Spd=139
[SERVER] Received aircraft: 77DCC7 at 50.73,6.44
[SERVER] Received aircraft: 74C3B8 at 51.49,11.03
[SERVER] Received aircraft: 4BE1CE at 46.89,7.26
[SERVER] Received aircraft: 566A02 at 51.59,8.48
[SERVER] Received aircraft: 049452 at 51.68,4.14
[SERVER] Received aircraft: 08DF81 at 50.16,8.21
[SERVER] Received aircraft: C2FB51 at 47.68,7.06
[SERVER] Received aircraft: 356ED1 at 51.65,8.05
[SERVER] Received aircraft: A8269C at 49.87,8.21
[SERVER] Received aircraft: 6317DF at 48.07,4.26
[SERVER] Received aircraft: 58E57F at 48.67,11.58
[SERVER] Received aircraft: 3AB297 at 52.69,7.73
[SERVER] Received aircraft: 893F64 at 48.32,5.84
[SERVER] Received aircraft: 8683B3 at 51.48,10.84
[SERVER] Received aircraft: 95A8C5 at 50.39,9.75
[SERVER] Received aircraft: 16293A at 49.74,7.67
[SERVER] Received aircraft: A8E487 at 52.54,6.44
[SERVER] Received aircraft: A01356 at 52.12,7.02
[SORT-DEBUG] Received sort='callsign', asc='false', ascending=false, count=18
[SORT-DEBUG] After sorting by callsign (asc=false):
  [0] ICAO=893F64 Callsign=VP177 Alt=28477 Spd=247
  [1] ICAO=58E57F Callsign=SN559 Alt=25833 Spd=155
  [2] ICAO=566A02 Callsign=SD932 Alt=11926 Spd=139
[SERVER] Received aircraft: 77DCC7 at 50.73,6.45
[SERVER] Received aircraft: 74C3B8 at 51.49,11.03
[SERVER] Received aircraft: 4BE1CE at 46.88,7.26
[SERVER] Received aircraft: 566A02 at 51.59,8.48
[SERVER] Received aircraft: 049452 at 51.68,4.14
[SERVER] Received aircraft: 08DF81 at 50.16,8.21
[SERVER] Received aircraft: C2FB51 at 47.68,7.06
[SERVER] Received aircraft: 356ED1 at 51.65,8.06
[SERVER] Received aircraft: A8269C at 49.87,8.20
[SERVER] Received aircraft: 6317DF at 48.07,4.26
[SERVER] Received aircraft: 58E57F at 48.67,11.58
[SERVER] Received aircraft: 3AB297 at 52.69,7.74
[SERVER] Received aircraft: 893F64 at 48.32,5.84
[SERVER] Received aircraft: 8683B3 at 51.47,10.84
[SERVER] Received aircraft: 95A8C5 at 50.40,9.75
[SERVER] Received aircraft: 16293A at 49.74,7.68
[SERVER] Received aircraft: A8E487 at 52.54,6.44
[SERVER] Received aircraft: A01356 at 52.12,7.03
[SORT-DEBUG] Received sort='callsign', asc='false', ascending=false, count=18
[SORT-DEBUG] After sorting by callsign (asc=false):
  [0] ICAO=893F64 Callsign=VP177 Alt=28477 Spd=247
  [1] ICAO=58E57F Callsign=SN559 Alt=25833 Spd=155
  [2] ICAO=566A02 Callsign=SD932 Alt=11926 Spd=139
[SERVER] Received aircraft: 77DCC7 at 50.73,6.45
[SERVER] Received aircraft: 74C3B8 at 51.49,11.03
[SERVER] Received aircraft: 4BE1CE at 46.88,7.26
[SERVER] Received aircraft: 566A02 at 51.59,8.48
[SERVER] Received aircraft: 049452 at 51.68,4.14
[SERVER] Received aircraft: 08DF81 at 50.16,8.21
[SERVER] Received aircraft: C2FB51 at 47.68,7.06
[SERVER] Received aircraft: 356ED1 at 51.65,8.06
[SERVER] Received aircraft: A8269C at 49.87,8.20
[SERVER] Received aircraft: 6317DF at 48.07,4.26
[SERVER] Received aircraft: 58E57F at 48.67,11.58
[SERVER] Received aircraft: 3AB297 at 52.69,7.74
[SERVER] Received aircraft: 893F64 at 48.32,5.85
[SERVER] Received aircraft: 8683B3 at 51.47,10.84
[SERVER] Received aircraft: 95A8C5 at 50.40,9.75
[SERVER] Received aircraft: 16293A at 49.74,7.68
[SERVER] Received aircraft: A8E487 at 52.55,6.45
[SERVER] Received aircraft: A01356 at 52.13,7.03
[SORT-DEBUG] Received sort='callsign', asc='false', ascending=false, count=18
[SORT-DEBUG] After sorting by callsign (asc=false):
  [0] ICAO=893F64 Callsign=VP177 Alt=28477 Spd=252
  [1] ICAO=58E57F Callsign=SN559 Alt=25833 Spd=155
  [2] ICAO=566A02 Callsign=SD932 Alt=11926 Spd=139
[SERVER] Received aircraft: 77DCC7 at 50.73,6.45
[SERVER] Received aircraft: 74C3B8 at 51.49,11.03
[SERVER] Received aircraft: 4BE1CE at 46.88,7.25
[SERVER] Received aircraft: 566A02 at 51.58,8.48
[SERVER] Received aircraft: 049452 at 51.68,4.14
[SERVER] Received aircraft: 08DF81 at 50.16,8.21
[SERVER] Received aircraft: C2FB51 at 47.67,7.06
[SERVER] Received aircraft: 356ED1 at 51.65,8.06
[SERVER] Received aircraft: A8269C at 49.87,8.20
[SERVER] Received aircraft: 6317DF at 48.07,4.26
[SERVER] Received aircraft: 58E57F at 48.67,11.58
[SERVER] Received aircraft: 3AB297 at 52.69,7.74
[SERVER] Received aircraft: 893F64 at 48.32,5.85
[SERVER] Received aircraft: 8683B3 at 51.47,10.84
[SERVER] Received aircraft: 95A8C5 at 50.40,9.75
[SERVER] Received aircraft: 16293A at 49.74,7.68
[SERVER] Received aircraft: A8E487 at 52.55,6.45
[SERVER] Received aircraft: A01356 at 52.13,7.04
[SORT-DEBUG] Received sort='callsign', asc='false', ascending=false, count=18
[SORT-DEBUG] After sorting by callsign (asc=false):
  [0] ICAO=893F64 Callsign=VP177 Alt=28477 Spd=252
  [1] ICAO=58E57F Callsign=SN559 Alt=25833 Spd=155
  [2] ICAO=566A02 Callsign=SD932 Alt=11926 Spd=139
[SERVER] Received aircraft: 77DCC7 at 50.73,6.45
[SERVER] Received aircraft: 74C3B8 at 51.49,11.02
[SERVER] Received aircraft: 4BE1CE at 46.88,7.25
[SERVER] Received aircraft: 566A02 at 51.58,8.48
[SERVER] Received aircraft: 049452 at 51.68,4.14
[SERVER] Received aircraft: 08DF81 at 50.16,8.21
[SERVER] Received aircraft: C2FB51 at 47.67,7.06
[SERVER] Received aircraft: 356ED1 at 51.65,8.06
[SERVER] Received aircraft: A8269C at 49.87,8.19
[SERVER] Received aircraft: 6317DF at 48.07,4.26
[SERVER] Received aircraft: 58E57F at 48.67,11.59
[SERVER] Received aircraft: 3AB297 at 52.69,7.74
[SERVER] Received aircraft: 893F64 at 48.32,5.85
[SERVER] Received aircraft: 8683B3 at 51.47,10.84
[SERVER] Received aircraft: 95A8C5 at 50.40,9.75
[SERVER] Received aircraft: 16293A at 49.74,7.69
[SERVER] Received aircraft: A8E487 at 52.55,6.45
[SERVER] Received aircraft: A01356 at 52.13,7.04
[SORT-DEBUG] Received sort='callsign', asc='false', ascending=false, count=18
[SORT-DEBUG] After sorting by callsign (asc=false):
  [0] ICAO=893F64 Callsign=VP177 Alt=28477 Spd=247
  [1] ICAO=58E57F Callsign=SN559 Alt=25833 Spd=155
  [2] ICAO=566A02 Callsign=SD932 Alt=11926 Spd=139
[SERVER] Received aircraft: 77DCC7 at 50.73,6.45
[SERVER] Received aircraft: 74C3B8 at 51.49,11.02
[SERVER] Received aircraft: 4BE1CE at 46.88,7.25
[SERVER] Received aircraft: 566A02 at 51.58,8.48
[SERVER] Received aircraft: 049452 at 51.69,4.14
[SERVER] Received aircraft: 08DF81 at 50.16,8.21
[SERVER] Received aircraft: C2FB51 at 47.67,7.06
[SERVER] Received aircraft: 356ED1 at 51.65,8.06
[SERVER] Received aircraft: A8269C at 49.87,8.19
[SERVER] Received aircraft: 6317DF at 48.06,4.26
[SERVER] Received aircraft: 58E57F at 48.67,11.59
[SERVER] Received aircraft: 3AB297 at 52.69,7.75
[SERVER] Received aircraft: 893F64 at 48.32,5.85
[SERVER] Received aircraft: 8683B3 at 51.47,10.84
[SERVER] Received aircraft: 95A8C5 at 50.40,9.75
[SERVER] Received aircraft: 16293A at 49.75,7.69
[SERVER] Received aircraft: A8E487 at 52.55,6.46
[SERVER] Received aircraft: A01356 at 52.13,7.04
[SORT-DEBUG] Received sort='callsign', asc='false', ascending=false, count=18
[SORT-DEBUG] After sorting by callsign (asc=false):
  [0] ICAO=893F64 Callsign=VP177 Alt=28477 Spd=247
  [1] ICAO=58E57F Callsign=SN559 Alt=25833 Spd=155
  [2] ICAO=566A02 Callsign=SD932 Alt=11926 Spd=139
[SERVER] Received aircraft: 77DCC7 at 50.73,6.45
[SERVER] Received aircraft: 74C3B8 at 51.49,11.02
[SERVER] Received aircraft: 4BE1CE at 46.88,7.25
[SERVER] Received aircraft: 566A02 at 51.58,8.48
[SERVER] Received aircraft: 049452 at 51.69,4.14
[SERVER] Received aircraft: 08DF81 at 50.17,8.21
[SERVER] Received aircraft: C2FB51 at 47.67,7.06
[SERVER] Received aircraft: 356ED1 at 51.65,8.06
[SERVER] Received aircraft: A8269C at 49.87,8.19
[SERVER] Received aircraft: 6317DF at 48.06,4.26
[SERVER] Received aircraft: 58E57F at 48.67,11.59
[SERVER] Received aircraft: 3AB297 at 52.69,7.75
[SERVER] Received aircraft: 893F64 at 48.32,5.85
[SERVER] Received aircraft: 8683B3 at 51.47,10.84
[SERVER] Received aircraft: 95A8C5 at 50.40,9.75
[SERVER] Received aircraft: 16293A at 49.75,7.69
[SERVER] Received aircraft: A8E487 at 52.55,6.46
[SERVER] Received aircraft: A01356 at 52.13,7.05
[SORT-DEBUG] Received sort='callsign', asc='false', ascending=false, count=18
[SORT-DEBUG] After sorting by callsign (asc=false):
  [0] ICAO=893F64 Callsign=VP177 Alt=28477 Spd=247
  [1] ICAO=58E57F Callsign=SN559 Alt=25833 Spd=155
  [2] ICAO=566A02 Callsign=SD932 Alt=11926 Spd=139
[SERVER] Received aircraft: 77DCC7 at 50.73,6.46
[SERVER] Received aircraft: 74C3B8 at 51.49,11.02
[SERVER] Received aircraft: 4BE1CE at 46.87,7.25
[SERVER] Received aircraft: 566A02 at 51.58,8.48
[SERVER] Received aircraft: 049452 at 51.69,4.14
[SERVER] Received aircraft: 08DF81 at 50.17,8.20
[SERVER] Received aircraft: C2FB51 at 47.67,7.06
[SERVER] Received aircraft: 356ED1 at 51.65,8.06
[SERVER] Received aircraft: A8269C at 49.87,8.18
[SERVER] Received aircraft: 6317DF at 48.06,4.26
[SERVER] Received aircraft: 58E57F at 48.67,11.59
[SERVER] Received aircraft: 3AB297 at 52.69,7.75
[SERVER] Received aircraft: 893F64 at 48.33,5.85
[SERVER] Received aircraft: 8683B3 at 51.47,10.84
[SERVER] Received aircraft: 95A8C5 at 50.41,9.75
[SERVER] Received aircraft: 16293A at 49.75,7.70
[SERVER] Received aircraft: A8E487 at 52.55,6.46
[SERVER] Received aircraft: A01356 at 52.13,7.05
[SORT-DEBUG] Received sort='callsign', asc='false', ascending=false, count=18
[SORT-DEBUG] After sorting by callsign (asc=false):
  [0] ICAO=893F64 Callsign=VP177 Alt=28477 Spd=247
  [1] ICAO=58E57F Callsign=SN559 Alt=25833 Spd=155
  [2] ICAO=566A02 Callsign=SD932 Alt=11926 Spd=139
[SERVER] Received aircraft: 77DCC7 at 50.73,6.46
[SERVER] Received aircraft: 74C3B8 at 51.49,11.02
[SERVER] Received aircraft: 4BE1CE at 46.87,7.25
[SERVER] Received aircraft: 566A02 at 51.58,8.48
[SERVER] Received aircraft: 049452 at 51.69,4.14
[SERVER] Received aircraft: 08DF81 at 50.17,8.20
[SERVER] Received aircraft: C2FB51 at 47.66,7.06
[SERVER] Received aircraft: 356ED1 at 51.65,8.06
[SERVER] Received aircraft: A8269C at 49.87,8.18
[SERVER] Received aircraft: 6317DF at 48.06,4.26
[SERVER] Received aircraft: 58E57F at 48.67,11.59
[SERVER] Received aircraft: 3AB297 at 52.69,7.76
[SERVER] Received aircraft: 893F64 at 48.33,5.85
[SERVER] Received aircraft: 8683B3 at 51.47,10.84
[SERVER] Received aircraft: 95A8C5 at 50.41,9.75
[SERVER] Received aircraft: 16293A at 49.75,7.70
[SERVER] Received aircraft: A8E487 at 52.55,6.47
[SERVER] Received aircraft: A01356 at 52.13,7.05
[SORT-DEBUG] Received sort='callsign', asc='false', ascending=false, count=18
[SORT-DEBUG] After sorting by callsign (asc=false):
  [0] ICAO=893F64 Callsign=VP177 Alt=28477 Spd=247
  [1] ICAO=58E57F Callsign=SN559 Alt=25833 Spd=155
  [2] ICAO=566A02 Callsign=SD932 Alt=11926 Spd=139
[SERVER] Received aircraft: 77DCC7 at 50.73,6.46
[SERVER] Received aircraft: 74C3B8 at 51.49,11.01
[SERVER] Received aircraft: 4BE1CE at 46.87,7.25
[SERVER] Received aircraft: 566A02 at 51.58,8.48
[SERVER] Received aircraft: 049452 at 51.69,4.14
[SERVER] Received aircraft: 08DF81 at 50.17,8.20
[SERVER] Received aircraft: C2FB51 at 47.66,7.06
[SERVER] Received aircraft: 356ED1 at 51.65,8.07
[SERVER] Received aircraft: A8269C at 49.87,8.18
[SERVER] Received aircraft: 6317DF at 48.06,4.26
[SERVER] Received aircraft: 58E57F at 48.67,11.59
[SERVER] Received aircraft: 3AB297 at 52.69,7.76
[SERVER] Received aircraft: 893F64 at 48.33,5.85
[SERVER] Received aircraft: 8683B3 at 51.46,10.84
[SERVER] Received aircraft: 95A8C5 at 50.41,9.75
[SERVER] Received aircraft: 16293A at 49.75,7.70
[SERVER] Received aircraft: A8E487 at 52.55,6.47
[SERVER] Received aircraft: A01356 at 52.13,7.06
[SORT-DEBUG] Received sort='callsign', asc='false', ascending=false, count=18
[SORT-DEBUG] After sorting by callsign (asc=false):
  [0] ICAO=893F64 Callsign=VP177 Alt=28477 Spd=247
  [1] ICAO=58E57F Callsign=SN559 Alt=25833 Spd=155
  [2] ICAO=566A02 Callsign=SD932 Alt=11926 Spd=139
[SERVER] Received aircraft: 77DCC7 at 50.73,6.46
[SERVER] Received aircraft: 74C3B8 at 51.49,11.01
[SERVER] Received aircraft: 4BE1CE at 46.87,7.25
[SERVER] Received aircraft: 566A02 at 51.58,8.48
[SERVER] Received aircraft: 049452 at 51.69,4.14
[SERVER] Received aircraft: 08DF81 at 50.17,8.20
[SERVER] Received aircraft: C2FB51 at 47.66,7.05
[SERVER] Received aircraft: 356ED1 at 51.66,8.07
[SERVER] Received aircraft: A8269C at 49.87,8.17
[SERVER] Received aircraft: 6317DF at 48.05,4.26
[SERVER] Received aircraft: 58E57F at 48.67,11.59
[SERVER] Received aircraft: 3AB297 at 52.69,7.76
[SERVER] Received aircraft: 893F64 at 48.33,5.85
[SERVER] Received aircraft: 8683B3 at 51.46,10.84
[SERVER] Received aircraft: 95A8C5 at 50.41,9.75
[SERVER] Received aircraft: 16293A at 49.75,7.71
[SERVER] Received aircraft: A8E487 at 52.55,6.47
[SERVER] Received aircraft: A01356 at 52.13,7.06
[SORT-DEBUG] Received sort='callsign', asc='false', ascending=false, count=18
[SORT-DEBUG] After sorting by callsign (asc=false):
  [0] ICAO=893F64 Callsign=VP177 Alt=28477 Spd=247
  [1] ICAO=58E57F Callsign=SN559 Alt=25833 Spd=155
  [2] ICAO=566A02 Callsign=SD932 Alt=11926 Spd=139
[SERVER] Received aircraft: 77DCC7 at 50.73,6.46
[SERVER] Received aircraft: 74C3B8 at 51.49,11.01
[SERVER] Received aircraft: 4BE1CE at 46.87,7.25
[SERVER] Received aircraft: 566A02 at 51.58,8.48
[SERVER] Received aircraft: 049452 at 51.69,4.14
[SERVER] Received aircraft: 08DF81 at 50.17,8.20
[SERVER] Received aircraft: C2FB51 at 47.66,7.05
[SERVER] Received aircraft: 356ED1 at 51.66,8.07
[SERVER] Received aircraft: A8269C at 49.87,8.17
[SERVER] Received aircraft: 6317DF at 48.05,4.25
[SERVER] Received aircraft: 58E57F at 48.67,11.59
[SERVER] Received aircraft: 3AB297 at 52.69,7.76
[SERVER] Received aircraft: 893F64 at 48.33,5.85
[SERVER] Received aircraft: 8683B3 at 51.46,10.84
[SERVER] Received aircraft: 95A8C5 at 50.41,9.75
[SERVER] Received aircraft: 16293A at 49.76,7.71
[SERVER] Received aircraft: A8E487 at 52.55,6.48
[SERVER] Received aircraft: A01356 at 52.14,7.06
[SORT-DEBUG] Received sort='callsign', asc='false', ascending=false, count=18
[SORT-DEBUG] After sorting by callsign (asc=false):
  [0] ICAO=893F64 Callsign=VP177 Alt=28477 Spd=244
  [1] ICAO=58E57F Callsign=SN559 Alt=25833 Spd=155
  [2] ICAO=566A02 Callsign=SD932 Alt=11926 Spd=144
[SERVER] Received aircraft: 77DCC7 at 50.73,6.46
[SERVER] Received aircraft: 74C3B8 at 51.49,11.01
[SERVER] Received aircraft: 4BE1CE at 46.86,7.25
[SERVER] Received aircraft: 566A02 at 51.58,8.48
[SERVER] Received aircraft: 049452 at 51.70,4.14
[SERVER] Received aircraft: 08DF81 at 50.17,8.20
[SERVER] Received aircraft: C2FB51 at 47.66,7.05
[SERVER] Received aircraft: 356ED1 at 51.66,8.07
[SERVER] Received aircraft: A8269C at 49.87,8.17
[SERVER] Received aircraft: 6317DF at 48.05,4.25
[SERVER] Received aircraft: 58E57F at 48.67,11.59
[SERVER] Received aircraft: 3AB297 at 52.69,7.77
[SERVER] Received aircraft: 893F64 at 48.33,5.85
[SERVER] Received aircraft: 8683B3 at 51.46,10.84
[SERVER] Received aircraft: 95A8C5 at 50.41,9.75
[SERVER] Received aircraft: 16293A at 49.76,7.71
[SERVER] Received aircraft: A8E487 at 52.55,6.48
[SERVER] Received aircraft: A01356 at 52.14,7.07
[SORT-DEBUG] Received sort='callsign', asc='false', ascending=false, count=18
[SORT-DEBUG] After sorting by callsign (asc=false):
  [0] ICAO=893F64 Callsign=VP177 Alt=28477 Spd=243
  [1] ICAO=58E57F Callsign=SN559 Alt=25833 Spd=155
  [2] ICAO=566A02 Callsign=SD932 Alt=11926 Spd=144
[SERVER] Received aircraft: 77DCC7 at 50.73,6.47
[SERVER] Received aircraft: 74C3B8 at 51.49,11.01
[SERVER] Received aircraft: 4BE1CE at 46.86,7.25
[SERVER] Received aircraft: 566A02 at 51.58,8.49
[SERVER] Received aircraft: 049452 at 51.70,4.13
[SERVER] Received aircraft: 08DF81 at 50.18,8.20
[SERVER] Received aircraft: C2FB51 at 47.66,7.05
[SERVER] Received aircraft: 356ED1 at 51.66,8.07
[SERVER] Received aircraft: A8269C at 49.87,8.16
[SERVER] Received aircraft: 6317DF at 48.05,4.25
[SERVER] Received aircraft: 58E57F at 48.67,11.59
[SERVER] Received aircraft: 3AB297 at 52.69,7.77
[SERVER] Received aircraft: 893F64 at 48.33,5.85
[SERVER] Received aircraft: 8683B3 at 51.46,10.84
[SERVER] Received aircraft: 95A8C5 at 50.42,9.75
[SERVER] Received aircraft: 16293A at 49.76,7.72
[SERVER] Received aircraft: A8E487 at 52.55,6.48
[SERVER] Received aircraft: A01356 at 52.14,7.07
[SORT-DEBUG] Received sort='callsign', asc='false', ascending=false, count=18
[SORT-DEBUG] After sorting by callsign (asc=false):
  [0] ICAO=893F64 Callsign=VP177 Alt=28477 Spd=243
  [1] ICAO=58E57F Callsign=SN559 Alt=25833 Spd=150
  [2] ICAO=566A02 Callsign=SD932 Alt=11872 Spd=146
[SERVER] Received aircraft: 77DCC7 at 50.73,6.47
[SERVER] Received aircraft: 74C3B8 at 51.49,11.00
[SERVER] Received aircraft: 4BE1CE at 46.86,7.24
[SERVER] Received aircraft: 566A02 at 51.58,8.49
[SERVER] Received aircraft: 049452 at 51.70,4.13
[SERVER] Received aircraft: 08DF81 at 50.18,8.20
[SERVER] Received aircraft: C2FB51 at 47.65,7.05
[SERVER] Received aircraft: 356ED1 at 51.66,8.07
[SERVER] Received aircraft: A8269C at 49.87,8.16
[SERVER] Received aircraft: 6317DF at 48.05,4.25
[SERVER] Received aircraft: 58E57F at 48.67,11.59
[SERVER] Received aircraft: 3AB297 at 52.69,7.77
[SERVER] Received aircraft: 893F64 at 48.33,5.85
[SERVER] Received aircraft: 8683B3 at 51.46,10.84
[SERVER] Received aircraft: 95A8C5 at 50.42,9.75
[SERVER] Received aircraft: 16293A at 49.76,7.72
[SERVER] Received aircraft: A8E487 at 52.55,6.48
[SERVER] Received aircraft: A01356 at 52.14,7.08
[SORT-DEBUG] Received sort='callsign', asc='false', ascending=false, count=18
[SORT-DEBUG] After sorting by callsign (asc=false):
  [0] ICAO=893F64 Callsign=VP177 Alt=28477 Spd=243
  [1] ICAO=58E57F Callsign=SN559 Alt=25833 Spd=150
  [2] ICAO=566A02 Callsign=SD932 Alt=11872 Spd=146
[SERVER] Received aircraft: 77DCC7 at 50.73,6.47
[SERVER] Received aircraft: 74C3B8 at 51.50,11.00
[SERVER] Received aircraft: 4BE1CE at 46.86,7.24
[SERVER] Received aircraft: 566A02 at 51.58,8.49
[SERVER] Received aircraft: 049452 at 51.70,4.13
[SERVER] Received aircraft: 08DF81 at 50.18,8.20
[SERVER] Received aircraft: C2FB51 at 47.65,7.05
[SERVER] Received aircraft: 356ED1 at 51.66,8.07
[SERVER] Received aircraft: A8269C at 49.87,8.16
[SERVER] Received aircraft: 6317DF at 48.05,4.25
[SERVER] Received aircraft: 58E57F at 48.68,11.59
[SERVER] Received aircraft: 3AB297 at 52.69,7.77
[SERVER] Received aircraft: 893F64 at 48.33,5.85
[SERVER] Received aircraft: 8683B3 at 51.46,10.84
[SERVER] Received aircraft: 95A8C5 at 50.42,9.75
[SERVER] Received aircraft: 16293A at 49.76,7.72
[SERVER] Received aircraft: A8E487 at 52.55,6.49
[SERVER] Received aircraft: A01356 at 52.14,7.08
[SORT-DEBUG] Received sort='callsign', asc='false', ascending=false, count=18
[SORT-DEBUG] After sorting by callsign (asc=false):
  [0] ICAO=893F64 Callsign=VP177 Alt=28477 Spd=243
  [1] ICAO=58E57F Callsign=SN559 Alt=25833 Spd=150
  [2] ICAO=566A02 Callsign=SD932 Alt=11872 Spd=146
[SERVER] Received aircraft: 77DCC7 at 50.73,6.47
[SERVER] Received aircraft: 74C3B8 at 51.50,11.00
[SERVER] Received aircraft: 4BE1CE at 46.86,7.24
[SERVER] Received aircraft: 566A02 at 51.58,8.49
[SERVER] Received aircraft: 049452 at 51.70,4.13
[SERVER] Received aircraft: 08DF81 at 50.18,8.20
[SERVER] Received aircraft: C2FB51 at 47.65,7.05
[SERVER] Received aircraft: 356ED1 at 51.66,8.08
[SERVER] Received aircraft: A8269C at 49.87,8.15
[SERVER] Received aircraft: 6317DF at 48.04,4.25
[SERVER] Received aircraft: 58E57F at 48.68,11.59
[SERVER] Received aircraft: 3AB297 at 52.69,7.78
[SERVER] Received aircraft: 893F64 at 48.33,5.85
[SERVER] Received aircraft: 8683B3 at 51.46,10.84
[SERVER] Received aircraft: 95A8C5 at 50.42,9.74
[SERVER] Received aircraft: 16293A at 49.76,7.73
[SERVER] Received aircraft: A8E487 at 52.55,6.49
[SERVER] Received aircraft: A01356 at 52.14,7.08
[SORT-DEBUG] Received sort='callsign', asc='false', ascending=false, count=18
[SORT-DEBUG] After sorting by callsign (asc=false):
  [0] ICAO=893F64 Callsign=VP177 Alt=28477 Spd=243
  [1] ICAO=58E57F Callsign=SN559 Alt=25833 Spd=150
  [2] ICAO=566A02 Callsign=SD932 Alt=11872 Spd=146
[SERVER] Received aircraft: 77DCC7 at 50.73,6.47
[SERVER] Received aircraft: 74C3B8 at 51.50,11.00
[SERVER] Received aircraft: 4BE1CE at 46.85,7.24
[SERVER] Received aircraft: 566A02 at 51.58,8.49
[SERVER] Received aircraft: 049452 at 51.70,4.13
[SERVER] Received aircraft: 08DF81 at 50.18,8.20
[SERVER] Received aircraft: C2FB51 at 47.65,7.05
[SERVER] Received aircraft: 356ED1 at 51.66,8.08
[SERVER] Received aircraft: A8269C at 49.87,8.15
[SERVER] Received aircraft: 6317DF at 48.04,4.25
[SERVER] Received aircraft: 58E57F at 48.68,11.59
[SERVER] Received aircraft: 3AB297 at 52.69,7.78
[SERVER] Received aircraft: 893F64 at 48.34,5.86
[SERVER] Received aircraft: 8683B3 at 51.45,10.84
[SERVER] Received aircraft: 95A8C5 at 50.42,9.74
[SERVER] Received aircraft: 16293A at 49.77,7.73
[SERVER] Received aircraft: A8E487 at 52.55,6.49
[SERVER] Received aircraft: A01356 at 52.14,7.09
[SORT-DEBUG] Received sort='callsign', asc='false', ascending=false, count=18
[SORT-DEBUG] After sorting by callsign (asc=false):
  [0] ICAO=893F64 Callsign=VP177 Alt=28477 Spd=243
  [1] ICAO=58E57F Callsign=SN559 Alt=25833 Spd=150
  [2] ICAO=566A02 Callsign=SD932 Alt=11872 Spd=146
[SERVER] Received aircraft: 77DCC7 at 50.73,6.48
[SERVER] Received aircraft: 74C3B8 at 51.50,11.00
[SERVER] Received aircraft: 4BE1CE at 46.85,7.24
[SERVER] Received aircraft: 566A02 at 51.57,8.49
[SERVER] Received aircraft: 049452 at 51.71,4.13
[SERVER] Received aircraft: 08DF81 at 50.18,8.20
[SERVER] Received aircraft: C2FB51 at 47.65,7.05
[SERVER] Received aircraft: 356ED1 at 51.66,8.08
[SERVER] Received aircraft: A8269C at 49.87,8.15
[SERVER] Received aircraft: 6317DF at 48.04,4.25
[SERVER] Received aircraft: 58E57F at 48.68,11.59
[SERVER] Received aircraft: 3AB297 at 52.69,7.78
[SERVER] Received aircraft: 893F64 at 48.34,5.86
[SERVER] Received aircraft: 8683B3 at 51.45,10.84
[SERVER] Received aircraft: 95A8C5 at 50.42,9.74
[SERVER] Received aircraft: 16293A at 49.77,7.74
[SERVER] Received aircraft: A8E487 at 52.55,6.50
[SERVER] Received aircraft: A01356 at 52.14,7.09
[SORT-DEBUG] Received sort='callsign', asc='false', ascending=false, count=18
[SORT-DEBUG] After sorting by callsign (asc=false):
  [0] ICAO=893F64 Callsign=VP177 Alt=28477 Spd=238
  [1] ICAO=58E57F Callsign=SN559 Alt=25833 Spd=150
  [2] ICAO=566A02 Callsign=SD932 Alt=11872 Spd=146
[SERVER] Received aircraft: 77DCC7 at 50.73,6.48
[SERVER] Received aircraft: 74C3B8 at 51.50,10.99
[SERVER] Received aircraft: 4BE1CE at 46.85,7.24
[SERVER] Received aircraft: 566A02 at 51.57,8.49
[SERVER] Received aircraft: 049452 at 51.71,4.13
[SERVER] Received aircraft: 08DF81 at 50.18,8.20
[SERVER] Received aircraft: C2FB51 at 47.64,7.05
[SERVER] Received aircraft: 356ED1 at 51.66,8.08
[SERVER] Received aircraft: A8269C at 49.87,8.14
[SERVER] Received aircraft: 6317DF at 48.04,4.25
[SERVER] Received aircraft: 58E57F at 48.68,11.59
[SERVER] Received aircraft: 3AB297 at 52.69,7.78
[SERVER] Received aircraft: 893F64 at 48.34,5.86
[SERVER] Received aircraft: 8683B3 at 51.45,10.84
[SERVER] Received aircraft: 95A8C5 at 50.43,9.74
[SERVER] Received aircraft: 16293A at 49.77,7.74
[SERVER] Received aircraft: A8E487 at 52.55,6.50
[SERVER] Received aircraft: A01356 at 52.14,7.09
[SORT-DEBUG] Received sort='callsign', asc='false', ascending=false, count=18
[SORT-DEBUG] After sorting by callsign (asc=false):
  [0] ICAO=893F64 Callsign=VP177 Alt=28477 Spd=238
  [1] ICAO=58E57F Callsign=SN559 Alt=25833 Spd=150
  [2] ICAO=566A02 Callsign=SD932 Alt=11812 Spd=142
[SERVER] Received aircraft: 77DCC7 at 50.73,6.48
[SERVER] Received aircraft: 74C3B8 at 51.50,10.99
[SERVER] Received aircraft: 4BE1CE at 46.85,7.24
[SERVER] Received aircraft: 566A02 at 51.57,8.49
[SERVER] Received aircraft: 049452 at 51.71,4.13
[SERVER] Received aircraft: 08DF81 at 50.19,8.20
[SERVER] Received aircraft: C2FB51 at 47.64,7.05
[SERVER] Received aircraft: 356ED1 at 51.66,8.08
[SERVER] Received aircraft: A8269C at 49.87,8.14
[SERVER] Received aircraft: 6317DF at 48.04,4.25
[SERVER] Received aircraft: 58E57F at 48.68,11.59
[SERVER] Received aircraft: 3AB297 at 52.69,7.79
[SERVER] Received aircraft: 893F64 at 48.34,5.86
[SERVER] Received aircraft: 8683B3 at 51.45,10.84
[SERVER] Received aircraft: 95A8C5 at 50.43,9.74
[SERVER] Received aircraft: 16293A at 49.77,7.74
[SERVER] Received aircraft: A8E487 at 52.55,6.50
[SERVER] Received aircraft: A01356 at 52.15,7.10
[SORT-DEBUG] Received sort='callsign', asc='false', ascending=false, count=18
[SORT-DEBUG] After sorting by callsign (asc=false):
  [0] ICAO=893F64 Callsign=VP177 Alt=28477 Spd=240
  [1] ICAO=58E57F Callsign=SN559 Alt=25833 Spd=150
  [2] ICAO=566A02 Callsign=SD932 Alt=11812 Spd=142
[SERVER] Received aircraft: 77DCC7 at 50.73,6.48
[SERVER] Received aircraft: 74C3B8 at 51.50,10.99
[SERVER] Received aircraft: 4BE1CE at 46.85,7.24
[SERVER] Received aircraft: 566A02 at 51.57,8.49
[SERVER] Received aircraft: 049452 at 51.71,4.13
[SERVER] Received aircraft: 08DF81 at 50.19,8.20
[SERVER] Received aircraft: C2FB51 at 47.64,7.05
[SERVER] Received aircraft: 356ED1 at 51.66,8.08
[SERVER] Received aircraft: A8269C at 49.87,8.14
[SERVER] Received aircraft: 6317DF at 48.03,4.25
[SERVER] Received aircraft: 58E57F at 48.68,11.59
[SERVER] Received aircraft: 3AB297 at 52.69,7.79
[SERVER] Received aircraft: 893F64 at 48.34,5.86
[SERVER] Received aircraft: 8683B3 at 51.45,10.84
[SERVER] Received aircraft: 95A8C5 at 50.43,9.74
[SERVER] Received aircraft: 16293A at 49.77,7.75
[SERVER] Received aircraft: A8E487 at 52.55,6.51
[SERVER] Received aircraft: A01356 at 52.15,7.10
[SORT-DEBUG] Received sort='callsign', asc='false', ascending=false, count=18
[SORT-DEBUG] After sorting by callsign (asc=false):
  [0] ICAO=893F64 Callsign=VP177 Alt=28477 Spd=240
  [1] ICAO=58E57F Callsign=SN559 Alt=25833 Spd=150
  [2] ICAO=566A02 Callsign=SD932 Alt=11905 Spd=145
[SERVER] Received aircraft: 77DCC7 at 50.73,6.48
[SERVER] Received aircraft: 74C3B8 at 51.50,10.99
[SERVER] Received aircraft: 4BE1CE at 46.84,7.24
[SERVER] Received aircraft: 566A02 at 51.57,8.49
[SERVER] Received aircraft: 049452 at 51.71,4.13
[SERVER] Received aircraft: 08DF81 at 50.19,8.19
[SERVER] Received aircraft: C2FB51 at 47.64,7.05
[SERVER] Received aircraft: 356ED1 at 51.66,8.08
[SERVER] Received aircraft: A8269C at 49.87,8.13
[SERVER] Received aircraft: 6317DF at 48.03,4.25
[SERVER] Received aircraft: 58E57F at 48.68,11.59
[SERVER] Received aircraft: 3AB297 at 52.69,7.79
[SERVER] Received aircraft: 893F64 at 48.34,5.86
[SERVER] Received aircraft: 8683B3 at 51.45,10.84
[SERVER] Received aircraft: 95A8C5 at 50.43,9.74
[SERVER] Received aircraft: 16293A at 49.77,7.75
[SERVER] Received aircraft: A8E487 at 52.55,6.51
[SERVER] Received aircraft: A01356 at 52.15,7.10
[SORT-DEBUG] Received sort='callsign', asc='false', ascending=false, count=18
[SORT-DEBUG] After sorting by callsign (asc=false):
  [0] ICAO=893F64 Callsign=VP177 Alt=28477 Spd=240
  [1] ICAO=58E57F Callsign=SN559 Alt=25833 Spd=150
  [2] ICAO=566A02 Callsign=SD932 Alt=11905 Spd=145
[SERVER] Received aircraft: 77DCC7 at 50.73,6.48
[SERVER] Received aircraft: 74C3B8 at 51.50,10.99
[SERVER] Received aircraft: 4BE1CE at 46.84,7.24
[SERVER] Received aircraft: 566A02 at 51.57,8.49
[SERVER] Received aircraft: 049452 at 51.71,4.13
[SERVER] Received aircraft: 08DF81 at 50.19,8.19
[SERVER] Received aircraft: C2FB51 at 47.64,7.05
[SERVER] Received aircraft: 356ED1 at 51.66,8.08
[SERVER] Received aircraft: A8269C at 49.87,8.13
[SERVER] Received aircraft: 6317DF at 48.03,4.25
[SERVER] Received aircraft: 58E57F at 48.68,11.59
[SERVER] Received aircraft: 3AB297 at 52.69,7.80
[SERVER] Received aircraft: 893F64 at 48.34,5.86
[SERVER] Received aircraft: 8683B3 at 51.45,10.84
[SERVER] Received aircraft: 95A8C5 at 50.43,9.74
[SERVER] Received aircraft: 16293A at 49.78,7.75
[SERVER] Received aircraft: A8E487 at 52.55,6.51
[SERVER] Received aircraft: A01356 at 52.15,7.11
[SORT-DEBUG] Received sort='callsign', asc='false', ascending=false, count=18
[SORT-DEBUG] After sorting by callsign (asc=false):
  [0] ICAO=893F64 Callsign=VP177 Alt=28477 Spd=240
  [1] ICAO=58E57F Callsign=SN559 Alt=25833 Spd=150
  [2] ICAO=566A02 Callsign=SD932 Alt=11905 Spd=145
[SERVER] Received aircraft: 77DCC7 at 50.73,6.49
[SERVER] Received aircraft: 74C3B8 at 51.50,10.99
[SERVER] Received aircraft: 4BE1CE at 46.84,7.23
[SERVER] Received aircraft: 566A02 at 51.57,8.49
[SERVER] Received aircraft: 049452 at 51.71,4.13
[SERVER] Received aircraft: 08DF81 at 50.19,8.19
[SERVER] Received aircraft: C2FB51 at 47.63,7.05
[SERVER] Received aircraft: 356ED1 at 51.66,8.09
[SERVER] Received aircraft: A8269C at 49.87,8.13
[SERVER] Received aircraft: 6317DF at 48.03,4.25
[SERVER] Received aircraft: 58E57F at 48.68,11.59
[SERVER] Received aircraft: 3AB297 at 52.70,7.80
[SERVER] Received aircraft: 893F64 at 48.34,5.86
[SERVER] Received aircraft: 8683B3 at 51.44,10.84
[SERVER] Received aircraft: 95A8C5 at 50.43,9.74
[SERVER] Received aircraft: 16293A at 49.78,7.76
[SERVER] Received aircraft: A8E487 at 52.55,6.52
[SERVER] Received aircraft: A01356 at 52.15,7.11
[SORT-DEBUG] Received sort='callsign', asc='false', ascending=false, count=18
[SORT-DEBUG] After sorting by callsign (asc=false):
  [0] ICAO=893F64 Callsign=VP177 Alt=28477 Spd=240
  [1] ICAO=58E57F Callsign=SN559 Alt=25833 Spd=148
  [2] ICAO=566A02 Callsign=SD932 Alt=11905 Spd=145
[SERVER] Received aircraft: 77DCC7 at 50.73,6.49
[SERVER] Received aircraft: 74C3B8 at 51.50,10.98
[SERVER] Received aircraft: 4BE1CE at 46.84,7.23
[SERVER] Received aircraft: 566A02 at 51.57,8.49
[SERVER] Received aircraft: 049452 at 51.72,4.13
[SERVER] Received aircraft: 08DF81 at 50.19,8.19
[SERVER] Received aircraft: C2FB51 at 47.63,7.04
[SERVER] Received aircraft: 356ED1 at 51.66,8.09
[SERVER] Received aircraft: A8269C at 49.88,8.12
[SERVER] Received aircraft: 6317DF at 48.03,4.25
[SERVER] Received aircraft: 58E57F at 48.68,11.60
[SERVER] Received aircraft: 3AB297 at 52.70,7.80
[SERVER] Received aircraft: 893F64 at 48.34,5.86
[SERVER] Received aircraft: 8683B3 at 51.44,10.84
[SERVER] Received aircraft: 95A8C5 at 50.44,9.74
[SERVER] Received aircraft: 16293A at 49.78,7.76
[SERVER] Received aircraft: A8E487 at 52.55,6.52
[SERVER] Received aircraft: A01356 at 52.15,7.12
[SORT-DEBUG] Received sort='callsign', asc='false', ascending=false, count=18
[SORT-DEBUG] After sorting by callsign (asc=false):
  [0] ICAO=893F64 Callsign=VP177 Alt=28477 Spd=240
  [1] ICAO=58E57F Callsign=SN559 Alt=25891 Spd=148
  [2] ICAO=566A02 Callsign=SD932 Alt=11905 Spd=145
[SERVER] Received aircraft: 77DCC7 at 50.73,6.49
[SERVER] Received aircraft: 74C3B8 at 51.50,10.98
[SERVER] Received aircraft: 4BE1CE at 46.84,7.23
[SERVER] Received aircraft: 566A02 at 51.57,8.49
[SERVER] Received aircraft: 049452 at 51.72,4.13
[SERVER] Received aircraft: 08DF81 at 50.19,8.19
[SERVER] Received aircraft: C2FB51 at 47.63,7.04
[SERVER] Received aircraft: 356ED1 at 51.66,8.09
[SERVER] Received aircraft: A8269C at 49.88,8.12
[SERVER] Received aircraft: 6317DF at 48.02,4.25
[SERVER] Received aircraft: 58E57F at 48.68,11.60
[SERVER] Received aircraft: 3AB297 at 52.70,7.80
[SERVER] Received aircraft: 893F64 at 48.35,5.86
[SERVER] Received aircraft: 8683B3 at 51.44,10.84
[SERVER] Received aircraft: 95A8C5 at 50.44,9.74
[SERVER] Received aircraft: 16293A at 49.78,7.77
[SERVER] Received aircraft: A8E487 at 52.55,6.52
[SERVER] Received aircraft: A01356 at 52.15,7.12
[SORT-DEBUG] Received sort='callsign', asc='false', ascending=false, count=18
[SORT-DEBUG] After sorting by callsign (asc=false):
  [0] ICAO=893F64 Callsign=VP177 Alt=28477 Spd=240
  [1] ICAO=58E57F Callsign=SN559 Alt=25898 Spd=153
  [2] ICAO=566A02 Callsign=SD932 Alt=11905 Spd=145
[SERVER] Received aircraft: 77DCC7 at 50.73,6.49
[SERVER] Received aircraft: 74C3B8 at 51.50,10.98
[SERVER] Received aircraft: 4BE1CE at 46.83,7.23
[SERVER] Received aircraft: 566A02 at 51.57,8.49
[SERVER] Received aircraft: 049452 at 51.72,4.13
[SERVER] Received aircraft: 08DF81 at 50.20,8.19
[SERVER] Received aircraft: C2FB51 at 47.63,7.04
[SERVER] Received aircraft: 356ED1 at 51.66,8.09
[SERVER] Received aircraft: A8269C at 49.88,8.12
[SERVER] Received aircraft: 6317DF at 48.02,4.25
[SERVER] Received aircraft: 58E57F at 48.68,11.60
[SERVER] Received aircraft: 3AB297 at 52.70,7.81
[SERVER] Received aircraft: 893F64 at 48.35,5.86
[SERVER] Received aircraft: 8683B3 at 51.44,10.84
[SERVER] Received aircraft: 95A8C5 at 50.44,9.74
[SERVER] Received aircraft: 16293A at 49.78,7.77
[SERVER] Received aircraft: A8E487 at 52.55,6.53
[SERVER] Received aircraft: A01356 at 52.15,7.12
[SORT-DEBUG] Received sort='callsign', asc='false', ascending=false, count=18
[SORT-DEBUG] After sorting by callsign (asc=false):
  [0] ICAO=893F64 Callsign=VP177 Alt=28477 Spd=240
  [1] ICAO=58E57F Callsign=SN559 Alt=25898 Spd=153
  [2] ICAO=566A02 Callsign=SD932 Alt=11905 Spd=145
[SERVER] Received aircraft: 77DCC7 at 50.73,6.49
[SERVER] Received aircraft: 74C3B8 at 51.50,10.98
[SERVER] Received aircraft: 4BE1CE at 46.83,7.23
[SERVER] Received aircraft: 566A02 at 51.57,8.49
[SERVER] Received aircraft: 049452 at 51.72,4.13
[SERVER] Received aircraft: 08DF81 at 50.20,8.19
[SERVER] Received aircraft: C2FB51 at 47.63,7.04
[SERVER] Received aircraft: 356ED1 at 51.67,8.09
[SERVER] Received aircraft: A8269C at 49.88,8.11
[SERVER] Received aircraft: 6317DF at 48.02,4.25
[SERVER] Received aircraft: 58E57F at 48.68,11.60
[SERVER] Received aircraft: 3AB297 at 52.70,7.81
[SERVER] Received aircraft: 893F64 at 48.35,5.86
[SERVER] Received aircraft: 8683B3 at 51.44,10.84
[SERVER] Received aircraft: 95A8C5 at 50.44,9.74
[SERVER] Received aircraft: 16293A at 49.78,7.77
[SERVER] Received aircraft: A8E487 at 52.55,6.53
[SERVER] Received aircraft: A01356 at 52.15,7.13
[SORT-DEBUG] Received sort='callsign', asc='false', ascending=false, count=18
[SORT-DEBUG] After sorting by callsign (asc=false):
  [0] ICAO=893F64 Callsign=VP177 Alt=28477 Spd=240
  [1] ICAO=58E57F Callsign=SN559 Alt=25898 Spd=153
  [2] ICAO=566A02 Callsign=SD932 Alt=11905 Spd=145
[SERVER] Received aircraft: 77DCC7 at 50.73,6.49
[SERVER] Received aircraft: 74C3B8 at 51.51,10.98
[SERVER] Received aircraft: 4BE1CE at 46.83,7.23
[SERVER] Received aircraft: 566A02 at 51.57,8.49
[SERVER] Received aircraft: 049452 at 51.72,4.13
[SERVER] Received aircraft: 08DF81 at 50.20,8.19
[SERVER] Received aircraft: C2FB51 at 47.63,7.04
[SERVER] Received aircraft: 356ED1 at 51.67,8.09
[SERVER] Received aircraft: A8269C at 49.88,8.11
[SERVER] Received aircraft: 6317DF at 48.02,4.25
[SERVER] Received aircraft: 58E57F at 48.68,11.60
[SERVER] Received aircraft: 3AB297 at 52.70,7.81
[SERVER] Received aircraft: 893F64 at 48.35,5.86
[SERVER] Received aircraft: 8683B3 at 51.44,10.84
[SERVER] Received aircraft: 95A8C5 at 50.44,9.74
[SERVER] Received aircraft: 16293A at 49.78,7.78
[SERVER] Received aircraft: A8E487 at 52.55,6.53
[SERVER] Received aircraft: A01356 at 52.16,7.13
[SORT-DEBUG] Received sort='callsign', asc='false', ascending=false, count=18
[SORT-DEBUG] After sorting by callsign (asc=false):
  [0] ICAO=893F64 Callsign=VP177 Alt=28477 Spd=240
  [1] ICAO=58E57F Callsign=SN559 Alt=25898 Spd=153
  [2] ICAO=566A02 Callsign=SD932 Alt=11807 Spd=145
[SERVER] Received aircraft: 77DCC7 at 50.73,6.50
[SERVER] Received aircraft: 74C3B8 at 51.51,10.97
[SERVER] Received aircraft: 4BE1CE at 46.83,7.23
[SERVER] Received aircraft: 566A02 at 51.57,8.49
[SERVER] Received aircraft: 049452 at 51.72,4.13
[SERVER] Received aircraft: 08DF81 at 50.20,8.19
[SERVER] Received aircraft: C2FB51 at 47.62,7.04
[SERVER] Received aircraft: 356ED1 at 51.67,8.09
[SERVER] Received aircraft: A8269C at 49.88,8.11
[SERVER] Received aircraft: 6317DF at 48.02,4.25
[SERVER] Received aircraft: 58E57F at 48.68,11.60
[SERVER] Received aircraft: 3AB297 at 52.70,7.81
[SERVER] Received aircraft: 893F64 at 48.35,5.86
[SERVER] Received aircraft: 8683B3 at 51.44,10.84
[SERVER] Received aircraft: 95A8C5 at 50.44,9.74
[SERVER] Received aircraft: 16293A at 49.79,7.78
[SERVER] Received aircraft: A8E487 at 52.55,6.53
[SERVER] Received aircraft: A01356 at 52.16,7.13
[SORT-DEBUG] Received sort='callsign', asc='false', ascending=false, count=18
[SORT-DEBUG] After sorting by callsign (asc=false):
  [0] ICAO=893F64 Callsign=VP177 Alt=28477 Spd=240
  [1] ICAO=58E57F Callsign=SN559 Alt=25898 Spd=153
  [2] ICAO=566A02 Callsign=SD932 Alt=11807 Spd=145
[SERVER] Received aircraft: 77DCC7 at 50.73,6.50
[SERVER] Received aircraft: 74C3B8 at 51.51,10.97
[SERVER] Received aircraft: 4BE1CE at 46.83,7.23
[SERVER] Received aircraft: 566A02 at 51.57,8.49
[SERVER] Received aircraft: 049452 at 51.72,4.13
[SERVER] Received aircraft: 08DF81 at 50.20,8.19
[SERVER] Received aircraft: C2FB51 at 47.62,7.04
[SERVER] Received aircraft: 356ED1 at 51.67,8.10
[SERVER] Received aircraft: A8269C at 49.88,8.10
[SERVER] Received aircraft: 6317DF at 48.01,4.25
[SERVER] Received aircraft: 58E57F at 48.69,11.60
[SERVER] Received aircraft: 3AB297 at 52.70,7.82
[SERVER] Received aircraft: 893F64 at 48.35,5.86
[SERVER] Received aircraft: 8683B3 at 51.44,10.83
[SERVER] Received aircraft: 95A8C5 at 50.45,9.74
[SERVER] Received aircraft: 16293A at 49.79,7.78
[SERVER] Received aircraft: A8E487 at 52.55,6.54
[SERVER] Received aircraft: A01356 at 52.16,7.14
[SORT-DEBUG] Received sort='callsign', asc='false', ascending=false, count=18
[SORT-DEBUG] After sorting by callsign (asc=false):
  [0] ICAO=893F64 Callsign=VP177 Alt=28477 Spd=240
  [1] ICAO=58E57F Callsign=SN559 Alt=25898 Spd=150
  [2] ICAO=566A02 Callsign=SD932 Alt=11807 Spd=145
[SERVER] Received aircraft: 77DCC7 at 50.73,6.50
[SERVER] Received aircraft: 74C3B8 at 51.51,10.97
[SERVER] Received aircraft: 4BE1CE at 46.83,7.23
[SERVER] Received aircraft: 566A02 at 51.57,8.49
[SERVER] Received aircraft: 049452 at 51.73,4.12
[SERVER] Received aircraft: 08DF81 at 50.20,8.19
[SERVER] Received aircraft: C2FB51 at 47.62,7.04
[SERVER] Received aircraft: 356ED1 at 51.67,8.10
[SERVER] Received aircraft: A8269C at 49.88,8.10
[SERVER] Received aircraft: 6317DF at 48.01,4.25
[SERVER] Received aircraft: 58E57F at 48.69,11.60
[SERVER] Received aircraft: 3AB297 at 52.70,7.82
[SERVER] Received aircraft: 893F64 at 48.35,5.87
[SERVER] Received aircraft: 8683B3 at 51.43,10.83
[SERVER] Received aircraft: 95A8C5 at 50.45,9.74
[SERVER] Received aircraft: 16293A at 49.79,7.79
[SERVER] Received aircraft: A8E487 at 52.55,6.54
[SERVER] Received aircraft: A01356 at 52.16,7.14
[SORT-DEBUG] Received sort='callsign', asc='false', ascending=false, count=18
[SORT-DEBUG] After sorting by callsign (asc=false):
  [0] ICAO=893F64 Callsign=VP177 Alt=28477 Spd=240
  [1] ICAO=58E57F Callsign=SN559 Alt=25898 Spd=150
  [2] ICAO=566A02 Callsign=SD932 Alt=11807 Spd=145
[SERVER] Received aircraft: 77DCC7 at 50.73,6.50
[SERVER] Received aircraft: 74C3B8 at 51.51,10.97
[SERVER] Received aircraft: 4BE1CE at 46.82,7.23
[SERVER] Received aircraft: 566A02 at 51.56,8.49
[SERVER] Received aircraft: 049452 at 51.73,4.12
[SERVER] Received aircraft: 08DF81 at 50.20,8.19
[SERVER] Received aircraft: C2FB51 at 47.62,7.04
[SERVER] Received aircraft: 356ED1 at 51.67,8.10
[SERVER] Received aircraft: A8269C at 49.88,8.10
[SERVER] Received aircraft: 6317DF at 48.01,4.25
[SERVER] Received aircraft: 58E57F at 48.69,11.60
[SERVER] Received aircraft: 3AB297 at 52.70,7.82
[SERVER] Received aircraft: 893F64 at 48.35,5.87
[SERVER] Received aircraft: 8683B3 at 51.43,10.83
[SERVER] Received aircraft: 95A8C5 at 50.45,9.74
[SERVER] Received aircraft: 16293A at 49.79,7.79
[SERVER] Received aircraft: A8E487 at 52.55,6.54
[SERVER] Received aircraft: A01356 at 52.16,7.14
[SORT-DEBUG] Received sort='callsign', asc='false', ascending=false, count=18
[SORT-DEBUG] After sorting by callsign (asc=false):
  [0] ICAO=893F64 Callsign=VP177 Alt=28477 Spd=240
  [1] ICAO=58E57F Callsign=SN559 Alt=25898 Spd=150
  [2] ICAO=566A02 Callsign=SD932 Alt=11807 Spd=145
[SERVER] Received aircraft: 77DCC7 at 50.73,6.50
[SERVER] Received aircraft: 74C3B8 at 51.51,10.97
[SERVER] Received aircraft: 4BE1CE at 46.82,7.22
[SERVER] Received aircraft: 566A02 at 51.56,8.49
[SERVER] Received aircraft: 049452 at 51.73,4.12
[SERVER] Received aircraft: 08DF81 at 50.20,8.19
[SERVER] Received aircraft: C2FB51 at 47.62,7.04
[SERVER] Received aircraft: 356ED1 at 51.67,8.10
[SERVER] Received aircraft: A8269C at 49.88,8.09
[SERVER] Received aircraft: 6317DF at 48.01,4.25
[SERVER] Received aircraft: 58E57F at 48.69,11.60
[SERVER] Received aircraft: 3AB297 at 52.70,7.83
[SERVER] Received aircraft: 893F64 at 48.35,5.87
[SERVER] Received aircraft: 8683B3 at 51.43,10.83
[SERVER] Received aircraft: 95A8C5 at 50.45,9.74
[SERVER] Received aircraft: 16293A at 49.79,7.80
[SERVER] Received aircraft: A8E487 at 52.56,6.55
[SERVER] Received aircraft: A01356 at 52.16,7.15
[SORT-DEBUG] Received sort='callsign', asc='false', ascending=false, count=18
[SORT-DEBUG] After sorting by callsign (asc=false):
  [0] ICAO=893F64 Callsign=VP177 Alt=28477 Spd=240
  [1] ICAO=58E57F Callsign=SN559 Alt=25898 Spd=150
  [2] ICAO=566A02 Callsign=SD932 Alt=11807 Spd=145
[SERVER] Received aircraft: 77DCC7 at 50.73,6.50
[SERVER] Received aircraft: 74C3B8 at 51.51,10.96
[SERVER] Received aircraft: 4BE1CE at 46.82,7.22
[SERVER] Received aircraft: 566A02 at 51.56,8.49
[SERVER] Received aircraft: 049452 at 51.73,4.12
[SERVER] Received aircraft: 08DF81 at 50.21,8.19
[SERVER] Received aircraft: C2FB51 at 47.61,7.04
[SERVER] Received aircraft: 356ED1 at 51.67,8.10
[SERVER] Received aircraft: A8269C at 49.88,8.09
[SERVER] Received aircraft: 6317DF at 48.01,4.24
[SERVER] Received aircraft: 58E57F at 48.69,11.60
[SERVER] Received aircraft: 3AB297 at 52.70,7.83
[SERVER] Received aircraft: 893F64 at 48.35,5.87
[SERVER] Received aircraft: 8683B3 at 51.43,10.83
[SERVER] Received aircraft: 95A8C5 at 50.45,9.74
[SERVER] Received aircraft: 16293A at 49.79,7.80
[SERVER] Received aircraft: A8E487 at 52.56,6.55
[SERVER] Received aircraft: A01356 at 52.16,7.15
[SORT-DEBUG] Received sort='callsign', asc='false', ascending=false, count=18
[SORT-DEBUG] After sorting by callsign (asc=false):
  [0] ICAO=893F64 Callsign=VP177 Alt=28477 Spd=240
  [1] ICAO=58E57F Callsign=SN559 Alt=25898 Spd=150
  [2] ICAO=566A02 Callsign=SD932 Alt=11807 Spd=145
[SERVER] Received aircraft: 77DCC7 at 50.73,6.51
[SERVER] Received aircraft: 74C3B8 at 51.51,10.96
[SERVER] Received aircraft: 4BE1CE at 46.82,7.22
[SERVER] Received aircraft: 566A02 at 51.56,8.49
[SERVER] Received aircraft: 049452 at 51.73,4.12
[SERVER] Received aircraft: 08DF81 at 50.21,8.18
[SERVER] Received aircraft: C2FB51 at 47.61,7.04
[SERVER] Received aircraft: 356ED1 at 51.67,8.10
[SERVER] Received aircraft: A8269C at 49.88,8.09
[SERVER] Received aircraft: 6317DF at 48.00,4.24
[SERVER] Received aircraft: 58E57F at 48.69,11.60
[SERVER] Received aircraft: 3AB297 at 52.70,7.83
[SERVER] Received aircraft: 893F64 at 48.36,5.87
[SERVER] Received aircraft: 8683B3 at 51.43,10.83
[SERVER] Received aircraft: 95A8C5 at 50.45,9.74
[SERVER] Received aircraft: 16293A at 49.79,7.80
[SERVER] Received aircraft: A8E487 at 52.56,6.55
[SERVER] Received aircraft: A01356 at 52.16,7.16
[SORT-DEBUG] Received sort='callsign', asc='false', ascending=false, count=18
[SORT-DEBUG] After sorting by callsign (asc=false):
  [0] ICAO=893F64 Callsign=VP177 Alt=28477 Spd=240
  [1] ICAO=58E57F Callsign=SN559 Alt=25898 Spd=147
  [2] ICAO=566A02 Callsign=SD932 Alt=11807 Spd=145
[SERVER] Received aircraft: 77DCC7 at 50.73,6.51
[SERVER] Received aircraft: 74C3B8 at 51.51,10.96
[SERVER] Received aircraft: 4BE1CE at 46.82,7.22
[SERVER] Received aircraft: 566A02 at 51.56,8.49
[SERVER] Received aircraft: 049452 at 51.73,4.12
[SERVER] Received aircraft: 08DF81 at 50.21,8.18
[SERVER] Received aircraft: C2FB51 at 47.61,7.04
[SERVER] Received aircraft: 356ED1 at 51.67,8.11
[SERVER] Received aircraft: A8269C at 49.88,8.08
[SERVER] Received aircraft: 6317DF at 48.00,4.24
[SERVER] Received aircraft: 58E57F at 48.69,11.60
[SERVER] Received aircraft: 3AB297 at 52.70,7.83
[SERVER] Received aircraft: 893F64 at 48.36,5.87
[SERVER] Received aircraft: 8683B3 at 51.43,10.83
[SERVER] Received aircraft: 95A8C5 at 50.46,9.74
[SERVER] Received aircraft: 16293A at 49.80,7.81
[SERVER] Received aircraft: A8E487 at 52.56,6.56
[SERVER] Received aircraft: A01356 at 52.16,7.16
[SORT-DEBUG] Received sort='callsign', asc='false', ascending=false, count=18
[SORT-DEBUG] After sorting by callsign (asc=false):
  [0] ICAO=893F64 Callsign=VP177 Alt=28477 Spd=240
  [1] ICAO=58E57F Callsign=SN559 Alt=25994 Spd=147
  [2] ICAO=566A02 Callsign=SD932 Alt=11807 Spd=145
[SERVER] Received aircraft: 77DCC7 at 50.73,6.51
[SERVER] Received aircraft: 74C3B8 at 51.51,10.96
[SERVER] Received aircraft: 4BE1CE at 46.81,7.22
[SERVER] Received aircraft: 566A02 at 51.56,8.49
[SERVER] Received aircraft: 049452 at 51.73,4.12
[SERVER] Received aircraft: 08DF81 at 50.21,8.18
[SERVER] Received aircraft: C2FB51 at 47.61,7.04
[SERVER] Received aircraft: 356ED1 at 51.67,8.11
[SERVER] Received aircraft: A8269C at 49.88,8.08
[SERVER] Received aircraft: 6317DF at 48.00,4.24
[SERVER] Received aircraft: 58E57F at 48.69,11.60
[SERVER] Received aircraft: 3AB297 at 52.70,7.84
[SERVER] Received aircraft: 893F64 at 48.36,5.87
[SERVER] Received aircraft: 8683B3 at 51.43,10.83
[SERVER] Received aircraft: 95A8C5 at 50.46,9.74
[SERVER] Received aircraft: 16293A at 49.80,7.81
[SERVER] Received aircraft: A8E487 at 52.56,6.56
[SERVER] Received aircraft: A01356 at 52.16,7.16
[SORT-DEBUG] Received sort='callsign', asc='false', ascending=false, count=18
[SORT-DEBUG] After sorting by callsign (asc=false):
  [0] ICAO=893F64 Callsign=VP177 Alt=28477 Spd=240
  [1] ICAO=58E57F Callsign=SN559 Alt=25994 Spd=147
  [2] ICAO=566A02 Callsign=SD932 Alt=11807 Spd=144
[SERVER] Received aircraft: 77DCC7 at 50.73,6.51
[SERVER] Received aircraft: 74C3B8 at 51.51,10.96
[SERVER] Received aircraft: 4BE1CE at 46.81,7.22
[SERVER] Received aircraft: 566A02 at 51.56,8.49
[SERVER] Received aircraft: 049452 at 51.74,4.12
[SERVER] Received aircraft: 08DF81 at 50.21,8.18
[SERVER] Received aircraft: C2FB51 at 47.61,7.04
[SERVER] Received aircraft: 356ED1 at 51.67,8.11
[SERVER] Received aircraft: A8269C at 49.88,8.08
[SERVER] Received aircraft: 6317DF at 48.00,4.24
[SERVER] Received aircraft: 58E57F at 48.69,11.60
[SERVER] Received aircraft: 3AB297 at 52.70,7.84
[SERVER] Received aircraft: 893F64 at 48.36,5.87
[SERVER] Received aircraft: 8683B3 at 51.42,10.83
[SERVER] Received aircraft: 95A8C5 at 50.46,9.74
[SERVER] Received aircraft: 16293A at 49.80,7.81
[SERVER] Received aircraft: A8E487 at 52.56,6.56
[SERVER] Received aircraft: A01356 at 52.17,7.17
[SORT-DEBUG] Received sort='callsign', asc='false', ascending=false, count=18
[SORT-DEBUG] After sorting by callsign (asc=false):
  [0] ICAO=893F64 Callsign=VP177 Alt=28477 Spd=240
  [1] ICAO=58E57F Callsign=SN559 Alt=25994 Spd=147
  [2] ICAO=566A02 Callsign=SD932 Alt=11807 Spd=144
[SERVER] Received aircraft: 77DCC7 at 50.73,6.51
[SERVER] Received aircraft: 74C3B8 at 51.51,10.95
[SERVER] Received aircraft: 4BE1CE at 46.81,7.22
[SERVER] Received aircraft: 566A02 at 51.56,8.49
[SERVER] Received aircraft: 049452 at 51.74,4.12
[SERVER] Received aircraft: 08DF81 at 50.21,8.18
[SERVER] Received aircraft: C2FB51 at 47.60,7.04
[SERVER] Received aircraft: 356ED1 at 51.67,8.11
[SERVER] Received aircraft: A8269C at 49.88,8.07
[SERVER] Received aircraft: 6317DF at 48.00,4.24
[SERVER] Received aircraft: 58E57F at 48.69,11.60
[SERVER] Received aircraft: 3AB297 at 52.70,7.84
[SERVER] Received aircraft: 893F64 at 48.36,5.87
[SERVER] Received aircraft: 8683B3 at 51.42,10.83
[SERVER] Received aircraft: 95A8C5 at 50.46,9.74
[SERVER] Received aircraft: 16293A at 49.80,7.82
[SERVER] Received aircraft: A8E487 at 52.56,6.57
[SERVER] Received aircraft: A01356 at 52.17,7.17
[SORT-DEBUG] Received sort='callsign', asc='false', ascending=false, count=18
[SORT-DEBUG] After sorting by callsign (asc=false):
  [0] ICAO=893F64 Callsign=VP177 Alt=28477 Spd=240
  [1] ICAO=58E57F Callsign=SN559 Alt=25994 Spd=147
  [2] ICAO=566A02 Callsign=SD932 Alt=11807 Spd=144
[SERVER] Received aircraft: 77DCC7 at 50.73,6.52
[SERVER] Received aircraft: 74C3B8 at 51.51,10.95
[SERVER] Received aircraft: 4BE1CE at 46.81,7.22
[SERVER] Received aircraft: 566A02 at 51.56,8.49
[SERVER] Received aircraft: 049452 at 51.74,4.12
[SERVER] Received aircraft: 08DF81 at 50.21,8.18
[SERVER] Received aircraft: C2FB51 at 47.60,7.04
[SERVER] Received aircraft: 356ED1 at 51.67,8.11
[SERVER] Received aircraft: A8269C at 49.88,8.07
[SERVER] Received aircraft: 6317DF at 48.00,4.24
[SERVER] Received aircraft: 58E57F at 48.69,11.60
[SERVER] Received aircraft: 3AB297 at 52.70,7.84
[SERVER] Received aircraft: 893F64 at 48.36,5.87
[SERVER] Received aircraft: 8683B3 at 51.42,10.83
[SERVER] Received aircraft: 95A8C5 at 50.46,9.74
[SERVER] Received aircraft: 16293A at 49.80,7.82
[SERVER] Received aircraft: A8E487 at 52.56,6.57
[SERVER] Received aircraft: A01356 at 52.17,7.17
[SORT-DEBUG] Received sort='callsign', asc='false', ascending=false, count=18
[SORT-DEBUG] After sorting by callsign (asc=false):
  [0] ICAO=893F64 Callsign=VP177 Alt=28477 Spd=240
  [1] ICAO=58E57F Callsign=SN559 Alt=25994 Spd=147
  [2] ICAO=566A02 Callsign=SD932 Alt=11807 Spd=144
[SERVER] Received aircraft: 77DCC7 at 50.73,6.52
[SERVER] Received aircraft: 74C3B8 at 51.51,10.95
[SERVER] Received aircraft: 4BE1CE at 46.81,7.22
[SERVER] Received aircraft: 566A02 at 51.56,8.49
[SERVER] Received aircraft: 049452 at 51.74,4.12
[SERVER] Received aircraft: 08DF81 at 50.22,8.18
[SERVER] Received aircraft: C2FB51 at 47.60,7.04
[SERVER] Received aircraft: 356ED1 at 51.67,8.11
[SERVER] Received aircraft: A8269C at 49.88,8.07
[SERVER] Received aircraft: 6317DF at 47.99,4.24
[SERVER] Received aircraft: 58E57F at 48.69,11.60
[SERVER] Received aircraft: 3AB297 at 52.70,7.85
[SERVER] Received aircraft: 893F64 at 48.36,5.87
[SERVER] Received aircraft: 8683B3 at 51.42,10.83
[SERVER] Received aircraft: 95A8C5 at 50.46,9.74
[SERVER] Received aircraft: 16293A at 49.80,7.82
[SERVER] Received aircraft: A8E487 at 52.56,6.57
[SERVER] Received aircraft: A01356 at 52.17,7.18
[SORT-DEBUG] Received sort='callsign', asc='false', ascending=false, count=18
[SORT-DEBUG] After sorting by callsign (asc=false):
  [0] ICAO=893F64 Callsign=VP177 Alt=28477 Spd=240
  [1] ICAO=58E57F Callsign=SN559 Alt=25994 Spd=147
  [2] ICAO=566A02 Callsign=SD932 Alt=11807 Spd=144
[SERVER] Received aircraft: 77DCC7 at 50.73,6.52
[SERVER] Received aircraft: 74C3B8 at 51.51,10.95
[SERVER] Received aircraft: 4BE1CE at 46.80,7.22
[SERVER] Received aircraft: 566A02 at 51.56,8.49
[SERVER] Received aircraft: 049452 at 51.74,4.12
[SERVER] Received aircraft: 08DF81 at 50.22,8.18
[SERVER] Received aircraft: C2FB51 at 47.60,7.04
[SERVER] Received aircraft: 356ED1 at 51.67,8.11
[SERVER] Received aircraft: A8269C at 49.88,8.06
[SERVER] Received aircraft: 6317DF at 47.99,4.24
[SERVER] Received aircraft: 58E57F at 48.69,11.60
[SERVER] Received aircraft: 3AB297 at 52.70,7.85
[SERVER] Received aircraft: 893F64 at 48.36,5.87
[SERVER] Received aircraft: 8683B3 at 51.42,10.83
[SERVER] Received aircraft: 95A8C5 at 50.47,9.74
[SERVER] Received aircraft: 16293A at 49.81,7.83
[SERVER] Received aircraft: A8E487 at 52.56,6.58
[SERVER] Received aircraft: A01356 at 52.17,7.18
[SORT-DEBUG] Received sort='callsign', asc='false', ascending=false, count=18
[SORT-DEBUG] After sorting by callsign (asc=false):
  [0] ICAO=893F64 Callsign=VP177 Alt=28477 Spd=240
  [1] ICAO=58E57F Callsign=SN559 Alt=25994 Spd=149
  [2] ICAO=566A02 Callsign=SD932 Alt=11807 Spd=144
[SERVER] Received aircraft: 77DCC7 at 50.73,6.52
[SERVER] Received aircraft: 74C3B8 at 51.52,10.95
[SERVER] Received aircraft: 4BE1CE at 46.80,7.22
[SERVER] Received aircraft: 566A02 at 51.56,8.49
[SERVER] Received aircraft: 049452 at 51.74,4.12
[SERVER] Received aircraft: 08DF81 at 50.22,8.18
[SERVER] Received aircraft: C2FB51 at 47.60,7.04
[SERVER] Received aircraft: 356ED1 at 51.67,8.12
[SERVER] Received aircraft: A8269C at 49.88,8.06
[SERVER] Received aircraft: 6317DF at 47.99,4.24
[SERVER] Received aircraft: 58E57F at 48.69,11.60
[SERVER] Received aircraft: 3AB297 at 52.70,7.85
[SERVER] Received aircraft: 893F64 at 48.36,5.87
[SERVER] Received aircraft: 8683B3 at 51.42,10.83
[SERVER] Received aircraft: 95A8C5 at 50.47,9.74
[SERVER] Received aircraft: 16293A at 49.81,7.83
[SERVER] Received aircraft: A8E487 at 52.56,6.58
[SERVER] Received aircraft: A01356 at 52.17,7.19
[SORT-DEBUG] Received sort='callsign', asc='false', ascending=false, count=18
[SORT-DEBUG] After sorting by callsign (asc=false):
  [0] ICAO=893F64 Callsign=VP177 Alt=28556 Spd=240
  [1] ICAO=58E57F Callsign=SN559 Alt=26048 Spd=149
  [2] ICAO=566A02 Callsign=SD932 Alt=11807 Spd=149
[SERVER] Received aircraft: 77DCC7 at 50.73,6.52
[SERVER] Received aircraft: 74C3B8 at 51.52,10.94
[SERVER] Received aircraft: 4BE1CE at 46.80,7.21
[SERVER] Received aircraft: 566A02 at 51.56,8.49
[SERVER] Received aircraft: 049452 at 51.75,4.12
[SERVER] Received aircraft: 08DF81 at 50.22,8.18
[SERVER] Received aircraft: C2FB51 at 47.59,7.03
[SERVER] Received aircraft: 356ED1 at 51.67,8.12
[SERVER] Received aircraft: A8269C at 49.88,8.05
[SERVER] Received aircraft: 6317DF at 47.99,4.24
[SERVER] Received aircraft: 58E57F at 48.69,11.61
[SERVER] Received aircraft: 3AB297 at 52.70,7.85
[SERVER] Received aircraft: 893F64 at 48.36,5.87
[SERVER] Received aircraft: 8683B3 at 51.42,10.83
[SERVER] Received aircraft: 95A8C5 at 50.47,9.74
[SERVER] Received aircraft: 16293A at 49.81,7.84
[SERVER] Received aircraft: A8E487 at 52.56,6.58
[SERVER] Received aircraft: A01356 at 52.17,7.19
[SORT-DEBUG] Received sort='callsign', asc='false', ascending=false, count=18
[SORT-DEBUG] After sorting by callsign (asc=false):
  [0] ICAO=893F64 Callsign=VP177 Alt=28556 Spd=240
  [1] ICAO=58E57F Callsign=SN559 Alt=26048 Spd=149
  [2] ICAO=566A02 Callsign=SD932 Alt=11807 Spd=149
[SERVER] Received aircraft: 77DCC7 at 50.73,6.52
[SERVER] Received aircraft: 74C3B8 at 51.52,10.94
[SERVER] Received aircraft: 4BE1CE at 46.80,7.21
[SERVER] Received aircraft: 566A02 at 51.56,8.49
[SERVER] Received aircraft: 049452 at 51.75,4.12
[SERVER] Received aircraft: 08DF81 at 50.22,8.17
[SERVER] Received aircraft: C2FB51 at 47.59,7.03
[SERVER] Received aircraft: 356ED1 at 51.67,8.12
[SERVER] Received aircraft: A8269C at 49.88,8.05
[SERVER] Received aircraft: 6317DF at 47.99,4.24
[SERVER] Received aircraft: 58E57F at 48.69,11.61
[SERVER] Received aircraft: 3AB297 at 52.70,7.86
[SERVER] Received aircraft: 893F64 at 48.37,5.87
[SERVER] Received aircraft: 8683B3 at 51.42,10.83
[SERVER] Received aircraft: 95A8C5 at 50.47,9.74
[SERVER] Received aircraft: 16293A at 49.81,7.84
[SERVER] Received aircraft: A8E487 at 52.56,6.58
[SERVER] Received aircraft: A01356 at 52.17,7.19
[SORT-DEBUG] Received sort='callsign', asc='false', ascending=false, count=18
[SORT-DEBUG] After sorting by callsign (asc=false):
  [0] ICAO=893F64 Callsign=VP177 Alt=28556 Spd=240
  [1] ICAO=58E57F Callsign=SN559 Alt=26048 Spd=149
  [2] ICAO=566A02 Callsign=SD932 Alt=11807 Spd=149
[SERVER] Received aircraft: 77DCC7 at 50.73,6.53
[SERVER] Received aircraft: 74C3B8 at 51.52,10.94
[SERVER] Received aircraft: 4BE1CE at 46.80,7.21
[SERVER] Received aircraft: 566A02 at 51.56,8.49
[SERVER] Received aircraft: 049452 at 51.75,4.12
[SERVER] Received aircraft: 08DF81 at 50.22,8.17
[SERVER] Received aircraft: C2FB51 at 47.59,7.03
[SERVER] Received aircraft: 356ED1 at 51.67,8.12
[SERVER] Received aircraft: A8269C at 49.88,8.05
[SERVER] Received aircraft: 6317DF at 47.98,4.24
[SERVER] Received aircraft: 58E57F at 48.69,11.61
[SERVER] Received aircraft: 3AB297 at 52.71,7.86
[SERVER] Received aircraft: 893F64 at 48.37,5.87
[SERVER] Received aircraft: 8683B3 at 51.41,10.83
[SERVER] Received aircraft: 95A8C5 at 50.47,9.74
[SERVER] Received aircraft: 16293A at 49.81,7.84
[SERVER] Received aircraft: A8E487 at 52.56,6.59
[SERVER] Received aircraft: A01356 at 52.17,7.20
[SORT-DEBUG] Received sort='callsign', asc='false', ascending=false, count=18
[SORT-DEBUG] After sorting by callsign (asc=false):
  [0] ICAO=893F64 Callsign=VP177 Alt=28556 Spd=240
  [1] ICAO=58E57F Callsign=SN559 Alt=25968 Spd=149
  [2] ICAO=566A02 Callsign=SD932 Alt=11807 Spd=149
[SERVER] Received aircraft: 77DCC7 at 50.73,6.53
[SERVER] Received aircraft: 74C3B8 at 51.52,10.94
[SERVER] Received aircraft: 4BE1CE at 46.79,7.21
[SERVER] Received aircraft: 566A02 at 51.55,8.49
[SERVER] Received aircraft: 049452 at 51.75,4.12
[SERVER] Received aircraft: 08DF81 at 50.22,8.17
[SERVER] Received aircraft: C2FB51 at 47.59,7.03
[SERVER] Received aircraft: 356ED1 at 51.68,8.12
[SERVER] Received aircraft: A8269C at 49.88,8.04
[SERVER] Received aircraft: 6317DF at 47.98,4.24
[SERVER] Received aircraft: 58E57F at 48.70,11.61
[SERVER] Received aircraft: 3AB297 at 52.71,7.86
[SERVER] Received aircraft: 893F64 at 48.37,5.88
[SERVER] Received aircraft: 8683B3 at 51.41,10.83
[SERVER] Received aircraft: 95A8C5 at 50.47,9.74
[SERVER] Received aircraft: 16293A at 49.81,7.85
[SERVER] Received aircraft: A8E487 at 52.56,6.59
[SERVER] Received aircraft: A01356 at 52.18,7.20
[SORT-DEBUG] Received sort='callsign', asc='false', ascending=false, count=18
[SORT-DEBUG] After sorting by callsign (asc=false):
  [0] ICAO=893F64 Callsign=VP177 Alt=28556 Spd=240
  [1] ICAO=58E57F Callsign=SN559 Alt=25968 Spd=149
  [2] ICAO=566A02 Callsign=SD932 Alt=11807 Spd=149
[SERVER] Received aircraft: 77DCC7 at 50.73,6.53
[SERVER] Received aircraft: 74C3B8 at 51.52,10.94
[SERVER] Received aircraft: 4BE1CE at 46.79,7.21
[SERVER] Received aircraft: 566A02 at 51.55,8.49
[SERVER] Received aircraft: 049452 at 51.75,4.12
[SERVER] Received aircraft: 08DF81 at 50.23,8.17
[SERVER] Received aircraft: C2FB51 at 47.59,7.03
[SERVER] Received aircraft: 356ED1 at 51.68,8.12
[SERVER] Received aircraft: A8269C at 49.88,8.04
[SERVER] Received aircraft: 6317DF at 47.98,4.24
[SERVER] Received aircraft: 58E57F at 48.70,11.61
[SERVER] Received aircraft: 3AB297 at 52.71,7.86
[SERVER] Received aircraft: 893F64 at 48.37,5.88
[SERVER] Received aircraft: 8683B3 at 51.41,10.83
[SERVER] Received aircraft: 95A8C5 at 50.48,9.74
[SERVER] Received aircraft: 16293A at 49.81,7.85
[SERVER] Received aircraft: A8E487 at 52.56,6.59
[SERVER] Received aircraft: A01356 at 52.18,7.20
[SORT-DEBUG] Received sort='callsign', asc='false', ascending=false, count=18
[SORT-DEBUG] After sorting by callsign (asc=false):
  [0] ICAO=893F64 Callsign=VP177 Alt=28556 Spd=240
  [1] ICAO=58E57F Callsign=SN559 Alt=25968 Spd=149
  [2] ICAO=566A02 Callsign=SD932 Alt=11807 Spd=148
[SERVER] Received aircraft: 77DCC7 at 50.73,6.53
[SERVER] Received aircraft: 74C3B8 at 51.52,10.93
[SERVER] Received aircraft: 4BE1CE at 46.79,7.21
[SERVER] Received aircraft: 566A02 at 51.55,8.49
[SERVER] Received aircraft: 049452 at 51.75,4.11
[SERVER] Received aircraft: 08DF81 at 50.23,8.17
[SERVER] Received aircraft: C2FB51 at 47.59,7.03
[SERVER] Received aircraft: 356ED1 at 51.68,8.12
[SERVER] Received aircraft: A8269C at 49.88,8.04
[SERVER] Received aircraft: 6317DF at 47.98,4.24
[SERVER] Received aircraft: 58E57F at 48.70,11.61
[SERVER] Received aircraft: 3AB297 at 52.71,7.87
[SERVER] Received aircraft: 893F64 at 48.37,5.88
[SERVER] Received aircraft: 8683B3 at 51.41,10.83
[SERVER] Received aircraft: 95A8C5 at 50.48,9.74
[SERVER] Received aircraft: 16293A at 49.82,7.85
[SERVER] Received aircraft: A8E487 at 52.56,6.60
[SERVER] Received aircraft: A01356 at 52.18,7.21
[SORT-DEBUG] Received sort='callsign', asc='false', ascending=false, count=18
[SORT-DEBUG] After sorting by callsign (asc=false):
  [0] ICAO=893F64 Callsign=VP177 Alt=28556 Spd=240
  [1] ICAO=58E57F Callsign=SN559 Alt=25968 Spd=149
  [2] ICAO=566A02 Callsign=SD932 Alt=11807 Spd=148
[SERVER] Received aircraft: 77DCC7 at 50.73,6.53
[SERVER] Received aircraft: 74C3B8 at 51.52,10.93
[SERVER] Received aircraft: 4BE1CE at 46.79,7.21
[SERVER] Received aircraft: 566A02 at 51.55,8.49
[SERVER] Received aircraft: 049452 at 51.75,4.11
[SERVER] Received aircraft: 08DF81 at 50.23,8.17
[SERVER] Received aircraft: C2FB51 at 47.58,7.03
[SERVER] Received aircraft: 356ED1 at 51.68,8.13
[SERVER] Received aircraft: A8269C at 49.88,8.03
[SERVER] Received aircraft: 6317DF at 47.98,4.24
[SERVER] Received aircraft: 58E57F at 48.70,11.61
[SERVER] Received aircraft: 3AB297 at 52.71,7.87
[SERVER] Received aircraft: 893F64 at 48.37,5.88
[SERVER] Received aircraft: 8683B3 at 51.41,10.83
[SERVER] Received aircraft: 95A8C5 at 50.48,9.74
[SERVER] Received aircraft: 16293A at 49.82,7.86
[SERVER] Received aircraft: A8E487 at 52.56,6.60
[SERVER] Received aircraft: A01356 at 52.18,7.21
[SORT-DEBUG] Received sort='callsign', asc='false', ascending=false, count=18
[SORT-DEBUG] After sorting by callsign (asc=false):
  [0] ICAO=893F64 Callsign=VP177 Alt=28556 Spd=240
  [1] ICAO=58E57F Callsign=SN559 Alt=25968 Spd=149
  [2] ICAO=566A02 Callsign=SD932 Alt=11807 Spd=148
[SERVER] Received aircraft: 77DCC7 at 50.73,6.54
[SERVER] Received aircraft: 74C3B8 at 51.52,10.93
[SERVER] Received aircraft: 4BE1CE at 46.79,7.21
[SERVER] Received aircraft: 566A02 at 51.55,8.49
[SERVER] Received aircraft: 049452 at 51.76,4.11
[SERVER] Received aircraft: 08DF81 at 50.23,8.17
[SERVER] Received aircraft: C2FB51 at 47.58,7.03
[SERVER] Received aircraft: 356ED1 at 51.68,8.13
[SERVER] Received aircraft: A8269C at 49.88,8.03
[SERVER] Received aircraft: 6317DF at 47.97,4.24
[SERVER] Received aircraft: 58E57F at 48.70,11.61
[SERVER] Received aircraft: 3AB297 at 52.71,7.87
[SERVER] Received aircraft: 893F64 at 48.37,5.88
[SERVER] Received aircraft: 8683B3 at 51.41,10.83
[SERVER] Received aircraft: 95A8C5 at 50.48,9.74
[SERVER] Received aircraft: 16293A at 49.82,7.86
[SERVER] Received aircraft: A8E487 at 52.56,6.60
[SERVER] Received aircraft: A01356 at 52.18,7.21
[SORT-DEBUG] Received sort='callsign', asc='false', ascending=false, count=18
[SORT-DEBUG] After sorting by callsign (asc=false):
  [0] ICAO=893F64 Callsign=VP177 Alt=28556 Spd=240
  [1] ICAO=58E57F Callsign=SN559 Alt=25993 Spd=149
  [2] ICAO=566A02 Callsign=SD932 Alt=11807 Spd=148
[SERVER] Received aircraft: 77DCC7 at 50.73,6.54
[SERVER] Received aircraft: 74C3B8 at 51.52,10.93
[SERVER] Received aircraft: 4BE1CE at 46.78,7.21
[SERVER] Received aircraft: 566A02 at 51.55,8.49
[SERVER] Received aircraft: 049452 at 51.76,4.11
[SERVER] Received aircraft: 08DF81 at 50.23,8.17
[SERVER] Received aircraft: C2FB51 at 47.58,7.03
[SERVER] Received aircraft: 356ED1 at 51.68,8.13
[SERVER] Received aircraft: A8269C at 49.88,8.03
[SERVER] Received aircraft: 6317DF at 47.97,4.24
[SERVER] Received aircraft: 58E57F at 48.70,11.61
[SERVER] Received aircraft: 3AB297 at 52.71,7.88
[SERVER] Received aircraft: 893F64 at 48.37,5.88
[SERVER] Received aircraft: 8683B3 at 51.41,10.83
[SERVER] Received aircraft: 95A8C5 at 50.48,9.74
[SERVER] Received aircraft: 16293A at 49.82,7.87
[SERVER] Received aircraft: A8E487 at 52.56,6.61
[SERVER] Received aircraft: A01356 at 52.18,7.22
[SORT-DEBUG] Received sort='callsign', asc='false', ascending=false, count=18
[SORT-DEBUG] After sorting by callsign (asc=false):
  [0] ICAO=893F64 Callsign=VP177 Alt=28556 Spd=240
  [1] ICAO=58E57F Callsign=SN559 Alt=25993 Spd=149
  [2] ICAO=566A02 Callsign=SD932 Alt=11807 Spd=148
[SERVER] Received aircraft: 77DCC7 at 50.73,6.54
[SERVER] Received aircraft: 74C3B8 at 51.52,10.93
[SERVER] Received aircraft: 4BE1CE at 46.78,7.21
[SERVER] Received aircraft: 566A02 at 51.55,8.49
[SERVER] Received aircraft: 049452 at 51.76,4.11
[SERVER] Received aircraft: 08DF81 at 50.23,8.17
[SERVER] Received aircraft: C2FB51 at 47.58,7.03
[SERVER] Received aircraft: 356ED1 at 51.68,8.13
[SERVER] Received aircraft: A8269C at 49.89,8.02
[SERVER] Received aircraft: 6317DF at 47.97,4.24
[SERVER] Received aircraft: 58E57F at 48.70,11.61
[SERVER] Received aircraft: 3AB297 at 52.71,7.88
[SERVER] Received aircraft: 893F64 at 48.37,5.88
[SERVER] Received aircraft: 8683B3 at 51.40,10.83
[SERVER] Received aircraft: 95A8C5 at 50.48,9.74
[SERVER] Received aircraft: 16293A at 49.82,7.87
[SERVER] Received aircraft: A8E487 at 52.56,6.61
[SERVER] Received aircraft: A01356 at 52.18,7.22
[SORT-DEBUG] Received sort='callsign', asc='false', ascending=false, count=18
[SORT-DEBUG] After sorting by callsign (asc=false):
  [0] ICAO=893F64 Callsign=VP177 Alt=28556 Spd=240
  [1] ICAO=58E57F Callsign=SN559 Alt=25993 Spd=149
  [2] ICAO=566A02 Callsign=SD932 Alt=11791 Spd=147
[SERVER] Received aircraft: 77DCC7 at 50.73,6.54
[SERVER] Received aircraft: 74C3B8 at 51.52,10.92
[SERVER] Received aircraft: 4BE1CE at 46.78,7.21
[SERVER] Received aircraft: 566A02 at 51.55,8.49
[SERVER] Received aircraft: 049452 at 51.76,4.11
[SERVER] Received aircraft: 08DF81 at 50.23,8.17
[SERVER] Received aircraft: C2FB51 at 47.58,7.03
[SERVER] Received aircraft: 356ED1 at 51.68,8.13
[SERVER] Received aircraft: A8269C at 49.89,8.02
[SERVER] Received aircraft: 6317DF at 47.97,4.24
[SERVER] Received aircraft: 58E57F at 48.70,11.61
[SERVER] Received aircraft: 3AB297 at 52.71,7.88
[SERVER] Received aircraft: 893F64 at 48.37,5.88
[SERVER] Received aircraft: 8683B3 at 51.40,10.83
[SERVER] Received aircraft: 95A8C5 at 50.49,9.74
[SERVER] Received aircraft: 16293A at 49.82,7.87
[SERVER] Received aircraft: A8E487 at 52.56,6.61
[SERVER] Received aircraft: A01356 at 52.18,7.23
[SORT-DEBUG] Received sort='callsign', asc='false', ascending=false, count=18
[SORT-DEBUG] After sorting by callsign (asc=false):
  [0] ICAO=893F64 Callsign=VP177 Alt=28556 Spd=240
  [1] ICAO=58E57F Callsign=SN559 Alt=25993 Spd=149
  [2] ICAO=566A02 Callsign=SD932 Alt=11791 Spd=147
[SERVER] Received aircraft: 77DCC7 at 50.73,6.54
[SERVER] Received aircraft: 74C3B8 at 51.52,10.92
[SERVER] Received aircraft: 4BE1CE at 46.78,7.21
[SERVER] Received aircraft: 566A02 at 51.55,8.49
[SERVER] Received aircraft: 049452 at 51.76,4.11
[SERVER] Received aircraft: 08DF81 at 50.23,8.17
[SERVER] Received aircraft: C2FB51 at 47.57,7.03
[SERVER] Received aircraft: 356ED1 at 51.68,8.13
[SERVER] Received aircraft: A8269C at 49.89,8.02
[SERVER] Received aircraft: 6317DF at 47.97,4.24
[SERVER] Received aircraft: 58E57F at 48.70,11.61
[SERVER] Received aircraft: 3AB297 at 52.71,7.88
[SERVER] Received aircraft: 893F64 at 48.38,5.88
[SERVER] Received aircraft: 8683B3 at 51.40,10.83
[SERVER] Received aircraft: 95A8C5 at 50.49,9.74
[SERVER] Received aircraft: 16293A at 49.82,7.88
[SERVER] Received aircraft: A8E487 at 52.56,6.62
[SERVER] Received aircraft: A01356 at 52.18,7.23
[SORT-DEBUG] Received sort='callsign', asc='false', ascending=false, count=18
[SORT-DEBUG] After sorting by callsign (asc=false):
  [0] ICAO=893F64 Callsign=VP177 Alt=28556 Spd=240
  [1] ICAO=58E57F Callsign=SN559 Alt=25993 Spd=149
  [2] ICAO=566A02 Callsign=SD932 Alt=11791 Spd=150
[SERVER] Received aircraft: 77DCC7 at 50.73,6.54
[SERVER] Received aircraft: 74C3B8 at 51.52,10.92
[SERVER] Received aircraft: 4BE1CE at 46.78,7.20
[SERVER] Received aircraft: 566A02 at 51.55,8.49
[SERVER] Received aircraft: 049452 at 51.76,4.11
[SERVER] Received aircraft: 08DF81 at 50.24,8.16
[SERVER] Received aircraft: C2FB51 at 47.57,7.03
[SERVER] Received aircraft: 356ED1 at 51.68,8.13
[SERVER] Received aircraft: A8269C at 49.89,8.01
[SERVER] Received aircraft: 6317DF at 47.96,4.24
[SERVER] Received aircraft: 58E57F at 48.70,11.61
[SERVER] Received aircraft: 3AB297 at 52.71,7.89
[SERVER] Received aircraft: 893F64 at 48.38,5.88
[SERVER] Received aircraft: 8683B3 at 51.40,10.83
[SERVER] Received aircraft: 95A8C5 at 50.49,9.74
[SERVER] Received aircraft: 16293A at 49.83,7.88
[SERVER] Received aircraft: A8E487 at 52.56,6.62
[SERVER] Received aircraft: A01356 at 52.19,7.23
[SORT-DEBUG] Received sort='callsign', asc='false', ascending=false, count=18
[SORT-DEBUG] After sorting by callsign (asc=false):
  [0] ICAO=893F64 Callsign=VP177 Alt=28577 Spd=240
  [1] ICAO=58E57F Callsign=SN559 Alt=25993 Spd=149
  [2] ICAO=566A02 Callsign=SD932 Alt=11791 Spd=150
[SERVER] Received aircraft: 77DCC7 at 50.73,6.55
[SERVER] Received aircraft: 74C3B8 at 51.52,10.92
[SERVER] Received aircraft: 4BE1CE at 46.77,7.20
[SERVER] Received aircraft: 566A02 at 51.55,8.49
[SERVER] Received aircraft: 049452 at 51.77,4.11
[SERVER] Received aircraft: 08DF81 at 50.24,8.16
[SERVER] Received aircraft: C2FB51 at 47.57,7.03
[SERVER] Received aircraft: 356ED1 at 51.68,8.14
[SERVER] Received aircraft: A8269C at 49.89,8.01
[SERVER] Received aircraft: 6317DF at 47.96,4.24
[SERVER] Received aircraft: 58E57F at 48.70,11.61
[SERVER] Received aircraft: 3AB297 at 52.71,7.89
[SERVER] Received aircraft: 893F64 at 48.38,5.88
[SERVER] Received aircraft: 8683B3 at 51.40,10.83
[SERVER] Received aircraft: 95A8C5 at 50.49,9.74
[SERVER] Received aircraft: 16293A at 49.83,7.88
[SERVER] Received aircraft: A8E487 at 52.56,6.62
[SERVER] Received aircraft: A01356 at 52.19,7.24
[SORT-DEBUG] Received sort='callsign', asc='false', ascending=false, count=18
[SORT-DEBUG] After sorting by callsign (asc=false):
  [0] ICAO=893F64 Callsign=VP177 Alt=28577 Spd=240
  [1] ICAO=58E57F Callsign=SN559 Alt=25993 Spd=149
  [2] ICAO=566A02 Callsign=SD932 Alt=11776 Spd=150
[SERVER] Received aircraft: 77DCC7 at 50.73,6.55
[SERVER] Received aircraft: 74C3B8 at 51.52,10.92
[SERVER] Received aircraft: 4BE1CE at 46.77,7.20
[SERVER] Received aircraft: 566A02 at 51.55,8.49
[SERVER] Received aircraft: 049452 at 51.77,4.11
[SERVER] Received aircraft: 08DF81 at 50.24,8.16
[SERVER] Received aircraft: C2FB51 at 47.57,7.03
[SERVER] Received aircraft: 356ED1 at 51.68,8.14
[SERVER] Received aircraft: A8269C at 49.89,8.01
[SERVER] Received aircraft: 6317DF at 47.96,4.24
[SERVER] Received aircraft: 58E57F at 48.70,11.61
[SERVER] Received aircraft: 3AB297 at 52.71,7.89
[SERVER] Received aircraft: 893F64 at 48.38,5.88
[SERVER] Received aircraft: 8683B3 at 51.40,10.83
[SERVER] Received aircraft: 95A8C5 at 50.49,9.74
[SERVER] Received aircraft: 16293A at 49.83,7.89
[SERVER] Received aircraft: A8E487 at 52.56,6.63
[SERVER] Received aircraft: A01356 at 52.19,7.24
[SORT-DEBUG] Received sort='callsign', asc='false', ascending=false, count=18
[SORT-DEBUG] After sorting by callsign (asc=false):
  [0] ICAO=893F64 Callsign=VP177 Alt=28577 Spd=240
  [1] ICAO=58E57F Callsign=SN559 Alt=25993 Spd=149
  [2] ICAO=566A02 Callsign=SD932 Alt=11776 Spd=150
[SERVER] Received aircraft: 77DCC7 at 50.73,6.55
[SERVER] Received aircraft: 74C3B8 at 51.52,10.91
[SERVER] Received aircraft: 4BE1CE at 46.77,7.20
[SERVER] Received aircraft: 566A02 at 51.55,8.49
[SERVER] Received aircraft: 049452 at 51.77,4.11
[SERVER] Received aircraft: 08DF81 at 50.24,8.16
[SERVER] Received aircraft: C2FB51 at 47.57,7.03
[SERVER] Received aircraft: 356ED1 at 51.68,8.14
[SERVER] Received aircraft: A8269C at 49.89,8.00
[SERVER] Received aircraft: 6317DF at 47.96,4.24
[SERVER] Received aircraft: 58E57F at 48.70,11.61
[SERVER] Received aircraft: 3AB297 at 52.71,7.89
[SERVER] Received aircraft: 893F64 at 48.38,5.88
[SERVER] Received aircraft: 8683B3 at 51.40,10.83
[SERVER] Received aircraft: 95A8C5 at 50.49,9.74
[SERVER] Received aircraft: 16293A at 49.83,7.89
[SERVER] Received aircraft: A8E487 at 52.56,6.63
[SERVER] Received aircraft: A01356 at 52.19,7.24
[SORT-DEBUG] Received sort='callsign', asc='false', ascending=false, count=18
[SORT-DEBUG] After sorting by callsign (asc=false):
  [0] ICAO=893F64 Callsign=VP177 Alt=28577 Spd=240
  [1] ICAO=58E57F Callsign=SN559 Alt=25993 Spd=149
  [2] ICAO=566A02 Callsign=SD932 Alt=11776 Spd=150
[SERVER] Received aircraft: 77DCC7 at 50.73,6.55
[SERVER] Received aircraft: 74C3B8 at 51.53,10.91
[SERVER] Received aircraft: 4BE1CE at 46.77,7.20
[SERVER] Received aircraft: 566A02 at 51.55,8.49
[SERVER] Received aircraft: 049452 at 51.77,4.11
[SERVER] Received aircraft: 08DF81 at 50.24,8.16
[SERVER] Received aircraft: C2FB51 at 47.56,7.03
[SERVER] Received aircraft: 356ED1 at 51.68,8.14
[SERVER] Received aircraft: A8269C at 49.89,8.00
[SERVER] Received aircraft: 6317DF at 47.96,4.24
[SERVER] Received aircraft: 58E57F at 48.70,11.62
[SERVER] Received aircraft: 3AB297 at 52.71,7.90
[SERVER] Received aircraft: 893F64 at 48.38,5.88
[SERVER] Received aircraft: 8683B3 at 51.40,10.83
[SERVER] Received aircraft: 95A8C5 at 50.50,9.74
[SERVER] Received aircraft: 16293A at 49.83,7.89
[SERVER] Received aircraft: A8E487 at 52.56,6.63
[SERVER] Received aircraft: A01356 at 52.19,7.25
[SORT-DEBUG] Received sort='callsign', asc='false', ascending=false, count=18
[SORT-DEBUG] After sorting by callsign (asc=false):
  [0] ICAO=893F64 Callsign=VP177 Alt=28577 Spd=240
  [1] ICAO=58E57F Callsign=SN559 Alt=25993 Spd=149
  [2] ICAO=566A02 Callsign=SD932 Alt=11776 Spd=150
[SERVER] Received aircraft: 77DCC7 at 50.73,6.55
[SERVER] Received aircraft: 74C3B8 at 51.53,10.91
[SERVER] Received aircraft: 4BE1CE at 46.77,7.20
[SERVER] Received aircraft: 566A02 at 51.55,8.49
[SERVER] Received aircraft: 049452 at 51.77,4.11
[SERVER] Received aircraft: 08DF81 at 50.24,8.16
[SERVER] Received aircraft: C2FB51 at 47.56,7.03
[SERVER] Received aircraft: 356ED1 at 51.68,8.14
[SERVER] Received aircraft: A8269C at 49.89,8.00
[SERVER] Received aircraft: 6317DF at 47.95,4.24
[SERVER] Received aircraft: 58E57F at 48.70,11.62
[SERVER] Received aircraft: 3AB297 at 52.71,7.90
[SERVER] Received aircraft: 893F64 at 48.38,5.88
[SERVER] Received aircraft: 8683B3 at 51.39,10.83
[SERVER] Received aircraft: 95A8C5 at 50.50,9.74
[SERVER] Received aircraft: 16293A at 49.83,7.90
[SERVER] Received aircraft: A8E487 at 52.56,6.63
[SERVER] Received aircraft: A01356 at 52.19,7.25
[SORT-DEBUG] Received sort='callsign', asc='false', ascending=false, count=18
[SORT-DEBUG] After sorting by callsign (asc=false):
  [0] ICAO=893F64 Callsign=VP177 Alt=28577 Spd=240
  [1] ICAO=58E57F Callsign=SN559 Alt=25993 Spd=149
  [2] ICAO=566A02 Callsign=SD932 Alt=11776 Spd=150
[SERVER] Received aircraft: 77DCC7 at 50.73,6.55
[SERVER] Received aircraft: 74C3B8 at 51.53,10.91
[SERVER] Received aircraft: 4BE1CE at 46.77,7.20
[SERVER] Received aircraft: 566A02 at 51.54,8.49
[SERVER] Received aircraft: 049452 at 51.77,4.11
[SERVER] Received aircraft: 08DF81 at 50.24,8.16
[SERVER] Received aircraft: C2FB51 at 47.56,7.03
[SERVER] Received aircraft: 356ED1 at 51.68,8.14
[SERVER] Received aircraft: A8269C at 49.89,7.99
[SERVER] Received aircraft: 6317DF at 47.95,4.24
[SERVER] Received aircraft: 58E57F at 48.70,11.62
[SERVER] Received aircraft: 3AB297 at 52.71,7.90
[SERVER] Received aircraft: 893F64 at 48.38,5.88
[SERVER] Received aircraft: 8683B3 at 51.39,10.82
[SERVER] Received aircraft: 95A8C5 at 50.50,9.74
[SERVER] Received aircraft: 16293A at 49.84,7.90
[SERVER] Received aircraft: A8E487 at 52.56,6.64
[SERVER] Received aircraft: A01356 at 52.19,7.25
[SORT-DEBUG] Received sort='callsign', asc='false', ascending=false, count=18
[SORT-DEBUG] After sorting by callsign (asc=false):
  [0] ICAO=893F64 Callsign=VP177 Alt=28577 Spd=240
  [1] ICAO=58E57F Callsign=SN559 Alt=25993 Spd=149
  [2] ICAO=566A02 Callsign=SD932 Alt=11776 Spd=151
[SERVER] Received aircraft: 77DCC7 at 50.73,6.56
[SERVER] Received aircraft: 74C3B8 at 51.53,10.91
[SERVER] Received aircraft: 4BE1CE at 46.76,7.20
[SERVER] Received aircraft: 566A02 at 51.54,8.49
[SERVER] Received aircraft: 049452 at 51.77,4.11
[SERVER] Received aircraft: 08DF81 at 50.25,8.16
[SERVER] Received aircraft: C2FB51 at 47.56,7.02
[SERVER] Received aircraft: 356ED1 at 51.68,8.14
[SERVER] Received aircraft: A8269C at 49.89,7.99
[SERVER] Received aircraft: 6317DF at 47.95,4.24
[SERVER] Received aircraft: 58E57F at 48.70,11.62
[SERVER] Received aircraft: 3AB297 at 52.71,7.90
[SERVER] Received aircraft: 893F64 at 48.38,5.88
[SERVER] Received aircraft: 8683B3 at 51.39,10.82
[SERVER] Received aircraft: 95A8C5 at 50.50,9.74
[SERVER] Received aircraft: 16293A at 49.84,7.91
[SERVER] Received aircraft: A8E487 at 52.56,6.64
[SERVER] Received aircraft: A01356 at 52.19,7.26
[SORT-DEBUG] Received sort='callsign', asc='false', ascending=false, count=18
[SORT-DEBUG] After sorting by callsign (asc=false):
  [0] ICAO=893F64 Callsign=VP177 Alt=28577 Spd=241
  [1] ICAO=58E57F Callsign=SN559 Alt=25993 Spd=149
  [2] ICAO=566A02 Callsign=SD932 Alt=11791 Spd=151
[SERVER] Received aircraft: 77DCC7 at 50.73,6.56
[SERVER] Received aircraft: 74C3B8 at 51.53,10.90
[SERVER] Received aircraft: 4BE1CE at 46.76,7.20
[SERVER] Received aircraft: 566A02 at 51.54,8.49
[SERVER] Received aircraft: 049452 at 51.78,4.11
[SERVER] Received aircraft: 08DF81 at 50.25,8.16
[SERVER] Received aircraft: C2FB51 at 47.56,7.02
[SERVER] Received aircraft: 356ED1 at 51.68,8.15
[SERVER] Received aircraft: A8269C at 49.89,7.99
[SERVER] Received aircraft: 6317DF at 47.95,4.23
[SERVER] Received aircraft: 58E57F at 48.70,11.62
[SERVER] Received aircraft: 3AB297 at 52.71,7.91
[SERVER] Received aircraft: 893F64 at 48.39,5.89
[SERVER] Received aircraft: 8683B3 at 51.39,10.82
[SERVER] Received aircraft: 95A8C5 at 50.50,9.74
[SERVER] Received aircraft: 16293A at 49.84,7.91
[SERVER] Received aircraft: A8E487 at 52.56,6.64
[SERVER] Received aircraft: A01356 at 52.20,7.26
[SORT-DEBUG] Received sort='callsign', asc='false', ascending=false, count=18
[SORT-DEBUG] After sorting by callsign (asc=false):
  [0] ICAO=893F64 Callsign=VP177 Alt=28577 Spd=241
  [1] ICAO=58E57F Callsign=SN559 Alt=25993 Spd=149
  [2] ICAO=566A02 Callsign=SD932 Alt=11791 Spd=150
[SERVER] Received aircraft: 77DCC7 at 50.73,6.56
[SERVER] Received aircraft: 74C3B8 at 51.53,10.90
[SERVER] Received aircraft: 4BE1CE at 46.76,7.20
[SERVER] Received aircraft: 566A02 at 51.54,8.49
[SERVER] Received aircraft: 049452 at 51.78,4.11
[SERVER] Received aircraft: 08DF81 at 50.25,8.16
[SERVER] Received aircraft: C2FB51 at 47.55,7.02
[SERVER] Received aircraft: 356ED1 at 51.69,8.15
[SERVER] Received aircraft: A8269C at 49.89,7.98
[SERVER] Received aircraft: 6317DF at 47.95,4.23
[SERVER] Received aircraft: 58E57F at 48.71,11.62
[SERVER] Received aircraft: 3AB297 at 52.71,7.91
[SERVER] Received aircraft: 893F64 at 48.39,5.89
[SERVER] Received aircraft: 8683B3 at 51.39,10.82
[SERVER] Received aircraft: 95A8C5 at 50.50,9.74
[SERVER] Received aircraft: 16293A at 49.84,7.91
[SERVER] Received aircraft: A8E487 at 52.57,6.65
[SERVER] Received aircraft: A01356 at 52.20,7.26
[SORT-DEBUG] Received sort='callsign', asc='false', ascending=false, count=18
[SORT-DEBUG] After sorting by callsign (asc=false):
  [0] ICAO=893F64 Callsign=VP177 Alt=28526 Spd=241
  [1] ICAO=58E57F Callsign=SN559 Alt=25993 Spd=149
  [2] ICAO=566A02 Callsign=SD932 Alt=11791 Spd=150
[SERVER] Received aircraft: 77DCC7 at 50.73,6.56
[SERVER] Received aircraft: 74C3B8 at 51.53,10.90
[SERVER] Received aircraft: 4BE1CE at 46.76,7.19
[SERVER] Received aircraft: 566A02 at 51.54,8.49
[SERVER] Received aircraft: 049452 at 51.78,4.11
[SERVER] Received aircraft: 08DF81 at 50.25,8.15
[SERVER] Received aircraft: C2FB51 at 47.55,7.02
[SERVER] Received aircraft: 356ED1 at 51.69,8.15
[SERVER] Received aircraft: A8269C at 49.89,7.98
[SERVER] Received aircraft: 6317DF at 47.95,4.23
[SERVER] Received aircraft: 58E57F at 48.71,11.62
[SERVER] Received aircraft: 3AB297 at 52.71,7.91
[SERVER] Received aircraft: 893F64 at 48.39,5.89
[SERVER] Received aircraft: 8683B3 at 51.39,10.82
[SERVER] Received aircraft: 95A8C5 at 50.51,9.74
[SERVER] Received aircraft: 16293A at 49.84,7.92
[SERVER] Received aircraft: A8E487 at 52.57,6.65
[SERVER] Received aircraft: A01356 at 52.20,7.27
[SORT-DEBUG] Received sort='callsign', asc='false', ascending=false, count=18
[SORT-DEBUG] After sorting by callsign (asc=false):
  [0] ICAO=893F64 Callsign=VP177 Alt=28526 Spd=241
  [1] ICAO=58E57F Callsign=SN559 Alt=25993 Spd=149
  [2] ICAO=566A02 Callsign=SD932 Alt=11791 Spd=150
[SERVER] Received aircraft: 77DCC7 at 50.73,6.56
[SERVER] Received aircraft: 74C3B8 at 51.53,10.90
[SERVER] Received aircraft: 4BE1CE at 46.76,7.19
[SERVER] Received aircraft: 566A02 at 51.54,8.49
[SERVER] Received aircraft: 049452 at 51.78,4.11
[SERVER] Received aircraft: 08DF81 at 50.25,8.15
[SERVER] Received aircraft: C2FB51 at 47.55,7.02
[SERVER] Received aircraft: 356ED1 at 51.69,8.15
[SERVER] Received aircraft: A8269C at 49.89,7.98
[SERVER] Received aircraft: 6317DF at 47.94,4.23
[SERVER] Received aircraft: 58E57F at 48.71,11.62
[SERVER] Received aircraft: 3AB297 at 52.71,7.92
[SERVER] Received aircraft: 893F64 at 48.39,5.89
[SERVER] Received aircraft: 8683B3 at 51.39,10.82
[SERVER] Received aircraft: 95A8C5 at 50.51,9.74
[SERVER] Received aircraft: 16293A at 49.84,7.92
[SERVER] Received aircraft: A8E487 at 52.57,6.65
[SERVER] Received aircraft: A01356 at 52.20,7.27
[SORT-DEBUG] Received sort='callsign', asc='false', ascending=false, count=18
[SORT-DEBUG] After sorting by callsign (asc=false):
  [0] ICAO=893F64 Callsign=VP177 Alt=28526 Spd=236
  [1] ICAO=58E57F Callsign=SN559 Alt=25993 Spd=149
  [2] ICAO=566A02 Callsign=SD932 Alt=11791 Spd=150
[SERVER] Received aircraft: 77DCC7 at 50.73,6.57
[SERVER] Received aircraft: 74C3B8 at 51.53,10.90
[SERVER] Received aircraft: 4BE1CE at 46.75,7.19
[SERVER] Received aircraft: 566A02 at 51.54,8.49
[SERVER] Received aircraft: 049452 at 51.78,4.10
[SERVER] Received aircraft: 08DF81 at 50.25,8.15
[SERVER] Received aircraft: C2FB51 at 47.55,7.02
[SERVER] Received aircraft: 356ED1 at 51.69,8.15
[SERVER] Received aircraft: A8269C at 49.89,7.97
[SERVER] Received aircraft: 6317DF at 47.94,4.23
[SERVER] Received aircraft: 58E57F at 48.71,11.62
[SERVER] Received aircraft: 3AB297 at 52.72,7.92
[SERVER] Received aircraft: 893F64 at 48.39,5.89
[SERVER] Received aircraft: 8683B3 at 51.38,10.82
[SERVER] Received aircraft: 95A8C5 at 50.51,9.74
[SERVER] Received aircraft: 16293A at 49.84,7.92
[SERVER] Received aircraft: A8E487 at 52.57,6.66
[SERVER] Received aircraft: A01356 at 52.20,7.28
[SORT-DEBUG] Received sort='callsign', asc='false', ascending=false, count=18
[SORT-DEBUG] After sorting by callsign (asc=false):
  [0] ICAO=893F64 Callsign=VP177 Alt=28611 Spd=236
  [1] ICAO=58E57F Callsign=SN559 Alt=25993 Spd=149
  [2] ICAO=566A02 Callsign=SD932 Alt=11791 Spd=150
[SERVER] Received aircraft: 77DCC7 at 50.73,6.57
[SERVER] Received aircraft: 74C3B8 at 51.53,10.89
[SERVER] Received aircraft: 4BE1CE at 46.75,7.19
[SERVER] Received aircraft: 566A02 at 51.54,8.49
[SERVER] Received aircraft: 049452 at 51.78,4.10
[SERVER] Received aircraft: 08DF81 at 50.25,8.15
[SERVER] Received aircraft: C2FB51 at 47.55,7.02
[SERVER] Received aircraft: 356ED1 at 51.69,8.15
[SERVER] Received aircraft: A8269C at 49.89,7.97
[SERVER] Received aircraft: 6317DF at 47.94,4.23
[SERVER] Received aircraft: 58E57F at 48.71,11.62
[SERVER] Received aircraft: 3AB297 at 52.72,7.92
[SERVER] Received aircraft: 893F64 at 48.39,5.89
[SERVER] Received aircraft: 8683B3 at 51.38,10.82
[SERVER] Received aircraft: 95A8C5 at 50.51,9.74
[SERVER] Received aircraft: 16293A at 49.85,7.93
[SERVER] Received aircraft: A8E487 at 52.57,6.66
[SERVER] Received aircraft: A01356 at 52.20,7.28
[SORT-DEBUG] Received sort='callsign', asc='false', ascending=false, count=18
[SORT-DEBUG] After sorting by callsign (asc=false):
  [0] ICAO=893F64 Callsign=VP177 Alt=28611 Spd=236
  [1] ICAO=58E57F Callsign=SN559 Alt=25993 Spd=149
  [2] ICAO=566A02 Callsign=SD932 Alt=11791 Spd=150
[SERVER] Received aircraft: 77DCC7 at 50.73,6.57
[SERVER] Received aircraft: 74C3B8 at 51.53,10.89
[SERVER] Received aircraft: 4BE1CE at 46.75,7.19
[SERVER] Received aircraft: 566A02 at 51.54,8.49
[SERVER] Received aircraft: 049452 at 51.79,4.10
[SERVER] Received aircraft: 08DF81 at 50.26,8.15
[SERVER] Received aircraft: C2FB51 at 47.55,7.02
[SERVER] Received aircraft: 356ED1 at 51.69,8.15
[SERVER] Received aircraft: A8269C at 49.89,7.97
[SERVER] Received aircraft: 6317DF at 47.94,4.23
[SERVER] Received aircraft: 58E57F at 48.71,11.62
[SERVER] Received aircraft: 3AB297 at 52.72,7.92
[SERVER] Received aircraft: 893F64 at 48.39,5.89
[SERVER] Received aircraft: 8683B3 at 51.38,10.82
[SERVER] Received aircraft: 95A8C5 at 50.51,9.74
[SERVER] Received aircraft: 16293A at 49.85,7.93
[SERVER] Received aircraft: A8E487 at 52.57,6.66
[SERVER] Received aircraft: A01356 at 52.20,7.28
[SORT-DEBUG] Received sort='callsign', asc='false', ascending=false, count=18
[SORT-DEBUG] After sorting by callsign (asc=false):
  [0] ICAO=893F64 Callsign=VP177 Alt=28611 Spd=236
  [1] ICAO=58E57F Callsign=SN559 Alt=25993 Spd=149
  [2] ICAO=566A02 Callsign=SD932 Alt=11791 Spd=150
[SERVER] Received aircraft: 77DCC7 at 50.73,6.57
[SERVER] Received aircraft: 74C3B8 at 51.53,10.89
[SERVER] Received aircraft: 4BE1CE at 46.75,7.19
[SERVER] Received aircraft: 566A02 at 51.54,8.49
[SERVER] Received aircraft: 049452 at 51.79,4.10
[SERVER] Received aircraft: 08DF81 at 50.26,8.15
[SERVER] Received aircraft: C2FB51 at 47.54,7.02
[SERVER] Received aircraft: 356ED1 at 51.69,8.15
[SERVER] Received aircraft: A8269C at 49.89,7.96
[SERVER] Received aircraft: 6317DF at 47.94,4.23
[SERVER] Received aircraft: 58E57F at 48.71,11.62
[SERVER] Received aircraft: 3AB297 at 52.72,7.93
[SERVER] Received aircraft: 893F64 at 48.39,5.89
[SERVER] Received aircraft: 8683B3 at 51.38,10.82
[SERVER] Received aircraft: 95A8C5 at 50.52,9.74
[SERVER] Received aircraft: 16293A at 49.85,7.94
[SERVER] Received aircraft: A8E487 at 52.57,6.67
[SERVER] Received aircraft: A01356 at 52.20,7.29
[SORT-DEBUG] Received sort='callsign', asc='false', ascending=false, count=18
[SORT-DEBUG] After sorting by callsign (asc=false):
  [0] ICAO=893F64 Callsign=VP177 Alt=28611 Spd=236
  [1] ICAO=58E57F Callsign=SN559 Alt=25993 Spd=149
  [2] ICAO=566A02 Callsign=SD932 Alt=11791 Spd=150
[SERVER] Received aircraft: 77DCC7 at 50.73,6.57
[SERVER] Received aircraft: 74C3B8 at 51.53,10.89
[SERVER] Received aircraft: 4BE1CE at 46.75,7.19
[SERVER] Received aircraft: 566A02 at 51.54,8.49
[SERVER] Received aircraft: 049452 at 51.79,4.10
[SERVER] Received aircraft: 08DF81 at 50.26,8.15
[SERVER] Received aircraft: C2FB51 at 47.54,7.02
[SERVER] Received aircraft: 356ED1 at 51.69,8.16
[SERVER] Received aircraft: A8269C at 49.89,7.96
[SERVER] Received aircraft: 6317DF at 47.93,4.23
[SERVER] Received aircraft: 58E57F at 48.71,11.62
[SERVER] Received aircraft: 3AB297 at 52.72,7.93
[SERVER] Received aircraft: 893F64 at 48.39,5.89
[SERVER] Received aircraft: 8683B3 at 51.38,10.82
[SERVER] Received aircraft: 95A8C5 at 50.52,9.74
[SERVER] Received aircraft: 16293A at 49.85,7.94
[SERVER] Received aircraft: A8E487 at 52.57,6.67
[SERVER] Received aircraft: A01356 at 52.20,7.29
[SORT-DEBUG] Received sort='callsign', asc='false', ascending=false, count=18
[SORT-DEBUG] After sorting by callsign (asc=false):
  [0] ICAO=893F64 Callsign=VP177 Alt=28611 Spd=236
  [1] ICAO=58E57F Callsign=SN559 Alt=25993 Spd=144
  [2] ICAO=566A02 Callsign=SD932 Alt=11791 Spd=154
[SERVER] Received aircraft: 77DCC7 at 50.73,6.57
[SERVER] Received aircraft: 74C3B8 at 51.53,10.89
[SERVER] Received aircraft: 4BE1CE at 46.74,7.19
[SERVER] Received aircraft: 566A02 at 51.54,8.49
[SERVER] Received aircraft: 049452 at 51.79,4.10
[SERVER] Received aircraft: 08DF81 at 50.26,8.15
[SERVER] Received aircraft: C2FB51 at 47.54,7.02
[SERVER] Received aircraft: 356ED1 at 51.69,8.16
[SERVER] Received aircraft: A8269C at 49.89,7.96
[SERVER] Received aircraft: 6317DF at 47.93,4.23
[SERVER] Received aircraft: 58E57F at 48.71,11.62
[SERVER] Received aircraft: 3AB297 at 52.72,7.93
[SERVER] Received aircraft: 893F64 at 48.39,5.89
[SERVER] Received aircraft: 8683B3 at 51.38,10.82
[SERVER] Received aircraft: 95A8C5 at 50.52,9.74
[SERVER] Received aircraft: 16293A at 49.85,7.94
[SERVER] Received aircraft: A8E487 at 52.57,6.67
[SERVER] Received aircraft: A01356 at 52.21,7.29
[SORT-DEBUG] Received sort='callsign', asc='false', ascending=false, count=18
[SORT-DEBUG] After sorting by callsign (asc=false):
  [0] ICAO=893F64 Callsign=VP177 Alt=28611 Spd=238
  [1] ICAO=58E57F Callsign=SN559 Alt=25993 Spd=144
  [2] ICAO=566A02 Callsign=SD932 Alt=11764 Spd=154
[SERVER] Received aircraft: 77DCC7 at 50.73,6.58
[SERVER] Received aircraft: 74C3B8 at 51.53,10.88
[SERVER] Received aircraft: 4BE1CE at 46.74,7.18
[SERVER] Received aircraft: 566A02 at 51.54,8.49
[SERVER] Received aircraft: 049452 at 51.79,4.10
[SERVER] Received aircraft: 08DF81 at 50.26,8.15
[SERVER] Received aircraft: C2FB51 at 47.54,7.02
[SERVER] Received aircraft: 356ED1 at 51.69,8.16
[SERVER] Received aircraft: A8269C at 49.89,7.95
[SERVER] Received aircraft: 6317DF at 47.93,4.23
[SERVER] Received aircraft: 58E57F at 48.71,11.62
[SERVER] Received aircraft: 3AB297 at 52.72,7.93
[SERVER] Received aircraft: 893F64 at 48.40,5.89
[SERVER] Received aircraft: 8683B3 at 51.38,10.82
[SERVER] Received aircraft: 95A8C5 at 50.52,9.74
[SERVER] Received aircraft: 16293A at 49.85,7.95
[SERVER] Received aircraft: A8E487 at 52.57,6.67
[SERVER] Received aircraft: A01356 at 52.21,7.30
[SORT-DEBUG] Received sort='callsign', asc='false', ascending=false, count=18
[SORT-DEBUG] After sorting by callsign (asc=false):
  [0] ICAO=893F64 Callsign=VP177 Alt=28524 Spd=238
  [1] ICAO=58E57F Callsign=SN559 Alt=25923 Spd=145
  [2] ICAO=566A02 Callsign=SD932 Alt=11764 Spd=154
[SERVER] Received aircraft: 77DCC7 at 50.73,6.58
[SERVER] Received aircraft: 74C3B8 at 51.53,10.88
[SERVER] Received aircraft: 4BE1CE at 46.74,7.18
[SERVER] Received aircraft: 566A02 at 51.54,8.49
[SERVER] Received aircraft: 049452 at 51.79,4.10
[SERVER] Received aircraft: 08DF81 at 50.26,8.15
[SERVER] Received aircraft: C2FB51 at 47.54,7.02
[SERVER] Received aircraft: 356ED1 at 51.69,8.16
[SERVER] Received aircraft: A8269C at 49.89,7.95
[SERVER] Received aircraft: 6317DF at 47.93,4.23
[SERVER] Received aircraft: 58E57F at 48.71,11.62
[SERVER] Received aircraft: 3AB297 at 52.72,7.94
[SERVER] Received aircraft: 893F64 at 48.40,5.89
[SERVER] Received aircraft: 8683B3 at 51.38,10.82
[SERVER] Received aircraft: 95A8C5 at 50.52,9.74
[SERVER] Received aircraft: 16293A at 49.86,7.95
[SERVER] Received aircraft: A8E487 at 52.57,6.68
[SERVER] Received aircraft: A01356 at 52.21,7.30
[SORT-DEBUG] Received sort='callsign', asc='false', ascending=false, count=18
[SORT-DEBUG] After sorting by callsign (asc=false):
  [0] ICAO=893F64 Callsign=VP177 Alt=28524 Spd=238
  [1] ICAO=58E57F Callsign=SN559 Alt=25923 Spd=145
  [2] ICAO=566A02 Callsign=SD932 Alt=11764 Spd=154
[SERVER] Received aircraft: 77DCC7 at 50.73,6.58
[SERVER] Received aircraft: 74C3B8 at 51.53,10.88
[SERVER] Received aircraft: 4BE1CE at 46.74,7.18
[SERVER] Received aircraft: 566A02 at 51.53,8.49
[SERVER] Received aircraft: 049452 at 51.79,4.10
[SERVER] Received aircraft: 08DF81 at 50.26,8.15
[SERVER] Received aircraft: C2FB51 at 47.53,7.02
[SERVER] Received aircraft: 356ED1 at 51.69,8.16
[SERVER] Received aircraft: A8269C at 49.89,7.95
[SERVER] Received aircraft: 6317DF at 47.93,4.23
[SERVER] Received aircraft: 58E57F at 48.71,11.62
[SERVER] Received aircraft: 3AB297 at 52.72,7.94
[SERVER] Received aircraft: 893F64 at 48.40,5.89
[SERVER] Received aircraft: 8683B3 at 51.37,10.82
[SERVER] Received aircraft: 95A8C5 at 50.52,9.74
[SERVER] Received aircraft: 16293A at 49.86,7.95
[SERVER] Received aircraft: A8E487 at 52.57,6.68
[SERVER] Received aircraft: A01356 at 52.21,7.31
[SORT-DEBUG] Received sort='callsign', asc='false', ascending=false, count=18
[SORT-DEBUG] After sorting by callsign (asc=false):
  [0] ICAO=893F64 Callsign=VP177 Alt=28524 Spd=238
  [1] ICAO=58E57F Callsign=SN559 Alt=25923 Spd=141
  [2] ICAO=566A02 Callsign=SD932 Alt=11764 Spd=153
[SERVER] Received aircraft: 77DCC7 at 50.73,6.58
[SERVER] Received aircraft: 74C3B8 at 51.54,10.88
[SERVER] Received aircraft: 4BE1CE at 46.74,7.18
[SERVER] Received aircraft: 566A02 at 51.53,8.49
[SERVER] Received aircraft: 049452 at 51.80,4.10
[SERVER] Received aircraft: 08DF81 at 50.27,8.15
[SERVER] Received aircraft: C2FB51 at 47.53,7.02
[SERVER] Received aircraft: 356ED1 at 51.69,8.16
[SERVER] Received aircraft: A8269C at 49.89,7.94
[SERVER] Received aircraft: 6317DF at 47.92,4.23
[SERVER] Received aircraft: 58E57F at 48.71,11.63
[SERVER] Received aircraft: 3AB297 at 52.72,7.94
[SERVER] Received aircraft: 893F64 at 48.40,5.89
[SERVER] Received aircraft: 8683B3 at 51.37,10.82
[SERVER] Received aircraft: 95A8C5 at 50.53,9.74
[SERVER] Received aircraft: 16293A at 49.86,7.96
[SERVER] Received aircraft: A8E487 at 52.57,6.68
[SERVER] Received aircraft: A01356 at 52.21,7.31
[SORT-DEBUG] Received sort='callsign', asc='false', ascending=false, count=18
[SORT-DEBUG] After sorting by callsign (asc=false):
  [0] ICAO=893F64 Callsign=VP177 Alt=28524 Spd=238
  [1] ICAO=58E57F Callsign=SN559 Alt=25923 Spd=141
  [2] ICAO=566A02 Callsign=SD932 Alt=11764 Spd=153
[SERVER] Received aircraft: 77DCC7 at 50.73,6.58
[SERVER] Received aircraft: 74C3B8 at 51.54,10.88
[SERVER] Received aircraft: 4BE1CE at 46.74,7.18
[SERVER] Received aircraft: 566A02 at 51.53,8.49
[SERVER] Received aircraft: 049452 at 51.80,4.10
[SERVER] Received aircraft: 08DF81 at 50.27,8.14
[SERVER] Received aircraft: C2FB51 at 47.53,7.02
[SERVER] Received aircraft: 356ED1 at 51.69,8.16
[SERVER] Received aircraft: A8269C at 49.89,7.94
[SERVER] Received aircraft: 6317DF at 47.92,4.23
[SERVER] Received aircraft: 58E57F at 48.71,11.63
[SERVER] Received aircraft: 3AB297 at 52.72,7.94
[SERVER] Received aircraft: 893F64 at 48.40,5.89
[SERVER] Received aircraft: 8683B3 at 51.37,10.82
[SERVER] Received aircraft: 95A8C5 at 50.53,9.74
[SERVER] Received aircraft: 16293A at 49.86,7.96
[SERVER] Received aircraft: A8E487 at 52.57,6.69
[SERVER] Received aircraft: A01356 at 52.21,7.31
[SORT-DEBUG] Received sort='callsign', asc='false', ascending=false, count=18
[SORT-DEBUG] After sorting by callsign (asc=false):
  [0] ICAO=893F64 Callsign=VP177 Alt=28524 Spd=238
  [1] ICAO=58E57F Callsign=SN559 Alt=25923 Spd=141
  [2] ICAO=566A02 Callsign=SD932 Alt=11830 Spd=153
[SERVER] Received aircraft: 77DCC7 at 50.73,6.59
[SERVER] Received aircraft: 74C3B8 at 51.54,10.88
[SERVER] Received aircraft: 4BE1CE at 46.73,7.18
[SERVER] Received aircraft: 566A02 at 51.53,8.49
[SERVER] Received aircraft: 049452 at 51.80,4.10
[SERVER] Received aircraft: 08DF81 at 50.27,8.14
[SERVER] Received aircraft: C2FB51 at 47.53,7.02
[SERVER] Received aircraft: 356ED1 at 51.69,8.16
[SERVER] Received aircraft: A8269C at 49.89,7.94
[SERVER] Received aircraft: 6317DF at 47.92,4.23
[SERVER] Received aircraft: 58E57F at 48.71,11.63
[SERVER] Received aircraft: 3AB297 at 52.72,7.95
[SERVER] Received aircraft: 893F64 at 48.40,5.89
[SERVER] Received aircraft: 8683B3 at 51.37,10.82
[SERVER] Received aircraft: 95A8C5 at 50.53,9.74
[SERVER] Received aircraft: 16293A at 49.86,7.96
[SERVER] Received aircraft: A8E487 at 52.57,6.69
[SERVER] Received aircraft: A01356 at 52.21,7.32
[SORT-DEBUG] Received sort='callsign', asc='false', ascending=false, count=18
[SORT-DEBUG] After sorting by callsign (asc=false):
  [0] ICAO=893F64 Callsign=VP177 Alt=28524 Spd=238
  [1] ICAO=58E57F Callsign=SN559 Alt=25923 Spd=141
  [2] ICAO=566A02 Callsign=SD932 Alt=11830 Spd=153
[SERVER] Received aircraft: 77DCC7 at 50.73,6.59
[SERVER] Received aircraft: 74C3B8 at 51.54,10.87
[SERVER] Received aircraft: 4BE1CE at 46.73,7.18
[SERVER] Received aircraft: 566A02 at 51.53,8.49
[SERVER] Received aircraft: 049452 at 51.80,4.10
[SERVER] Received aircraft: 08DF81 at 50.27,8.14
[SERVER] Received aircraft: C2FB51 at 47.53,7.02
[SERVER] Received aircraft: 356ED1 at 51.69,8.17
[SERVER] Received aircraft: A8269C at 49.89,7.93
[SERVER] Received aircraft: 6317DF at 47.92,4.23
[SERVER] Received aircraft: 58E57F at 48.71,11.63
[SERVER] Received aircraft: 3AB297 at 52.72,7.95
[SERVER] Received aircraft: 893F64 at 48.40,5.89
[SERVER] Received aircraft: 8683B3 at 51.37,10.82
[SERVER] Received aircraft: 95A8C5 at 50.53,9.74
[SERVER] Received aircraft: 16293A at 49.86,7.97
[SERVER] Received aircraft: A8E487 at 52.57,6.69
[SERVER] Received aircraft: A01356 at 52.21,7.32
[SORT-DEBUG] Received sort='callsign', asc='false', ascending=false, count=18
[SORT-DEBUG] After sorting by callsign (asc=false):
  [0] ICAO=893F64 Callsign=VP177 Alt=28524 Spd=238
  [1] ICAO=58E57F Callsign=SN559 Alt=25923 Spd=141
  [2] ICAO=566A02 Callsign=SD932 Alt=11830 Spd=153
[SERVER] Received aircraft: 77DCC7 at 50.73,6.59
[SERVER] Received aircraft: 74C3B8 at 51.54,10.87
[SERVER] Received aircraft: 4BE1CE at 46.73,7.18
[SERVER] Received aircraft: 566A02 at 51.53,8.49
[SERVER] Received aircraft: 049452 at 51.80,4.10
[SERVER] Received aircraft: 08DF81 at 50.27,8.14
[SERVER] Received aircraft: C2FB51 at 47.52,7.01
[SERVER] Received aircraft: 356ED1 at 51.69,8.17
[SERVER] Received aircraft: A8269C at 49.89,7.93
[SERVER] Received aircraft: 6317DF at 47.92,4.23
[SERVER] Received aircraft: 58E57F at 48.71,11.63
[SERVER] Received aircraft: 3AB297 at 52.72,7.95
[SERVER] Received aircraft: 893F64 at 48.40,5.89
[SERVER] Received aircraft: 8683B3 at 51.37,10.82
[SERVER] Received aircraft: 95A8C5 at 50.53,9.74
[SERVER] Received aircraft: 16293A at 49.86,7.97
[SERVER] Received aircraft: A8E487 at 52.57,6.70
[SERVER] Received aircraft: A01356 at 52.22,7.32
[SORT-DEBUG] Received sort='callsign', asc='false', ascending=false, count=18
[SORT-DEBUG] After sorting by callsign (asc=false):
  [0] ICAO=893F64 Callsign=VP177 Alt=28524 Spd=238
  [1] ICAO=58E57F Callsign=SN559 Alt=25923 Spd=141
  [2] ICAO=566A02 Callsign=SD932 Alt=11830 Spd=153
[SERVER] Received aircraft: 77DCC7 at 50.73,6.59
[SERVER] Received aircraft: 74C3B8 at 51.54,10.87
[SERVER] Received aircraft: 4BE1CE at 46.73,7.17
[SERVER] Received aircraft: 566A02 at 51.53,8.49
[SERVER] Received aircraft: 049452 at 51.80,4.10
[SERVER] Received aircraft: 08DF81 at 50.27,8.14
[SERVER] Received aircraft: C2FB51 at 47.52,7.01
[SERVER] Received aircraft: 356ED1 at 51.70,8.17
[SERVER] Received aircraft: A8269C at 49.89,7.93
[SERVER] Received aircraft: 6317DF at 47.91,4.23
[SERVER] Received aircraft: 58E57F at 48.71,11.63
[SERVER] Received aircraft: 3AB297 at 52.72,7.95
[SERVER] Received aircraft: 893F64 at 48.40,5.89
[SERVER] Received aircraft: 8683B3 at 51.37,10.82
[SERVER] Received aircraft: 95A8C5 at 50.53,9.74
[SERVER] Received aircraft: 16293A at 49.87,7.98
[SERVER] Received aircraft: A8E487 at 52.57,6.70
[SERVER] Received aircraft: A01356 at 52.22,7.33
[SORT-DEBUG] Received sort='callsign', asc='false', ascending=false, count=18
[SORT-DEBUG] After sorting by callsign (asc=false):
  [0] ICAO=893F64 Callsign=VP177 Alt=28524 Spd=238
  [1] ICAO=58E57F Callsign=SN559 Alt=25923 Spd=141
  [2] ICAO=566A02 Callsign=SD932 Alt=11830 Spd=153
[SERVER] Received aircraft: 77DCC7 at 50.73,6.59
[SERVER] Received aircraft: 74C3B8 at 51.54,10.87
[SERVER] Received aircraft: 4BE1CE at 46.73,7.17
[SERVER] Received aircraft: 566A02 at 51.53,8.49
[SERVER] Received aircraft: 049452 at 51.81,4.10
[SERVER] Received aircraft: 08DF81 at 50.27,8.14
[SERVER] Received aircraft: C2FB51 at 47.52,7.01
[SERVER] Received aircraft: 356ED1 at 51.70,8.17
[SERVER] Received aircraft: A8269C at 49.89,7.92
[SERVER] Received aircraft: 6317DF at 47.91,4.23
[SERVER] Received aircraft: 58E57F at 48.71,11.63
[SERVER] Received aircraft: 3AB297 at 52.72,7.96
[SERVER] Received aircraft: 893F64 at 48.41,5.90
[SERVER] Received aircraft: 8683B3 at 51.37,10.82
[SERVER] Received aircraft: 95A8C5 at 50.54,9.74
[SERVER] Received aircraft: 16293A at 49.87,7.98
[SERVER] Received aircraft: A8E487 at 52.57,6.70
[SERVER] Received aircraft: A01356 at 52.22,7.33
[SORT-DEBUG] Received sort='callsign', asc='false', ascending=false, count=18
[SORT-DEBUG] After sorting by callsign (asc=false):
  [0] ICAO=893F64 Callsign=VP177 Alt=28524 Spd=238
  [1] ICAO=58E57F Callsign=SN559 Alt=25923 Spd=141
  [2] ICAO=566A02 Callsign=SD932 Alt=11830 Spd=153
[SERVER] Received aircraft: 77DCC7 at 50.73,6.59
[SERVER] Received aircraft: 74C3B8 at 51.54,10.87
[SERVER] Received aircraft: 4BE1CE at 46.72,7.17
[SERVER] Received aircraft: 566A02 at 51.53,8.49
[SERVER] Received aircraft: 049452 at 51.81,4.10
[SERVER] Received aircraft: 08DF81 at 50.28,8.14
[SERVER] Received aircraft: C2FB51 at 47.52,7.01
[SERVER] Received aircraft: 356ED1 at 51.70,8.17
[SERVER] Received aircraft: A8269C at 49.89,7.92
[SERVER] Received aircraft: 6317DF at 47.91,4.23
[SERVER] Received aircraft: 58E57F at 48.72,11.63
[SERVER] Received aircraft: 3AB297 at 52.72,7.96
[SERVER] Received aircraft: 893F64 at 48.41,5.90
[SERVER] Received aircraft: 8683B3 at 51.36,10.82
[SERVER] Received aircraft: 95A8C5 at 50.54,9.74
[SERVER] Received aircraft: 16293A at 49.87,7.98
[SERVER] Received aircraft: A8E487 at 52.57,6.70
[SERVER] Received aircraft: A01356 at 52.22,7.33
[SORT-DEBUG] Received sort='callsign', asc='false', ascending=false, count=18
[SORT-DEBUG] After sorting by callsign (asc=false):
  [0] ICAO=893F64 Callsign=VP177 Alt=28524 Spd=238
  [1] ICAO=58E57F Callsign=SN559 Alt=25923 Spd=141
  [2] ICAO=566A02 Callsign=SD932 Alt=11830 Spd=153
[SERVER] Received aircraft: 77DCC7 at 50.73,6.60
[SERVER] Received aircraft: 74C3B8 at 51.54,10.86
[SERVER] Received aircraft: 4BE1CE at 46.72,7.17
[SERVER] Received aircraft: 566A02 at 51.53,8.49
[SERVER] Received aircraft: 049452 at 51.81,4.10
[SERVER] Received aircraft: 08DF81 at 50.28,8.14
[SERVER] Received aircraft: C2FB51 at 47.52,7.01
[SERVER] Received aircraft: 356ED1 at 51.70,8.17
[SERVER] Received aircraft: A8269C at 49.89,7.92
[SERVER] Received aircraft: 6317DF at 47.91,4.23
[SERVER] Received aircraft: 58E57F at 48.72,11.63
[SERVER] Received aircraft: 3AB297 at 52.72,7.96
[SERVER] Received aircraft: 893F64 at 48.41,5.90
[SERVER] Received aircraft: 8683B3 at 51.36,10.82
[SERVER] Received aircraft: 95A8C5 at 50.54,9.74
[SERVER] Received aircraft: 16293A at 49.87,7.99
[SERVER] Received aircraft: A8E487 at 52.57,6.71
[SERVER] Received aircraft: A01356 at 52.22,7.34
[SORT-DEBUG] Received sort='callsign', asc='false', ascending=false, count=18
[SORT-DEBUG] After sorting by callsign (asc=false):
  [0] ICAO=893F64 Callsign=VP177 Alt=28524 Spd=238
  [1] ICAO=58E57F Callsign=SN559 Alt=25923 Spd=141
  [2] ICAO=566A02 Callsign=SD932 Alt=11845 Spd=153
[SERVER] Received aircraft: 77DCC7 at 50.73,6.60
[SERVER] Received aircraft: 74C3B8 at 51.54,10.86
[SERVER] Received aircraft: 4BE1CE at 46.72,7.17
[SERVER] Received aircraft: 566A02 at 51.53,8.49
[SERVER] Received aircraft: 049452 at 51.81,4.10
[SERVER] Received aircraft: 08DF81 at 50.28,8.14
[SERVER] Received aircraft: C2FB51 at 47.52,7.01
[SERVER] Received aircraft: 356ED1 at 51.70,8.17
[SERVER] Received aircraft: A8269C at 49.89,7.91
[SERVER] Received aircraft: 6317DF at 47.91,4.23
[SERVER] Received aircraft: 58E57F at 48.72,11.63
[SERVER] Received aircraft: 3AB297 at 52.72,7.97
[SERVER] Received aircraft: 893F64 at 48.41,5.90
[SERVER] Received aircraft: 8683B3 at 51.36,10.82
[SERVER] Received aircraft: 95A8C5 at 50.54,9.74
[SERVER] Received aircraft: 16293A at 49.87,7.99
[SERVER] Received aircraft: A8E487 at 52.57,6.71
[SERVER] Received aircraft: A01356 at 52.22,7.34
[SORT-DEBUG] Received sort='callsign', asc='false', ascending=false, count=18
[SORT-DEBUG] After sorting by callsign (asc=false):
  [0] ICAO=893F64 Callsign=VP177 Alt=28524 Spd=238
  [1] ICAO=58E57F Callsign=SN559 Alt=25923 Spd=141
  [2] ICAO=566A02 Callsign=SD932 Alt=11845 Spd=153
[SERVER] Received aircraft: 77DCC7 at 50.73,6.60
[SERVER] Received aircraft: 74C3B8 at 51.54,10.86
[SERVER] Received aircraft: 4BE1CE at 46.72,7.17
[SERVER] Received aircraft: 566A02 at 51.53,8.49
[SERVER] Received aircraft: 049452 at 51.81,4.10
[SERVER] Received aircraft: 08DF81 at 50.28,8.14
[SERVER] Received aircraft: C2FB51 at 47.51,7.01
[SERVER] Received aircraft: 356ED1 at 51.70,8.17
[SERVER] Received aircraft: A8269C at 49.89,7.91
[SERVER] Received aircraft: 6317DF at 47.90,4.23
[SERVER] Received aircraft: 58E57F at 48.72,11.63
[SERVER] Received aircraft: 3AB297 at 52.72,7.97
[SERVER] Received aircraft: 893F64 at 48.41,5.90
[SERVER] Received aircraft: 8683B3 at 51.36,10.82
[SERVER] Received aircraft: 95A8C5 at 50.54,9.74
[SERVER] Received aircraft: 16293A at 49.87,7.99
[SERVER] Received aircraft: A8E487 at 52.57,6.71
[SERVER] Received aircraft: A01356 at 52.22,7.35
[SORT-DEBUG] Received sort='callsign', asc='false', ascending=false, count=18
[SORT-DEBUG] After sorting by callsign (asc=false):
  [0] ICAO=893F64 Callsign=VP177 Alt=28524 Spd=238
  [1] ICAO=58E57F Callsign=SN559 Alt=25903 Spd=141
  [2] ICAO=566A02 Callsign=SD932 Alt=11845 Spd=153
[SERVER] Received aircraft: 77DCC7 at 50.73,6.60
[SERVER] Received aircraft: 74C3B8 at 51.54,10.86
[SERVER] Received aircraft: 4BE1CE at 46.72,7.17
[SERVER] Received aircraft: 566A02 at 51.53,8.49
[SERVER] Received aircraft: 049452 at 51.81,4.10
[SERVER] Received aircraft: 08DF81 at 50.28,8.14
[SERVER] Received aircraft: C2FB51 at 47.51,7.01
[SERVER] Received aircraft: 356ED1 at 51.70,8.17
[SERVER] Received aircraft: A8269C at 49.89,7.91
[SERVER] Received aircraft: 6317DF at 47.90,4.23
[SERVER] Received aircraft: 58E57F at 48.72,11.63
[SERVER] Received aircraft: 3AB297 at 52.73,7.97
[SERVER] Received aircraft: 893F64 at 48.41,5.90
[SERVER] Received aircraft: 8683B3 at 51.36,10.81
[SERVER] Received aircraft: 95A8C5 at 50.54,9.74
[SERVER] Received aircraft: 16293A at 49.88,8.00
[SERVER] Received aircraft: A8E487 at 52.57,6.72
[SERVER] Received aircraft: A01356 at 52.22,7.35
[SORT-DEBUG] Received sort='callsign', asc='false', ascending=false, count=18
[SORT-DEBUG] After sorting by callsign (asc=false):
  [0] ICAO=893F64 Callsign=VP177 Alt=28524 Spd=238
  [1] ICAO=58E57F Callsign=SN559 Alt=25879 Spd=141
  [2] ICAO=566A02 Callsign=SD932 Alt=11845 Spd=153
[SORT-DEBUG] Received sort='', asc='', ascending=false, count=18
[SERVER] Received aircraft: 77DCC7 at 50.73,6.60
[SERVER] Received aircraft: 74C3B8 at 51.54,10.86
[SERVER] Received aircraft: 4BE1CE at 46.72,7.16
[SERVER] Received aircraft: 566A02 at 51.53,8.49
[SERVER] Received aircraft: 049452 at 51.81,4.10
[SERVER] Received aircraft: 08DF81 at 50.28,8.14
[SERVER] Received aircraft: C2FB51 at 47.51,7.01
[SERVER] Received aircraft: 356ED1 at 51.70,8.18
[SERVER] Received aircraft: A8269C at 49.89,7.90
[SERVER] Received aircraft: 6317DF at 47.90,4.23
[SERVER] Received aircraft: 58E57F at 48.72,11.63
[SERVER] Received aircraft: 3AB297 at 52.73,7.97
[SERVER] Received aircraft: 893F64 at 48.41,5.90
[SERVER] Received aircraft: 8683B3 at 51.36,10.81
[SERVER] Received aircraft: 95A8C5 at 50.55,9.74
[SERVER] Received aircraft: 16293A at 49.88,8.00
[SERVER] Received aircraft: A8E487 at 52.57,6.72
[SERVER] Received aircraft: A01356 at 52.22,7.35
[SORT-DEBUG] Received sort='callsign', asc='false', ascending=false, count=18
[SORT-DEBUG] After sorting by callsign (asc=false):
  [0] ICAO=893F64 Callsign=VP177 Alt=28524 Spd=238
  [1] ICAO=58E57F Callsign=SN559 Alt=25879 Spd=141
  [2] ICAO=566A02 Callsign=SD932 Alt=11845 Spd=153
[SERVER] Received aircraft: 77DCC7 at 50.73,6.61
[SERVER] Received aircraft: 74C3B8 at 51.54,10.85
[SERVER] Received aircraft: 4BE1CE at 46.71,7.16
[SERVER] Received aircraft: 566A02 at 51.52,8.49
[SERVER] Received aircraft: 049452 at 51.82,4.10
[SERVER] Received aircraft: 08DF81 at 50.28,8.14
[SERVER] Received aircraft: C2FB51 at 47.51,7.01
[SERVER] Received aircraft: 356ED1 at 51.70,8.18
[SERVER] Received aircraft: A8269C at 49.89,7.90
[SERVER] Received aircraft: 6317DF at 47.90,4.23
[SERVER] Received aircraft: 58E57F at 48.72,11.63
[SERVER] Received aircraft: 3AB297 at 52.73,7.98
[SERVER] Received aircraft: 893F64 at 48.41,5.90
[SERVER] Received aircraft: 8683B3 at 51.36,10.81
[SERVER] Received aircraft: 95A8C5 at 50.55,9.74
[SERVER] Received aircraft: 16293A at 49.88,8.00
[SERVER] Received aircraft: A8E487 at 52.57,6.72
[SERVER] Received aircraft: A01356 at 52.23,7.36
[SORT-DEBUG] Received sort='callsign', asc='false', ascending=false, count=18
[SORT-DEBUG] After sorting by callsign (asc=false):
  [0] ICAO=893F64 Callsign=VP177 Alt=28524 Spd=238
  [1] ICAO=58E57F Callsign=SN559 Alt=25879 Spd=141
  [2] ICAO=566A02 Callsign=SD932 Alt=11845 Spd=153
[SERVER] Received aircraft: 77DCC7 at 50.73,6.61
[SERVER] Received aircraft: 74C3B8 at 51.54,10.85
[SERVER] Received aircraft: 4BE1CE at 46.71,7.16
[SERVER] Received aircraft: 566A02 at 51.52,8.49
[SERVER] Received aircraft: 049452 at 51.82,4.10
[SERVER] Received aircraft: 08DF81 at 50.29,8.14
[SERVER] Received aircraft: C2FB51 at 47.51,7.01
[SERVER] Received aircraft: 356ED1 at 51.70,8.18
[SERVER] Received aircraft: A8269C at 49.89,7.90
[SERVER] Received aircraft: 6317DF at 47.90,4.23
[SERVER] Received aircraft: 58E57F at 48.72,11.63
[SERVER] Received aircraft: 3AB297 at 52.73,7.98
[SERVER] Received aircraft: 893F64 at 48.41,5.90
[SERVER] Received aircraft: 8683B3 at 51.35,10.81
[SERVER] Received aircraft: 95A8C5 at 50.55,9.74
[SERVER] Received aircraft: 16293A at 49.88,8.01
[SERVER] Received aircraft: A8E487 at 52.57,6.73
[SERVER] Received aircraft: A01356 at 52.23,7.36
[SORT-DEBUG] Received sort='callsign', asc='false', ascending=false, count=18
[SORT-DEBUG] After sorting by callsign (asc=false):
  [0] ICAO=893F64 Callsign=VP177 Alt=28524 Spd=242
  [1] ICAO=58E57F Callsign=SN559 Alt=25879 Spd=141
  [2] ICAO=566A02 Callsign=SD932 Alt=11845 Spd=153
[SERVER] Received aircraft: 77DCC7 at 50.73,6.61
[SERVER] Received aircraft: 74C3B8 at 51.54,10.85
[SERVER] Received aircraft: 4BE1CE at 46.71,7.16
[SERVER] Received aircraft: 566A02 at 51.52,8.49
[SERVER] Received aircraft: 049452 at 51.82,4.10
[SERVER] Received aircraft: 08DF81 at 50.29,8.14
[SERVER] Received aircraft: C2FB51 at 47.50,7.01
[SERVER] Received aircraft: 356ED1 at 51.70,8.18
[SERVER] Received aircraft: A8269C at 49.89,7.89
[SERVER] Received aircraft: 6317DF at 47.89,4.23
[SERVER] Received aircraft: 58E57F at 48.72,11.63
[SERVER] Received aircraft: 3AB297 at 52.73,7.98
[SERVER] Received aircraft: 893F64 at 48.41,5.90
[SERVER] Received aircraft: 8683B3 at 51.35,10.81
[SERVER] Received aircraft: 95A8C5 at 50.55,9.74
[SERVER] Received aircraft: 16293A at 49.88,8.01
[SERVER] Received aircraft: A8E487 at 52.58,6.73
[SERVER] Received aircraft: A01356 at 52.23,7.36
[SORT-DEBUG] Received sort='callsign', asc='false', ascending=false, count=18
[SORT-DEBUG] After sorting by callsign (asc=false):
  [0] ICAO=893F64 Callsign=VP177 Alt=28524 Spd=242
  [1] ICAO=58E57F Callsign=SN559 Alt=25879 Spd=141
  [2] ICAO=566A02 Callsign=SD932 Alt=11845 Spd=153
[SERVER] Received aircraft: 77DCC7 at 50.73,6.61
[SERVER] Received aircraft: 74C3B8 at 51.54,10.85
[SERVER] Received aircraft: 4BE1CE at 46.71,7.16
[SERVER] Received aircraft: 566A02 at 51.52,8.49
[SERVER] Received aircraft: 049452 at 51.82,4.10
[SERVER] Received aircraft: 08DF81 at 50.29,8.13
[SERVER] Received aircraft: C2FB51 at 47.50,7.01
[SERVER] Received aircraft: 356ED1 at 51.70,8.18
[SERVER] Received aircraft: A8269C at 49.89,7.89
[SERVER] Received aircraft: 6317DF at 47.89,4.23
[SERVER] Received aircraft: 58E57F at 48.72,11.64
[SERVER] Received aircraft: 3AB297 at 52.73,7.98
[SERVER] Received aircraft: 893F64 at 48.42,5.90
[SERVER] Received aircraft: 8683B3 at 51.35,10.81
[SERVER] Received aircraft: 95A8C5 at 50.55,9.74
[SERVER] Received aircraft: 16293A at 49.88,8.02
[SERVER] Received aircraft: A8E487 at 52.58,6.73
[SERVER] Received aircraft: A01356 at 52.23,7.37
[SORT-DEBUG] Received sort='callsign', asc='false', ascending=false, count=18
[SORT-DEBUG] After sorting by callsign (asc=false):
  [0] ICAO=893F64 Callsign=VP177 Alt=28524 Spd=242
  [1] ICAO=58E57F Callsign=SN559 Alt=25879 Spd=141
  [2] ICAO=566A02 Callsign=SD932 Alt=11845 Spd=153
[SERVER] Received aircraft: 77DCC7 at 50.73,6.61
[SERVER] Received aircraft: 74C3B8 at 51.54,10.85
[SERVER] Received aircraft: 4BE1CE at 46.71,7.16
[SERVER] Received aircraft: 566A02 at 51.52,8.49
[SERVER] Received aircraft: 049452 at 51.82,4.10
[SERVER] Received aircraft: 08DF81 at 50.29,8.13
[SERVER] Received aircraft: C2FB51 at 47.50,7.01
[SERVER] Received aircraft: 356ED1 at 51.70,8.18
[SERVER] Received aircraft: A8269C at 49.89,7.89
[SERVER] Received aircraft: 6317DF at 47.89,4.23
[SERVER] Received aircraft: 58E57F at 48.72,11.64
[SERVER] Received aircraft: 3AB297 at 52.73,7.99
[SERVER] Received aircraft: 893F64 at 48.42,5.90
[SERVER] Received aircraft: 8683B3 at 51.35,10.81
[SERVER] Received aircraft: 95A8C5 at 50.55,9.74
[SERVER] Received aircraft: 16293A at 49.89,8.02
[SERVER] Received aircraft: A8E487 at 52.58,6.73
[SERVER] Received aircraft: A01356 at 52.23,7.37
[SORT-DEBUG] Received sort='callsign', asc='false', ascending=false, count=18
[SORT-DEBUG] After sorting by callsign (asc=false):
  [0] ICAO=893F64 Callsign=VP177 Alt=28524 Spd=242
  [1] ICAO=58E57F Callsign=SN559 Alt=25936 Spd=141
  [2] ICAO=566A02 Callsign=SD932 Alt=11845 Spd=153
[SERVER] Received aircraft: 77DCC7 at 50.73,6.61
[SERVER] Received aircraft: 74C3B8 at 51.55,10.85
[SERVER] Received aircraft: 4BE1CE at 46.70,7.16
[SERVER] Received aircraft: 566A02 at 51.52,8.49
[SERVER] Received aircraft: 049452 at 51.82,4.10
[SERVER] Received aircraft: 08DF81 at 50.29,8.13
[SERVER] Received aircraft: C2FB51 at 47.50,7.01
[SERVER] Received aircraft: 356ED1 at 51.70,8.18
[SERVER] Received aircraft: A8269C at 49.89,7.88
[SERVER] Received aircraft: 6317DF at 47.89,4.23
[SERVER] Received aircraft: 58E57F at 48.72,11.64
[SERVER] Received aircraft: 3AB297 at 52.73,7.99
[SERVER] Received aircraft: 893F64 at 48.42,5.90
[SERVER] Received aircraft: 8683B3 at 51.35,10.81
[SERVER] Received aircraft: 95A8C5 at 50.56,9.74
[SERVER] Received aircraft: 16293A at 49.89,8.02
[SERVER] Received aircraft: A8E487 at 52.58,6.74
[SERVER] Received aircraft: A01356 at 52.23,7.37
[SORT-DEBUG] Received sort='callsign', asc='false', ascending=false, count=18
[SORT-DEBUG] After sorting by callsign (asc=false):
  [0] ICAO=893F64 Callsign=VP177 Alt=28524 Spd=242
  [1] ICAO=58E57F Callsign=SN559 Alt=25936 Spd=141
  [2] ICAO=566A02 Callsign=SD932 Alt=11845 Spd=153
[SORT-DEBUG] Received sort='', asc='', ascending=false, count=18
[SERVER] Received aircraft: 77DCC7 at 50.73,6.62
[SERVER] Received aircraft: 74C3B8 at 51.55,10.84
[SERVER] Received aircraft: 4BE1CE at 46.70,7.15
[SERVER] Received aircraft: 566A02 at 51.52,8.49
[SERVER] Received aircraft: 049452 at 51.83,4.09
[SERVER] Received aircraft: 08DF81 at 50.29,8.13
[SERVER] Received aircraft: C2FB51 at 47.50,7.01
[SERVER] Received aircraft: 356ED1 at 51.70,8.19
[SERVER] Received aircraft: A8269C at 49.89,7.88
[SERVER] Received aircraft: 6317DF at 47.89,4.23
[SERVER] Received aircraft: 58E57F at 48.72,11.64
[SERVER] Received aircraft: 3AB297 at 52.73,7.99
[SERVER] Received aircraft: 893F64 at 48.42,5.90
[SERVER] Received aircraft: 8683B3 at 51.35,10.81
[SERVER] Received aircraft: 95A8C5 at 50.56,9.74
[SERVER] Received aircraft: 16293A at 49.89,8.03
[SERVER] Received aircraft: A8E487 at 52.58,6.74
[SERVER] Received aircraft: A01356 at 52.23,7.38
[SORT-DEBUG] Received sort='callsign', asc='false', ascending=false, count=18
[SORT-DEBUG] After sorting by callsign (asc=false):
  [0] ICAO=893F64 Callsign=VP177 Alt=28524 Spd=242
  [1] ICAO=58E57F Callsign=SN559 Alt=25936 Spd=141
  [2] ICAO=566A02 Callsign=SD932 Alt=11845 Spd=153
[SERVER] Received aircraft: 77DCC7 at 50.73,6.62
[SERVER] Received aircraft: 74C3B8 at 51.55,10.84
[SERVER] Received aircraft: 4BE1CE at 46.70,7.15
[SERVER] Received aircraft: 566A02 at 51.52,8.49
[SERVER] Received aircraft: 049452 at 51.83,4.09
[SERVER] Received aircraft: 08DF81 at 50.29,8.13
[SERVER] Received aircraft: C2FB51 at 47.49,7.01
[SERVER] Received aircraft: 356ED1 at 51.70,8.19
[SERVER] Received aircraft: A8269C at 49.90,7.88
[SERVER] Received aircraft: 6317DF at 47.89,4.23
[SERVER] Received aircraft: 58E57F at 48.72,11.64
[SERVER] Received aircraft: 3AB297 at 52.73,7.99
[SERVER] Received aircraft: 893F64 at 48.42,5.90
[SERVER] Received aircraft: 8683B3 at 51.35,10.81
[SERVER] Received aircraft: 95A8C5 at 50.56,9.74
[SERVER] Received aircraft: 16293A at 49.89,8.03
[SERVER] Received aircraft: A8E487 at 52.58,6.74
[SERVER] Received aircraft: A01356 at 52.23,7.38
[SORT-DEBUG] Received sort='callsign', asc='false', ascending=false, count=18
[SORT-DEBUG] After sorting by callsign (asc=false):
  [0] ICAO=893F64 Callsign=VP177 Alt=28524 Spd=242
  [1] ICAO=58E57F Callsign=SN559 Alt=25936 Spd=139
  [2] ICAO=566A02 Callsign=SD932 Alt=11845 Spd=153
[SERVER] Received aircraft: 77DCC7 at 50.73,6.62
[SERVER] Received aircraft: 74C3B8 at 51.55,10.84
[SERVER] Received aircraft: 4BE1CE at 46.70,7.15
[SERVER] Received aircraft: 566A02 at 51.52,8.49
[SERVER] Received aircraft: 049452 at 51.83,4.09
[SERVER] Received aircraft: 08DF81 at 50.30,8.13
[SERVER] Received aircraft: C2FB51 at 47.49,7.01
[SERVER] Received aircraft: 356ED1 at 51.71,8.19
[SERVER] Received aircraft: A8269C at 49.90,7.87
[SERVER] Received aircraft: 6317DF at 47.88,4.23
[SERVER] Received aircraft: 58E57F at 48.72,11.64
[SERVER] Received aircraft: 3AB297 at 52.73,8.00
[SERVER] Received aircraft: 893F64 at 48.42,5.90
[SERVER] Received aircraft: 8683B3 at 51.35,10.81
[SERVER] Received aircraft: 95A8C5 at 50.56,9.74
[SERVER] Received aircraft: 16293A at 49.89,8.03
[SERVER] Received aircraft: A8E487 at 52.58,6.75
[SERVER] Received aircraft: A01356 at 52.23,7.39
[SORT-DEBUG] Received sort='callsign', asc='false', ascending=false, count=18
[SORT-DEBUG] After sorting by callsign (asc=false):
  [0] ICAO=893F64 Callsign=VP177 Alt=28524 Spd=242
  [1] ICAO=58E57F Callsign=SN559 Alt=25936 Spd=139
  [2] ICAO=566A02 Callsign=SD932 Alt=11845 Spd=153
[SERVER] Received aircraft: 77DCC7 at 50.73,6.62
[SERVER] Received aircraft: 74C3B8 at 51.55,10.84
[SERVER] Received aircraft: 4BE1CE at 46.70,7.15
[SERVER] Received aircraft: 566A02 at 51.52,8.49
[SERVER] Received aircraft: 049452 at 51.83,4.09
[SERVER] Received aircraft: 08DF81 at 50.30,8.13
[SERVER] Received aircraft: C2FB51 at 47.49,7.00
[SERVER] Received aircraft: 356ED1 at 51.71,8.19
[SERVER] Received aircraft: A8269C at 49.90,7.87
[SERVER] Received aircraft: 6317DF at 47.88,4.23
[SERVER] Received aircraft: 58E57F at 48.72,11.64
[SERVER] Received aircraft: 3AB297 at 52.73,8.00
[SERVER] Received aircraft: 893F64 at 48.42,5.90
[SERVER] Received aircraft: 8683B3 at 51.34,10.81
[SERVER] Received aircraft: 95A8C5 at 50.56,9.74
[SERVER] Received aircraft: 16293A at 49.89,8.04
[SERVER] Received aircraft: A8E487 at 52.58,6.75
[SERVER] Received aircraft: A01356 at 52.24,7.39
[SORT-DEBUG] Received sort='callsign', asc='false', ascending=false, count=18
[SORT-DEBUG] After sorting by callsign (asc=false):
  [0] ICAO=893F64 Callsign=VP177 Alt=28524 Spd=242
  [1] ICAO=58E57F Callsign=SN559 Alt=25936 Spd=139
  [2] ICAO=566A02 Callsign=SD932 Alt=11845 Spd=153
[SERVER] Received aircraft: 77DCC7 at 50.73,6.62
[SERVER] Received aircraft: 74C3B8 at 51.55,10.84
[SERVER] Received aircraft: 4BE1CE at 46.70,7.15
[SERVER] Received aircraft: 566A02 at 51.52,8.49
[SERVER] Received aircraft: 049452 at 51.83,4.09
[SERVER] Received aircraft: 08DF81 at 50.30,8.13
[SERVER] Received aircraft: C2FB51 at 47.49,7.00
[SERVER] Received aircraft: 356ED1 at 51.71,8.19
[SERVER] Received aircraft: A8269C at 49.90,7.87
[SERVER] Received aircraft: 6317DF at 47.88,4.23
[SERVER] Received aircraft: 58E57F at 48.72,11.64
[SERVER] Received aircraft: 3AB297 at 52.73,8.00
[SERVER] Received aircraft: 893F64 at 48.42,5.90
[SERVER] Received aircraft: 8683B3 at 51.34,10.81
[SERVER] Received aircraft: 95A8C5 at 50.56,9.74
[SERVER] Received aircraft: 16293A at 49.89,8.04
[SERVER] Received aircraft: A8E487 at 52.58,6.75
[SERVER] Received aircraft: A01356 at 52.24,7.39
[SORT-DEBUG] Received sort='callsign', asc='false', ascending=false, count=18
[SORT-DEBUG] After sorting by callsign (asc=false):
  [0] ICAO=893F64 Callsign=VP177 Alt=28524 Spd=242
  [1] ICAO=58E57F Callsign=SN559 Alt=25936 Spd=139
  [2] ICAO=566A02 Callsign=SD932 Alt=11845 Spd=153
[SERVER] Received aircraft: 77DCC7 at 50.73,6.63
[SERVER] Received aircraft: 74C3B8 at 51.55,10.83
[SERVER] Received aircraft: 4BE1CE at 46.69,7.15
[SERVER] Received aircraft: 566A02 at 51.52,8.49
[SERVER] Received aircraft: 049452 at 51.83,4.09
[SERVER] Received aircraft: 08DF81 at 50.30,8.13
[SERVER] Received aircraft: C2FB51 at 47.49,7.00
[SERVER] Received aircraft: 356ED1 at 51.71,8.19
[SERVER] Received aircraft: A8269C at 49.90,7.86
[SERVER] Received aircraft: 6317DF at 47.88,4.23
[SERVER] Received aircraft: 58E57F at 48.72,11.64
[SERVER] Received aircraft: 3AB297 at 52.73,8.00
[SERVER] Received aircraft: 893F64 at 48.42,5.90
[SERVER] Received aircraft: 8683B3 at 51.34,10.81
[SERVER] Received aircraft: 95A8C5 at 50.57,9.74
[SERVER] Received aircraft: 16293A at 49.90,8.05
[SERVER] Received aircraft: A8E487 at 52.58,6.76
[SERVER] Received aircraft: A01356 at 52.24,7.40
[SORT-DEBUG] Received sort='callsign', asc='false', ascending=false, count=18
[SORT-DEBUG] After sorting by callsign (asc=false):
  [0] ICAO=893F64 Callsign=VP177 Alt=28524 Spd=242
  [1] ICAO=58E57F Callsign=SN559 Alt=25936 Spd=139
  [2] ICAO=566A02 Callsign=SD932 Alt=11845 Spd=153
[SERVER] Received aircraft: 77DCC7 at 50.73,6.63
[SERVER] Received aircraft: 74C3B8 at 51.55,10.83
[SERVER] Received aircraft: 4BE1CE at 46.69,7.15
[SERVER] Received aircraft: 566A02 at 51.52,8.49
[SERVER] Received aircraft: 049452 at 51.84,4.09
[SERVER] Received aircraft: 08DF81 at 50.30,8.13
[SERVER] Received aircraft: C2FB51 at 47.49,7.00
[SERVER] Received aircraft: 356ED1 at 51.71,8.19
[SERVER] Received aircraft: A8269C at 49.90,7.86
[SERVER] Received aircraft: 6317DF at 47.88,4.23
[SERVER] Received aircraft: 58E57F at 48.72,11.64
[SERVER] Received aircraft: 3AB297 at 52.73,8.01
[SERVER] Received aircraft: 893F64 at 48.43,5.90
[SERVER] Received aircraft: 8683B3 at 51.34,10.81
[SERVER] Received aircraft: 95A8C5 at 50.57,9.74
[SERVER] Received aircraft: 16293A at 49.90,8.05
[SERVER] Received aircraft: A8E487 at 52.58,6.76
[SERVER] Received aircraft: A01356 at 52.24,7.40
[SORT-DEBUG] Received sort='callsign', asc='false', ascending=false, count=18
[SORT-DEBUG] After sorting by callsign (asc=false):
  [0] ICAO=893F64 Callsign=VP177 Alt=28524 Spd=242
  [1] ICAO=58E57F Callsign=SN559 Alt=25936 Spd=139
  [2] ICAO=566A02 Callsign=SD932 Alt=11845 Spd=153
[SERVER] Received aircraft: 77DCC7 at 50.73,6.63
[SERVER] Received aircraft: 74C3B8 at 51.55,10.83
[SERVER] Received aircraft: 4BE1CE at 46.69,7.14
[SERVER] Received aircraft: 566A02 at 51.52,8.49
[SERVER] Received aircraft: 049452 at 51.84,4.09
[SERVER] Received aircraft: 08DF81 at 50.30,8.13
[SERVER] Received aircraft: C2FB51 at 47.48,7.00
[SERVER] Received aircraft: 356ED1 at 51.71,8.19
[SERVER] Received aircraft: A8269C at 49.90,7.86
[SERVER] Received aircraft: 6317DF at 47.87,4.23
[SERVER] Received aircraft: 58E57F at 48.72,11.64
[SERVER] Received aircraft: 3AB297 at 52.73,8.01
[SERVER] Received aircraft: 893F64 at 48.43,5.91
[SERVER] Received aircraft: 8683B3 at 51.34,10.81
[SERVER] Received aircraft: 95A8C5 at 50.57,9.74
[SERVER] Received aircraft: 16293A at 49.90,8.05
[SERVER] Received aircraft: A8E487 at 52.58,6.76
[SERVER] Received aircraft: A01356 at 52.24,7.40
[SORT-DEBUG] Received sort='callsign', asc='false', ascending=false, count=18
[SORT-DEBUG] After sorting by callsign (asc=false):
  [0] ICAO=893F64 Callsign=VP177 Alt=28524 Spd=240
  [1] ICAO=58E57F Callsign=SN559 Alt=25936 Spd=139
  [2] ICAO=566A02 Callsign=SD932 Alt=11806 Spd=153
[SORT-DEBUG] Received sort='', asc='', ascending=false, count=18
[SERVER] Received aircraft: 77DCC7 at 50.73,6.63
[SERVER] Received aircraft: 74C3B8 at 51.55,10.83
[SERVER] Received aircraft: 4BE1CE at 46.69,7.14
[SERVER] Received aircraft: 566A02 at 51.51,8.49
[SERVER] Received aircraft: 049452 at 51.84,4.09
[SERVER] Received aircraft: 08DF81 at 50.30,8.13
[SERVER] Received aircraft: C2FB51 at 47.48,7.00
[SERVER] Received aircraft: 356ED1 at 51.71,8.20
[SERVER] Received aircraft: A8269C at 49.90,7.85
[SERVER] Received aircraft: 6317DF at 47.87,4.22
[SERVER] Received aircraft: 58E57F at 48.73,11.64
[SERVER] Received aircraft: 3AB297 at 52.74,8.01
[SERVER] Received aircraft: 893F64 at 48.43,5.91
[SERVER] Received aircraft: 8683B3 at 51.34,10.81
[SERVER] Received aircraft: 95A8C5 at 50.57,9.74
[SERVER] Received aircraft: 16293A at 49.90,8.06
[SERVER] Received aircraft: A8E487 at 52.58,6.76
[SERVER] Received aircraft: A01356 at 52.24,7.41
[SORT-DEBUG] Received sort='callsign', asc='false', ascending=false, count=18
[SORT-DEBUG] After sorting by callsign (asc=false):
  [0] ICAO=893F64 Callsign=VP177 Alt=28524 Spd=240
  [1] ICAO=58E57F Callsign=SN559 Alt=25940 Spd=139
  [2] ICAO=566A02 Callsign=SD932 Alt=11841 Spd=151
[SERVER] Received aircraft: 77DCC7 at 50.73,6.63
[SERVER] Received aircraft: 74C3B8 at 51.55,10.83
[SERVER] Received aircraft: 4BE1CE at 46.69,7.14
[SERVER] Received aircraft: 566A02 at 51.51,8.49
[SERVER] Received aircraft: 049452 at 51.84,4.09
[SERVER] Received aircraft: 08DF81 at 50.31,8.13
[SERVER] Received aircraft: C2FB51 at 47.48,7.00
[SERVER] Received aircraft: 356ED1 at 51.71,8.20
[SERVER] Received aircraft: A8269C at 49.90,7.85
[SERVER] Received aircraft: 6317DF at 47.87,4.22
[SERVER] Received aircraft: 58E57F at 48.73,11.64
[SERVER] Received aircraft: 3AB297 at 52.74,8.01
[SERVER] Received aircraft: 893F64 at 48.43,5.91
[SERVER] Received aircraft: 8683B3 at 51.34,10.81
[SERVER] Received aircraft: 95A8C5 at 50.57,9.74
[SERVER] Received aircraft: 16293A at 49.90,8.06
[SERVER] Received aircraft: A8E487 at 52.58,6.77
[SERVER] Received aircraft: A01356 at 52.24,7.41
[SORT-DEBUG] Received sort='callsign', asc='false', ascending=false, count=18
[SORT-DEBUG] After sorting by callsign (asc=false):
  [0] ICAO=893F64 Callsign=VP177 Alt=28524 Spd=240
  [1] ICAO=58E57F Callsign=SN559 Alt=25940 Spd=139
  [2] ICAO=566A02 Callsign=SD932 Alt=11792 Spd=151
[SERVER] Received aircraft: 77DCC7 at 50.73,6.63
[SERVER] Received aircraft: 74C3B8 at 51.55,10.82
[SERVER] Received aircraft: 4BE1CE at 46.68,7.14
[SERVER] Received aircraft: 566A02 at 51.51,8.49
[SERVER] Received aircraft: 049452 at 51.84,4.09
[SERVER] Received aircraft: 08DF81 at 50.31,8.12
[SERVER] Received aircraft: C2FB51 at 47.48,7.00
[SERVER] Received aircraft: 356ED1 at 51.71,8.20
[SERVER] Received aircraft: A8269C at 49.90,7.85
[SERVER] Received aircraft: 6317DF at 47.87,4.22
[SERVER] Received aircraft: 58E57F at 48.73,11.64
[SERVER] Received aircraft: 3AB297 at 52.74,8.02
[SERVER] Received aircraft: 893F64 at 48.43,5.91
[SERVER] Received aircraft: 8683B3 at 51.34,10.81
[SERVER] Received aircraft: 95A8C5 at 50.57,9.74
[SERVER] Received aircraft: 16293A at 49.90,8.06
[SERVER] Received aircraft: A8E487 at 52.58,6.77
[SERVER] Received aircraft: A01356 at 52.24,7.42
[SORT-DEBUG] Received sort='callsign', asc='false', ascending=false, count=18
[SORT-DEBUG] After sorting by callsign (asc=false):
  [0] ICAO=893F64 Callsign=VP177 Alt=28509 Spd=240
  [1] ICAO=58E57F Callsign=SN559 Alt=25984 Spd=139
  [2] ICAO=566A02 Callsign=SD932 Alt=11889 Spd=151
[SERVER] Received aircraft: 77DCC7 at 50.73,6.64
[SERVER] Received aircraft: 74C3B8 at 51.55,10.82
[SERVER] Received aircraft: 4BE1CE at 46.68,7.14
[SERVER] Received aircraft: 566A02 at 51.51,8.49
[SERVER] Received aircraft: 049452 at 51.84,4.09
[SERVER] Received aircraft: 08DF81 at 50.31,8.12
[SERVER] Received aircraft: C2FB51 at 47.48,7.00
[SERVER] Received aircraft: 356ED1 at 51.71,8.20
[SERVER] Received aircraft: A8269C at 49.90,7.84
[SERVER] Received aircraft: 6317DF at 47.87,4.22
[SERVER] Received aircraft: 58E57F at 48.73,11.64
[SERVER] Received aircraft: 3AB297 at 52.74,8.02
[SERVER] Received aircraft: 893F64 at 48.43,5.91
[SERVER] Received aircraft: 8683B3 at 51.33,10.81
[SERVER] Received aircraft: 95A8C5 at 50.58,9.73
[SERVER] Received aircraft: 16293A at 49.90,8.07
[SERVER] Received aircraft: A8E487 at 52.58,6.77
[SERVER] Received aircraft: A01356 at 52.24,7.42
[SORT-DEBUG] Received sort='callsign', asc='false', ascending=false, count=18
[SORT-DEBUG] After sorting by callsign (asc=false):
  [0] ICAO=893F64 Callsign=VP177 Alt=28509 Spd=240
  [1] ICAO=58E57F Callsign=SN559 Alt=25984 Spd=139
  [2] ICAO=566A02 Callsign=SD932 Alt=11889 Spd=151
[SERVER] Received aircraft: 77DCC7 at 50.73,6.64
[SERVER] Received aircraft: 74C3B8 at 51.55,10.82
[SERVER] Received aircraft: 4BE1CE at 46.68,7.14
[SERVER] Received aircraft: 566A02 at 51.51,8.49
[SERVER] Received aircraft: 049452 at 51.84,4.09
[SERVER] Received aircraft: 08DF81 at 50.31,8.12
[SERVER] Received aircraft: C2FB51 at 47.47,7.00
[SERVER] Received aircraft: 356ED1 at 51.71,8.20
[SERVER] Received aircraft: A8269C at 49.90,7.84
[SERVER] Received aircraft: 6317DF at 47.86,4.22
[SERVER] Received aircraft: 58E57F at 48.73,11.64
[SERVER] Received aircraft: 3AB297 at 52.74,8.02
[SERVER] Received aircraft: 893F64 at 48.43,5.91
[SERVER] Received aircraft: 8683B3 at 51.33,10.80
[SERVER] Received aircraft: 95A8C5 at 50.58,9.73
[SERVER] Received aircraft: 16293A at 49.91,8.07
[SERVER] Received aircraft: A8E487 at 52.58,6.78
[SERVER] Received aircraft: A01356 at 52.25,7.42
[SORT-DEBUG] Received sort='callsign', asc='false', ascending=false, count=18
[SORT-DEBUG] After sorting by callsign (asc=false):
  [0] ICAO=893F64 Callsign=VP177 Alt=28509 Spd=240
  [1] ICAO=58E57F Callsign=SN559 Alt=25984 Spd=139
  [2] ICAO=566A02 Callsign=SD932 Alt=11889 Spd=151
[SERVER] Received aircraft: 77DCC7 at 50.73,6.64
[SERVER] Received aircraft: 74C3B8 at 51.55,10.82
[SERVER] Received aircraft: 4BE1CE at 46.68,7.13
[SERVER] Received aircraft: 566A02 at 51.51,8.49
[SERVER] Received aircraft: 049452 at 51.85,4.09
[SERVER] Received aircraft: 08DF81 at 50.31,8.12
[SERVER] Received aircraft: C2FB51 at 47.47,7.00
[SERVER] Received aircraft: 356ED1 at 51.71,8.20
[SERVER] Received aircraft: A8269C at 49.90,7.83
[SERVER] Received aircraft: 6317DF at 47.86,4.22
[SERVER] Received aircraft: 58E57F at 48.73,11.65
[SERVER] Received aircraft: 3AB297 at 52.74,8.02
[SERVER] Received aircraft: 893F64 at 48.43,5.91
[SERVER] Received aircraft: 8683B3 at 51.33,10.80
[SERVER] Received aircraft: 95A8C5 at 50.58,9.73
[SERVER] Received aircraft: 16293A at 49.91,8.07
[SERVER] Received aircraft: A8E487 at 52.58,6.78
[SERVER] Received aircraft: A01356 at 52.25,7.43
[SORT-DEBUG] Received sort='callsign', asc='false', ascending=false, count=18
[SORT-DEBUG] After sorting by callsign (asc=false):
  [0] ICAO=893F64 Callsign=VP177 Alt=28455 Spd=240
  [1] ICAO=58E57F Callsign=SN559 Alt=25897 Spd=139
  [2] ICAO=566A02 Callsign=SD932 Alt=11889 Spd=151
[SERVER] Received aircraft: 77DCC7 at 50.73,6.64
[SERVER] Received aircraft: 74C3B8 at 51.55,10.82
[SERVER] Received aircraft: 4BE1CE at 46.68,7.13
[SERVER] Received aircraft: 566A02 at 51.51,8.49
[SERVER] Received aircraft: 049452 at 51.85,4.09
[SERVER] Received aircraft: 08DF81 at 50.31,8.12
[SERVER] Received aircraft: C2FB51 at 47.47,7.00
[SERVER] Received aircraft: 356ED1 at 51.71,8.20
[SERVER] Received aircraft: A8269C at 49.90,7.83
[SERVER] Received aircraft: 6317DF at 47.86,4.22
[SERVER] Received aircraft: 58E57F at 48.73,11.65
[SERVER] Received aircraft: 3AB297 at 52.74,8.03
[SERVER] Received aircraft: 893F64 at 48.43,5.91
[SERVER] Received aircraft: 8683B3 at 51.33,10.80
[SERVER] Received aircraft: 95A8C5 at 50.58,9.73
[SERVER] Received aircraft: 16293A at 49.91,8.08
[SERVER] Received aircraft: A8E487 at 52.58,6.78
[SERVER] Received aircraft: A01356 at 52.25,7.43
[SORT-DEBUG] Received sort='callsign', asc='false', ascending=false, count=18
[SORT-DEBUG] After sorting by callsign (asc=false):
  [0] ICAO=893F64 Callsign=VP177 Alt=28455 Spd=240
  [1] ICAO=58E57F Callsign=SN559 Alt=25897 Spd=139
  [2] ICAO=566A02 Callsign=SD932 Alt=11889 Spd=151
[SERVER] Received aircraft: 77DCC7 at 50.73,6.64
[SERVER] Received aircraft: 74C3B8 at 51.55,10.82
[SERVER] Received aircraft: 4BE1CE at 46.68,7.13
[SERVER] Received aircraft: 566A02 at 51.51,8.49
[SERVER] Received aircraft: 049452 at 51.85,4.09
[SERVER] Received aircraft: 08DF81 at 50.31,8.12
[SERVER] Received aircraft: C2FB51 at 47.47,7.00
[SERVER] Received aircraft: 356ED1 at 51.71,8.20
[SERVER] Received aircraft: A8269C at 49.90,7.83
[SERVER] Received aircraft: 6317DF at 47.86,4.22
[SERVER] Received aircraft: 58E57F at 48.73,11.65
[SERVER] Received aircraft: 3AB297 at 52.74,8.03
[SERVER] Received aircraft: 893F64 at 48.43,5.91
[SERVER] Received aircraft: 8683B3 at 51.33,10.80
[SERVER] Received aircraft: 95A8C5 at 50.58,9.73
[SERVER] Received aircraft: 16293A at 49.91,8.08
[SERVER] Received aircraft: A8E487 at 52.58,6.79
[SERVER] Received aircraft: A01356 at 52.25,7.43
[SORT-DEBUG] Received sort='callsign', asc='false', ascending=false, count=18
[SORT-DEBUG] After sorting by callsign (asc=false):
  [0] ICAO=893F64 Callsign=VP177 Alt=28455 Spd=240
  [1] ICAO=58E57F Callsign=SN559 Alt=25897 Spd=139
  [2] ICAO=566A02 Callsign=SD932 Alt=11889 Spd=155
[SERVER] Received aircraft: 77DCC7 at 50.73,6.64
[SERVER] Received aircraft: 74C3B8 at 51.55,10.81
[SERVER] Received aircraft: 4BE1CE at 46.67,7.13
[SERVER] Received aircraft: 566A02 at 51.51,8.49
[SERVER] Received aircraft: 049452 at 51.85,4.09
[SERVER] Received aircraft: 08DF81 at 50.32,8.12
[SERVER] Received aircraft: C2FB51 at 47.47,7.00
[SERVER] Received aircraft: 356ED1 at 51.71,8.21
[SERVER] Received aircraft: A8269C at 49.90,7.82
[SERVER] Received aircraft: 6317DF at 47.86,4.22
[SERVER] Received aircraft: 58E57F at 48.73,11.65
[SERVER] Received aircraft: 3AB297 at 52.74,8.03
[SERVER] Received aircraft: 893F64 at 48.44,5.91
[SERVER] Received aircraft: 8683B3 at 51.33,10.80
[SERVER] Received aircraft: 95A8C5 at 50.58,9.73
[SERVER] Received aircraft: 16293A at 49.91,8.09
[SERVER] Received aircraft: A8E487 at 52.58,6.79
[SERVER] Received aircraft: A01356 at 52.25,7.44
[SORT-DEBUG] Received sort='callsign', asc='false', ascending=false, count=18
[SORT-DEBUG] After sorting by callsign (asc=false):
  [0] ICAO=893F64 Callsign=VP177 Alt=28455 Spd=240
  [1] ICAO=58E57F Callsign=SN559 Alt=25897 Spd=139
  [2] ICAO=566A02 Callsign=SD932 Alt=11889 Spd=155
[SERVER] Received aircraft: 77DCC7 at 50.73,6.65
[SERVER] Received aircraft: 74C3B8 at 51.56,10.81
[SERVER] Received aircraft: 4BE1CE at 46.67,7.13
[SERVER] Received aircraft: 566A02 at 51.51,8.49
[SERVER] Received aircraft: 049452 at 51.85,4.09
[SERVER] Received aircraft: 08DF81 at 50.32,8.12
[SERVER] Received aircraft: C2FB51 at 47.47,7.00
[SERVER] Received aircraft: 356ED1 at 51.71,8.21
[SERVER] Received aircraft: A8269C at 49.90,7.82
[SERVER] Received aircraft: 6317DF at 47.85,4.22
[SERVER] Received aircraft: 58E57F at 48.73,11.65
[SERVER] Received aircraft: 3AB297 at 52.74,8.03
[SERVER] Received aircraft: 893F64 at 48.44,5.91
[SERVER] Received aircraft: 8683B3 at 51.33,10.80
[SERVER] Received aircraft: 95A8C5 at 50.59,9.73
[SERVER] Received aircraft: 16293A at 49.91,8.09
[SERVER] Received aircraft: A8E487 at 52.58,6.79
[SERVER] Received aircraft: A01356 at 52.25,7.44
[SORT-DEBUG] Received sort='callsign', asc='false', ascending=false, count=18
[SORT-DEBUG] After sorting by callsign (asc=false):
  [0] ICAO=893F64 Callsign=VP177 Alt=28455 Spd=239
  [1] ICAO=58E57F Callsign=SN559 Alt=25897 Spd=140
  [2] ICAO=566A02 Callsign=SD932 Alt=11889 Spd=155
[SERVER] Received aircraft: 77DCC7 at 50.73,6.65
[SERVER] Received aircraft: 74C3B8 at 51.56,10.81
[SERVER] Received aircraft: 4BE1CE at 46.67,7.13
[SERVER] Received aircraft: 566A02 at 51.51,8.49
[SERVER] Received aircraft: 049452 at 51.85,4.09
[SERVER] Received aircraft: 08DF81 at 50.32,8.12
[SERVER] Received aircraft: C2FB51 at 47.46,7.00
[SERVER] Received aircraft: 356ED1 at 51.71,8.21
[SERVER] Received aircraft: A8269C at 49.90,7.82
[SERVER] Received aircraft: 6317DF at 47.85,4.22
[SERVER] Received aircraft: 58E57F at 48.73,11.65
[SERVER] Received aircraft: 3AB297 at 52.74,8.04
[SERVER] Received aircraft: 893F64 at 48.44,5.91
[SERVER] Received aircraft: 8683B3 at 51.33,10.80
[SERVER] Received aircraft: 95A8C5 at 50.59,9.73
[SERVER] Received aircraft: 16293A at 49.91,8.09
[SERVER] Received aircraft: A8E487 at 52.58,6.80
[SERVER] Received aircraft: A01356 at 52.25,7.45
[SORT-DEBUG] Received sort='callsign', asc='false', ascending=false, count=18
[SORT-DEBUG] After sorting by callsign (asc=false):
  [0] ICAO=893F64 Callsign=VP177 Alt=28455 Spd=239
  [1] ICAO=58E57F Callsign=SN559 Alt=25897 Spd=140
  [2] ICAO=566A02 Callsign=SD932 Alt=11889 Spd=155
[SERVER] Received aircraft: 77DCC7 at 50.73,6.65
[SERVER] Received aircraft: 74C3B8 at 51.56,10.81
[SERVER] Received aircraft: 4BE1CE at 46.67,7.13
[SERVER] Received aircraft: 566A02 at 51.51,8.49
[SERVER] Received aircraft: 049452 at 51.86,4.09
[SERVER] Received aircraft: 08DF81 at 50.32,8.12
[SERVER] Received aircraft: C2FB51 at 47.46,6.99
[SERVER] Received aircraft: 356ED1 at 51.71,8.21
[SERVER] Received aircraft: A8269C at 49.90,7.81
[SERVER] Received aircraft: 6317DF at 47.85,4.22
[SERVER] Received aircraft: 58E57F at 48.73,11.65
[SERVER] Received aircraft: 3AB297 at 52.74,8.04
[SERVER] Received aircraft: 893F64 at 48.44,5.91
[SERVER] Received aircraft: 8683B3 at 51.32,10.80
[SERVER] Received aircraft: 95A8C5 at 50.59,9.73
[SERVER] Received aircraft: 16293A at 49.92,8.10
[SERVER] Received aircraft: A8E487 at 52.58,6.80
[SERVER] Received aircraft: A01356 at 52.25,7.45
[SORT-DEBUG] Received sort='callsign', asc='false', ascending=false, count=18
[SORT-DEBUG] After sorting by callsign (asc=false):
  [0] ICAO=893F64 Callsign=VP177 Alt=28455 Spd=239
  [1] ICAO=58E57F Callsign=SN559 Alt=25897 Spd=140
  [2] ICAO=566A02 Callsign=SD932 Alt=11978 Spd=155
[SERVER] Received aircraft: 77DCC7 at 50.73,6.65
[SERVER] Received aircraft: 74C3B8 at 51.56,10.81
[SERVER] Received aircraft: 4BE1CE at 46.67,7.12
[SERVER] Received aircraft: 566A02 at 51.51,8.49
[SERVER] Received aircraft: 049452 at 51.86,4.09
[SERVER] Received aircraft: 08DF81 at 50.32,8.12
[SERVER] Received aircraft: C2FB51 at 47.46,6.99
[SERVER] Received aircraft: 356ED1 at 51.71,8.21
[SERVER] Received aircraft: A8269C at 49.90,7.81
[SERVER] Received aircraft: 6317DF at 47.85,4.22
[SERVER] Received aircraft: 58E57F at 48.73,11.65
[SERVER] Received aircraft: 3AB297 at 52.74,8.04
[SERVER] Received aircraft: 893F64 at 48.44,5.91
[SERVER] Received aircraft: 8683B3 at 51.32,10.80
[SERVER] Received aircraft: 95A8C5 at 50.59,9.73
[SERVER] Received aircraft: 16293A at 49.92,8.10
[SERVER] Received aircraft: A8E487 at 52.59,6.80
[SERVER] Received aircraft: A01356 at 52.25,7.45
[SORT-DEBUG] Received sort='callsign', asc='false', ascending=false, count=18
[SORT-DEBUG] After sorting by callsign (asc=false):
  [0] ICAO=893F64 Callsign=VP177 Alt=28455 Spd=234
  [1] ICAO=58E57F Callsign=SN559 Alt=25897 Spd=140
  [2] ICAO=566A02 Callsign=SD932 Alt=11961 Spd=155
[SERVER] Received aircraft: 77DCC7 at 50.73,6.65
[SERVER] Received aircraft: 74C3B8 at 51.56,10.80
[SERVER] Received aircraft: 4BE1CE at 46.67,7.12
[SERVER] Received aircraft: 566A02 at 51.51,8.49
[SERVER] Received aircraft: 049452 at 51.86,4.09
[SERVER] Received aircraft: 08DF81 at 50.32,8.12
[SERVER] Received aircraft: C2FB51 at 47.46,6.99
[SERVER] Received aircraft: 356ED1 at 51.72,8.21
[SERVER] Received aircraft: A8269C at 49.90,7.81
[SERVER] Received aircraft: 6317DF at 47.85,4.22
[SERVER] Received aircraft: 58E57F at 48.73,11.65
[SERVER] Received aircraft: 3AB297 at 52.74,8.04
[SERVER] Received aircraft: 893F64 at 48.44,5.91
[SERVER] Received aircraft: 8683B3 at 51.32,10.80
[SERVER] Received aircraft: 95A8C5 at 50.59,9.73
[SERVER] Received aircraft: 16293A at 49.92,8.10
[SERVER] Received aircraft: A8E487 at 52.59,6.80
[SERVER] Received aircraft: A01356 at 52.26,7.46
[SORT-DEBUG] Received sort='callsign', asc='false', ascending=false, count=18
[SORT-DEBUG] After sorting by callsign (asc=false):
  [0] ICAO=893F64 Callsign=VP177 Alt=28455 Spd=234
  [1] ICAO=58E57F Callsign=SN559 Alt=25897 Spd=140
  [2] ICAO=566A02 Callsign=SD932 Alt=11961 Spd=155
[SERVER] Received aircraft: 77DCC7 at 50.73,6.66
[SERVER] Received aircraft: 74C3B8 at 51.56,10.80
[SERVER] Received aircraft: 4BE1CE at 46.66,7.12
[SERVER] Received aircraft: 566A02 at 51.50,8.49
[SERVER] Received aircraft: 049452 at 51.86,4.08
[SERVER] Received aircraft: 08DF81 at 50.32,8.12
[SERVER] Received aircraft: C2FB51 at 47.46,6.99
[SERVER] Received aircraft: 356ED1 at 51.72,8.21
[SERVER] Received aircraft: A8269C at 49.90,7.80
[SERVER] Received aircraft: 6317DF at 47.84,4.22
[SERVER] Received aircraft: 58E57F at 48.73,11.65
[SERVER] Received aircraft: 3AB297 at 52.74,8.05
[SERVER] Received aircraft: 893F64 at 48.44,5.91
[SERVER] Received aircraft: 8683B3 at 51.32,10.80
[SERVER] Received aircraft: 95A8C5 at 50.59,9.73
[SERVER] Received aircraft: 16293A at 49.92,8.11
[SERVER] Received aircraft: A8E487 at 52.59,6.81
[SERVER] Received aircraft: A01356 at 52.26,7.46
[SORT-DEBUG] Received sort='callsign', asc='false', ascending=false, count=18
[SORT-DEBUG] After sorting by callsign (asc=false):
  [0] ICAO=893F64 Callsign=VP177 Alt=28455 Spd=234
  [1] ICAO=58E57F Callsign=SN559 Alt=25897 Spd=140
  [2] ICAO=566A02 Callsign=SD932 Alt=11961 Spd=156
[SERVER] Received aircraft: 77DCC7 at 50.73,6.66
[SERVER] Received aircraft: 74C3B8 at 51.56,10.80
[SERVER] Received aircraft: 4BE1CE at 46.66,7.12
[SERVER] Received aircraft: 566A02 at 51.50,8.49
[SERVER] Received aircraft: 049452 at 51.86,4.08
[SERVER] Received aircraft: 08DF81 at 50.33,8.12
[SERVER] Received aircraft: C2FB51 at 47.45,6.99
[SERVER] Received aircraft: 356ED1 at 51.72,8.22
[SERVER] Received aircraft: A8269C at 49.90,7.80
[SERVER] Received aircraft: 6317DF at 47.84,4.22
[SERVER] Received aircraft: 58E57F at 48.73,11.65
[SERVER] Received aircraft: 3AB297 at 52.74,8.05
[SERVER] Received aircraft: 893F64 at 48.44,5.91
[SERVER] Received aircraft: 8683B3 at 51.32,10.80
[SERVER] Received aircraft: 95A8C5 at 50.60,9.73
[SERVER] Received aircraft: 16293A at 49.92,8.11
[SERVER] Received aircraft: A8E487 at 52.59,6.81
[SERVER] Received aircraft: A01356 at 52.26,7.46
[SORT-DEBUG] Received sort='callsign', asc='false', ascending=false, count=18
[SORT-DEBUG] After sorting by callsign (asc=false):
  [0] ICAO=893F64 Callsign=VP177 Alt=28455 Spd=234
  [1] ICAO=58E57F Callsign=SN559 Alt=25897 Spd=140
  [2] ICAO=566A02 Callsign=SD932 Alt=11961 Spd=156
[SERVER] Received aircraft: 77DCC7 at 50.73,6.66
[SERVER] Received aircraft: 74C3B8 at 51.56,10.80
[SERVER] Received aircraft: 4BE1CE at 46.66,7.12
[SERVER] Received aircraft: 566A02 at 51.50,8.49
[SERVER] Received aircraft: 049452 at 51.86,4.08
[SERVER] Received aircraft: 08DF81 at 50.33,8.12
[SERVER] Received aircraft: C2FB51 at 47.45,6.99
[SERVER] Received aircraft: 356ED1 at 51.72,8.22
[SERVER] Received aircraft: A8269C at 49.90,7.80
[SERVER] Received aircraft: 6317DF at 47.84,4.22
[SERVER] Received aircraft: 58E57F at 48.73,11.65
[SERVER] Received aircraft: 3AB297 at 52.75,8.05
[SERVER] Received aircraft: 893F64 at 48.44,5.91
[SERVER] Received aircraft: 8683B3 at 51.32,10.80
[SERVER] Received aircraft: 95A8C5 at 50.60,9.73
[SERVER] Received aircraft: 16293A at 49.92,8.12
[SERVER] Received aircraft: A8E487 at 52.59,6.81
[SERVER] Received aircraft: A01356 at 52.26,7.47
[SORT-DEBUG] Received sort='callsign', asc='false', ascending=false, count=18
[SORT-DEBUG] After sorting by callsign (asc=false):
  [0] ICAO=893F64 Callsign=VP177 Alt=28455 Spd=234
  [1] ICAO=58E57F Callsign=SN559 Alt=25897 Spd=140
  [2] ICAO=566A02 Callsign=SD932 Alt=11961 Spd=156
[SERVER] Received aircraft: 77DCC7 at 50.73,6.66
[SERVER] Received aircraft: 74C3B8 at 51.56,10.80
[SERVER] Received aircraft: 4BE1CE at 46.66,7.12
[SERVER] Received aircraft: 566A02 at 51.50,8.49
[SERVER] Received aircraft: 049452 at 51.86,4.08
[SERVER] Received aircraft: 08DF81 at 50.33,8.12
[SERVER] Received aircraft: C2FB51 at 47.45,6.99
[SERVER] Received aircraft: 356ED1 at 51.72,8.22
[SERVER] Received aircraft: A8269C at 49.90,7.79
[SERVER] Received aircraft: 6317DF at 47.84,4.22
[SERVER] Received aircraft: 58E57F at 48.73,11.65
[SERVER] Received aircraft: 3AB297 at 52.75,8.06
[SERVER] Received aircraft: 893F64 at 48.45,5.91
[SERVER] Received aircraft: 8683B3 at 51.32,10.80
[SERVER] Received aircraft: 95A8C5 at 50.60,9.73
[SERVER] Received aircraft: 16293A at 49.92,8.12
[SERVER] Received aircraft: A8E487 at 52.59,6.82
[SERVER] Received aircraft: A01356 at 52.26,7.47
[SORT-DEBUG] Received sort='callsign', asc='false', ascending=false, count=18
[SORT-DEBUG] After sorting by callsign (asc=false):
  [0] ICAO=893F64 Callsign=VP177 Alt=28455 Spd=234
  [1] ICAO=58E57F Callsign=SN559 Alt=25897 Spd=140
  [2] ICAO=566A02 Callsign=SD932 Alt=12054 Spd=156
[SERVER] Received aircraft: 77DCC7 at 50.73,6.66
[SERVER] Received aircraft: 74C3B8 at 51.56,10.80
[SERVER] Received aircraft: 4BE1CE at 46.66,7.11
[SERVER] Received aircraft: 566A02 at 51.50,8.49
[SERVER] Received aircraft: 049452 at 51.87,4.08
[SERVER] Received aircraft: 08DF81 at 50.33,8.12
[SERVER] Received aircraft: C2FB51 at 47.45,6.99
[SERVER] Received aircraft: 356ED1 at 51.72,8.22
[SERVER] Received aircraft: A8269C at 49.90,7.79
[SERVER] Received aircraft: 6317DF at 47.84,4.22
[SERVER] Received aircraft: 58E57F at 48.73,11.65
[SERVER] Received aircraft: 3AB297 at 52.75,8.06
[SERVER] Received aircraft: 893F64 at 48.45,5.91
[SERVER] Received aircraft: 8683B3 at 51.31,10.80
[SERVER] Received aircraft: 95A8C5 at 50.60,9.73
[SERVER] Received aircraft: 16293A at 49.93,8.12
[SERVER] Received aircraft: A8E487 at 52.59,6.82
[SERVER] Received aircraft: A01356 at 52.26,7.48
[SORT-DEBUG] Received sort='callsign', asc='false', ascending=false, count=18
[SORT-DEBUG] After sorting by callsign (asc=false):
  [0] ICAO=893F64 Callsign=VP177 Alt=28455 Spd=234
  [1] ICAO=58E57F Callsign=SN559 Alt=25897 Spd=140
  [2] ICAO=566A02 Callsign=SD932 Alt=12054 Spd=156
[SERVER] Received aircraft: 77DCC7 at 50.73,6.66
[SERVER] Received aircraft: 74C3B8 at 51.56,10.79
[SERVER] Received aircraft: 4BE1CE at 46.66,7.11
[SERVER] Received aircraft: 566A02 at 51.50,8.49
[SERVER] Received aircraft: 049452 at 51.87,4.08
[SERVER] Received aircraft: 08DF81 at 50.33,8.12
[SERVER] Received aircraft: C2FB51 at 47.45,6.99
[SERVER] Received aircraft: 356ED1 at 51.72,8.22
[SERVER] Received aircraft: A8269C at 49.90,7.79
[SERVER] Received aircraft: 6317DF at 47.83,4.22
[SERVER] Received aircraft: 58E57F at 48.73,11.65
[SERVER] Received aircraft: 3AB297 at 52.75,8.06
[SERVER] Received aircraft: 893F64 at 48.45,5.91
[SERVER] Received aircraft: 8683B3 at 51.31,10.80
[SERVER] Received aircraft: 95A8C5 at 50.60,9.73
[SERVER] Received aircraft: 16293A at 49.93,8.13
[SERVER] Received aircraft: A8E487 at 52.59,6.82
[SERVER] Received aircraft: A01356 at 52.26,7.48
[SORT-DEBUG] Received sort='callsign', asc='false', ascending=false, count=18
[SORT-DEBUG] After sorting by callsign (asc=false):
  [0] ICAO=893F64 Callsign=VP177 Alt=28455 Spd=229
  [1] ICAO=58E57F Callsign=SN559 Alt=25897 Spd=141
  [2] ICAO=566A02 Callsign=SD932 Alt=12054 Spd=156
[SERVER] Received aircraft: 77DCC7 at 50.73,6.67
[SERVER] Received aircraft: 74C3B8 at 51.56,10.79
[SERVER] Received aircraft: 4BE1CE at 46.65,7.11
[SERVER] Received aircraft: 566A02 at 51.50,8.49
[SERVER] Received aircraft: 049452 at 51.87,4.08
[SERVER] Received aircraft: 08DF81 at 50.33,8.11
[SERVER] Received aircraft: C2FB51 at 47.45,6.99
[SERVER] Received aircraft: 356ED1 at 51.72,8.22
[SERVER] Received aircraft: A8269C at 49.90,7.78
[SERVER] Received aircraft: 6317DF at 47.83,4.22
[SERVER] Received aircraft: 58E57F at 48.74,11.66
[SERVER] Received aircraft: 3AB297 at 52.75,8.06
[SERVER] Received aircraft: 893F64 at 48.45,5.91
[SERVER] Received aircraft: 8683B3 at 51.31,10.80
[SERVER] Received aircraft: 95A8C5 at 50.60,9.73
[SERVER] Received aircraft: 16293A at 49.93,8.13
[SERVER] Received aircraft: A8E487 at 52.59,6.83
[SERVER] Received aircraft: A01356 at 52.26,7.48
[SORT-DEBUG] Received sort='callsign', asc='false', ascending=false, count=18
[SORT-DEBUG] After sorting by callsign (asc=false):
  [0] ICAO=893F64 Callsign=VP177 Alt=28455 Spd=229
  [1] ICAO=58E57F Callsign=SN559 Alt=25897 Spd=141
  [2] ICAO=566A02 Callsign=SD932 Alt=12054 Spd=156
[SERVER] Received aircraft: 77DCC7 at 50.73,6.67
[SERVER] Received aircraft: 74C3B8 at 51.56,10.79
[SERVER] Received aircraft: 4BE1CE at 46.65,7.11
[SERVER] Received aircraft: 566A02 at 51.50,8.49
[SERVER] Received aircraft: 049452 at 51.87,4.08
[SERVER] Received aircraft: 08DF81 at 50.34,8.11
[SERVER] Received aircraft: C2FB51 at 47.44,6.99
[SERVER] Received aircraft: 356ED1 at 51.72,8.22
[SERVER] Received aircraft: A8269C at 49.90,7.78
[SERVER] Received aircraft: 6317DF at 47.83,4.22
[SERVER] Received aircraft: 58E57F at 48.74,11.66
[SERVER] Received aircraft: 3AB297 at 52.75,8.07
[SERVER] Received aircraft: 893F64 at 48.45,5.91
[SERVER] Received aircraft: 8683B3 at 51.31,10.80
[SERVER] Received aircraft: 95A8C5 at 50.61,9.73
[SERVER] Received aircraft: 16293A at 49.93,8.13
[SERVER] Received aircraft: A8E487 at 52.59,6.83
[SERVER] Received aircraft: A01356 at 52.27,7.49
[SORT-DEBUG] Received sort='callsign', asc='false', ascending=false, count=18
[SORT-DEBUG] After sorting by callsign (asc=false):
  [0] ICAO=893F64 Callsign=VP177 Alt=28455 Spd=229
  [1] ICAO=58E57F Callsign=SN559 Alt=25897 Spd=141
  [2] ICAO=566A02 Callsign=SD932 Alt=12054 Spd=156
[SERVER] Received aircraft: 77DCC7 at 50.73,6.67
[SERVER] Received aircraft: 74C3B8 at 51.56,10.79
[SERVER] Received aircraft: 4BE1CE at 46.65,7.11
[SERVER] Received aircraft: 566A02 at 51.50,8.49
[SERVER] Received aircraft: 049452 at 51.87,4.08
[SERVER] Received aircraft: 08DF81 at 50.34,8.11
[SERVER] Received aircraft: C2FB51 at 47.44,6.99
[SERVER] Received aircraft: 356ED1 at 51.72,8.23
[SERVER] Received aircraft: A8269C at 49.90,7.78
[SERVER] Received aircraft: 6317DF at 47.83,4.22
[SERVER] Received aircraft: 58E57F at 48.74,11.66
[SERVER] Received aircraft: 3AB297 at 52.75,8.07
[SERVER] Received aircraft: 893F64 at 48.45,5.92
[SERVER] Received aircraft: 8683B3 at 51.31,10.80
[SERVER] Received aircraft: 95A8C5 at 50.61,9.72
[SERVER] Received aircraft: 16293A at 49.93,8.14
[SERVER] Received aircraft: A8E487 at 52.59,6.83
[SERVER] Received aircraft: A01356 at 52.27,7.49
[SORT-DEBUG] Received sort='callsign', asc='false', ascending=false, count=18
[SORT-DEBUG] After sorting by callsign (asc=false):
  [0] ICAO=893F64 Callsign=VP177 Alt=28455 Spd=229
  [1] ICAO=58E57F Callsign=SN559 Alt=25897 Spd=141
  [2] ICAO=566A02 Callsign=SD932 Alt=12054 Spd=156
[SERVER] Received aircraft: 77DCC7 at 50.73,6.67
[SERVER] Received aircraft: 74C3B8 at 51.56,10.79
[SERVER] Received aircraft: 4BE1CE at 46.65,7.11
[SERVER] Received aircraft: 566A02 at 51.50,8.49
[SERVER] Received aircraft: 049452 at 51.87,4.08
[SERVER] Received aircraft: 08DF81 at 50.34,8.11
[SERVER] Received aircraft: C2FB51 at 47.44,6.99
[SERVER] Received aircraft: 356ED1 at 51.72,8.23
[SERVER] Received aircraft: A8269C at 49.90,7.77
[SERVER] Received aircraft: 6317DF at 47.83,4.22
[SERVER] Received aircraft: 58E57F at 48.74,11.66
[SERVER] Received aircraft: 3AB297 at 52.75,8.07
[SERVER] Received aircraft: 893F64 at 48.45,5.92
[SERVER] Received aircraft: 8683B3 at 51.31,10.79
[SERVER] Received aircraft: 95A8C5 at 50.61,9.72
[SERVER] Received aircraft: 16293A at 49.93,8.14
[SERVER] Received aircraft: A8E487 at 52.59,6.83
[SERVER] Received aircraft: A01356 at 52.27,7.49
[SORT-DEBUG] Received sort='callsign', asc='false', ascending=false, count=18
[SORT-DEBUG] After sorting by callsign (asc=false):
  [0] ICAO=893F64 Callsign=VP177 Alt=28455 Spd=229
  [1] ICAO=58E57F Callsign=SN559 Alt=25897 Spd=141
  [2] ICAO=566A02 Callsign=SD932 Alt=12054 Spd=156
[SERVER] Received aircraft: 77DCC7 at 50.73,6.67
[SERVER] Received aircraft: 74C3B8 at 51.56,10.79
[SERVER] Received aircraft: 4BE1CE at 46.65,7.10
[SERVER] Received aircraft: 566A02 at 51.50,8.49
[SERVER] Received aircraft: 049452 at 51.87,4.08
[SERVER] Received aircraft: 08DF81 at 50.34,8.11
[SERVER] Received aircraft: C2FB51 at 47.44,6.98
[SERVER] Received aircraft: 356ED1 at 51.72,8.23
[SERVER] Received aircraft: A8269C at 49.90,7.77
[SERVER] Received aircraft: 6317DF at 47.83,4.22
[SERVER] Received aircraft: 58E57F at 48.74,11.66
[SERVER] Received aircraft: 3AB297 at 52.75,8.07
[SERVER] Received aircraft: 893F64 at 48.45,5.92
[SERVER] Received aircraft: 8683B3 at 51.31,10.79
[SERVER] Received aircraft: 95A8C5 at 50.61,9.72
[SERVER] Received aircraft: 16293A at 49.93,8.15
[SERVER] Received aircraft: A8E487 at 52.59,6.84
[SERVER] Received aircraft: A01356 at 52.27,7.50
[SORT-DEBUG] Received sort='callsign', asc='false', ascending=false, count=18
[SORT-DEBUG] After sorting by callsign (asc=false):
  [0] ICAO=893F64 Callsign=VP177 Alt=28455 Spd=229
  [1] ICAO=58E57F Callsign=SN559 Alt=25897 Spd=141
  [2] ICAO=566A02 Callsign=SD932 Alt=12054 Spd=156
[SERVER] Received aircraft: 77DCC7 at 50.73,6.68
[SERVER] Received aircraft: 74C3B8 at 51.56,10.78
[SERVER] Received aircraft: 4BE1CE at 46.64,7.10
[SERVER] Received aircraft: 566A02 at 51.50,8.49
[SERVER] Received aircraft: 049452 at 51.88,4.08
[SERVER] Received aircraft: 08DF81 at 50.34,8.11
[SERVER] Received aircraft: C2FB51 at 47.44,6.98
[SERVER] Received aircraft: 356ED1 at 51.72,8.23
[SERVER] Received aircraft: A8269C at 49.90,7.77
[SERVER] Received aircraft: 6317DF at 47.82,4.22
[SERVER] Received aircraft: 58E57F at 48.74,11.66
[SERVER] Received aircraft: 3AB297 at 52.75,8.08
[SERVER] Received aircraft: 893F64 at 48.45,5.92
[SERVER] Received aircraft: 8683B3 at 51.31,10.79
[SERVER] Received aircraft: 95A8C5 at 50.61,9.72
[SERVER] Received aircraft: 16293A at 49.94,8.15
[SERVER] Received aircraft: A8E487 at 52.59,6.84
[SERVER] Received aircraft: A01356 at 52.27,7.50
[SORT-DEBUG] Received sort='callsign', asc='false', ascending=false, count=18
[SORT-DEBUG] After sorting by callsign (asc=false):
  [0] ICAO=893F64 Callsign=VP177 Alt=28455 Spd=229
  [1] ICAO=58E57F Callsign=SN559 Alt=25858 Spd=141
  [2] ICAO=566A02 Callsign=SD932 Alt=12054 Spd=156
[SERVER] Received aircraft: 77DCC7 at 50.73,6.68
[SERVER] Received aircraft: 74C3B8 at 51.57,10.78
[SERVER] Received aircraft: 4BE1CE at 46.64,7.10
[SERVER] Received aircraft: 566A02 at 51.50,8.49
[SERVER] Received aircraft: 049452 at 51.88,4.08
[SERVER] Received aircraft: 08DF81 at 50.34,8.11
[SERVER] Received aircraft: C2FB51 at 47.43,6.98
[SERVER] Received aircraft: 356ED1 at 51.72,8.23
[SERVER] Received aircraft: A8269C at 49.90,7.76
[SERVER] Received aircraft: 6317DF at 47.82,4.22
[SERVER] Received aircraft: 58E57F at 48.74,11.66
[SERVER] Received aircraft: 3AB297 at 52.75,8.08
[SERVER] Received aircraft: 893F64 at 48.45,5.92
[SERVER] Received aircraft: 8683B3 at 51.30,10.79
[SERVER] Received aircraft: 95A8C5 at 50.61,9.72
[SERVER] Received aircraft: 16293A at 49.94,8.15
[SERVER] Received aircraft: A8E487 at 52.59,6.84
[SERVER] Received aircraft: A01356 at 52.27,7.51
[SORT-DEBUG] Received sort='callsign', asc='false', ascending=false, count=18
[SORT-DEBUG] After sorting by callsign (asc=false):
  [0] ICAO=893F64 Callsign=VP177 Alt=28455 Spd=229
  [1] ICAO=58E57F Callsign=SN559 Alt=25858 Spd=141
  [2] ICAO=566A02 Callsign=SD932 Alt=12054 Spd=156
[SERVER] Received aircraft: 77DCC7 at 50.73,6.68
[SERVER] Received aircraft: 74C3B8 at 51.57,10.78
[SERVER] Received aircraft: 4BE1CE at 46.64,7.10
[SERVER] Received aircraft: 566A02 at 51.50,8.49
[SERVER] Received aircraft: 049452 at 51.88,4.08
[SERVER] Received aircraft: 08DF81 at 50.34,8.11
[SERVER] Received aircraft: C2FB51 at 47.43,6.98
[SERVER] Received aircraft: 356ED1 at 51.72,8.23
[SERVER] Received aircraft: A8269C at 49.90,7.76
[SERVER] Received aircraft: 6317DF at 47.82,4.22
[SERVER] Received aircraft: 58E57F at 48.74,11.66
[SERVER] Received aircraft: 3AB297 at 52.75,8.08
[SERVER] Received aircraft: 893F64 at 48.46,5.92
[SERVER] Received aircraft: 8683B3 at 51.30,10.79
[SERVER] Received aircraft: 95A8C5 at 50.62,9.72
[SERVER] Received aircraft: 16293A at 49.94,8.16
[SERVER] Received aircraft: A8E487 at 52.59,6.85
[SERVER] Received aircraft: A01356 at 52.27,7.51
[SORT-DEBUG] Received sort='callsign', asc='false', ascending=false, count=18
[SORT-DEBUG] After sorting by callsign (asc=false):
  [0] ICAO=893F64 Callsign=VP177 Alt=28455 Spd=229
  [1] ICAO=58E57F Callsign=SN559 Alt=25949 Spd=141
  [2] ICAO=566A02 Callsign=SD932 Alt=12140 Spd=156
[SERVER] Received aircraft: 77DCC7 at 50.73,6.68
[SERVER] Received aircraft: 74C3B8 at 51.57,10.78
[SERVER] Received aircraft: 4BE1CE at 46.64,7.10
[SERVER] Received aircraft: 566A02 at 51.49,8.49
[SERVER] Received aircraft: 049452 at 51.88,4.08
[SERVER] Received aircraft: 08DF81 at 50.35,8.11
[SERVER] Received aircraft: C2FB51 at 47.43,6.98
[SERVER] Received aircraft: 356ED1 at 51.72,8.23
[SERVER] Received aircraft: A8269C at 49.90,7.76
[SERVER] Received aircraft: 6317DF at 47.82,4.22
[SERVER] Received aircraft: 58E57F at 48.74,11.66
[SERVER] Received aircraft: 3AB297 at 52.75,8.08
[SERVER] Received aircraft: 893F64 at 48.46,5.92
[SERVER] Received aircraft: 8683B3 at 51.30,10.79
[SERVER] Received aircraft: 95A8C5 at 50.62,9.72
[SERVER] Received aircraft: 16293A at 49.94,8.16
[SERVER] Received aircraft: A8E487 at 52.59,6.85
[SERVER] Received aircraft: A01356 at 52.27,7.51
[SORT-DEBUG] Received sort='callsign', asc='false', ascending=false, count=18
[SORT-DEBUG] After sorting by callsign (asc=false):
  [0] ICAO=893F64 Callsign=VP177 Alt=28455 Spd=229
  [1] ICAO=58E57F Callsign=SN559 Alt=25925 Spd=141
  [2] ICAO=566A02 Callsign=SD932 Alt=12140 Spd=156
[SERVER] Received aircraft: 77DCC7 at 50.73,6.68
[SERVER] Received aircraft: 74C3B8 at 51.57,10.78
[SERVER] Received aircraft: 4BE1CE at 46.64,7.10
[SERVER] Received aircraft: 566A02 at 51.49,8.49
[SERVER] Received aircraft: 049452 at 51.88,4.08
[SERVER] Received aircraft: 08DF81 at 50.35,8.11
[SERVER] Received aircraft: C2FB51 at 47.43,6.98
[SERVER] Received aircraft: 356ED1 at 51.72,8.23
[SERVER] Received aircraft: A8269C at 49.90,7.75
[SERVER] Received aircraft: 6317DF at 47.82,4.21
[SERVER] Received aircraft: 58E57F at 48.74,11.66
[SERVER] Received aircraft: 3AB297 at 52.75,8.09
[SERVER] Received aircraft: 893F64 at 48.46,5.92
[SERVER] Received aircraft: 8683B3 at 51.30,10.79
[SERVER] Received aircraft: 95A8C5 at 50.62,9.72
[SERVER] Received aircraft: 16293A at 49.94,8.17
[SERVER] Received aircraft: A8E487 at 52.59,6.85
[SERVER] Received aircraft: A01356 at 52.27,7.52
[SORT-DEBUG] Received sort='callsign', asc='false', ascending=false, count=18
[SORT-DEBUG] After sorting by callsign (asc=false):
  [0] ICAO=893F64 Callsign=VP177 Alt=28421 Spd=229
  [1] ICAO=58E57F Callsign=SN559 Alt=25878 Spd=141
  [2] ICAO=566A02 Callsign=SD932 Alt=12140 Spd=156
[SERVER] Received aircraft: 77DCC7 at 50.73,6.68
[SERVER] Received aircraft: 74C3B8 at 51.57,10.78
[SERVER] Received aircraft: 4BE1CE at 46.64,7.09
[SERVER] Received aircraft: 566A02 at 51.49,8.49
[SERVER] Received aircraft: 049452 at 51.88,4.07
[SERVER] Received aircraft: 08DF81 at 50.35,8.11
[SERVER] Received aircraft: C2FB51 at 47.43,6.98
[SERVER] Received aircraft: 356ED1 at 51.72,8.24
[SERVER] Received aircraft: A8269C at 49.90,7.75
[SERVER] Received aircraft: 6317DF at 47.81,4.21
[SERVER] Received aircraft: 58E57F at 48.74,11.66
[SERVER] Received aircraft: 3AB297 at 52.75,8.09
[SERVER] Received aircraft: 893F64 at 48.46,5.92
[SERVER] Received aircraft: 8683B3 at 51.30,10.79
[SERVER] Received aircraft: 95A8C5 at 50.62,9.72
[SERVER] Received aircraft: 16293A at 49.94,8.17
[SERVER] Received aircraft: A8E487 at 52.59,6.86
[SERVER] Received aircraft: A01356 at 52.27,7.52
[SORT-DEBUG] Received sort='callsign', asc='false', ascending=false, count=18
[SORT-DEBUG] After sorting by callsign (asc=false):
  [0] ICAO=893F64 Callsign=VP177 Alt=28421 Spd=229
  [1] ICAO=58E57F Callsign=SN559 Alt=25878 Spd=141
  [2] ICAO=566A02 Callsign=SD932 Alt=12140 Spd=158
[SERVER] Received aircraft: 77DCC7 at 50.73,6.69
[SERVER] Received aircraft: 74C3B8 at 51.57,10.77
[SERVER] Received aircraft: 4BE1CE at 46.63,7.09
[SERVER] Received aircraft: 566A02 at 51.49,8.49
[SERVER] Received aircraft: 049452 at 51.89,4.07
[SERVER] Received aircraft: 08DF81 at 50.35,8.11
[SERVER] Received aircraft: C2FB51 at 47.43,6.98
[SERVER] Received aircraft: 356ED1 at 51.72,8.24
[SERVER] Received aircraft: A8269C at 49.90,7.75
[SERVER] Received aircraft: 6317DF at 47.81,4.21
[SERVER] Received aircraft: 58E57F at 48.74,11.66
[SERVER] Received aircraft: 3AB297 at 52.76,8.09
[SERVER] Received aircraft: 893F64 at 48.46,5.92
[SERVER] Received aircraft: 8683B3 at 51.30,10.79
[SERVER] Received aircraft: 95A8C5 at 50.62,9.72
[SERVER] Received aircraft: 16293A at 49.94,8.17
[SERVER] Received aircraft: A8E487 at 52.59,6.86
[SERVER] Received aircraft: A01356 at 52.27,7.53
[SORT-DEBUG] Received sort='callsign', asc='false', ascending=false, count=18
[SORT-DEBUG] After sorting by callsign (asc=false):
  [0] ICAO=893F64 Callsign=VP177 Alt=28421 Spd=229
  [1] ICAO=58E57F Callsign=SN559 Alt=25878 Spd=141
  [2] ICAO=566A02 Callsign=SD932 Alt=12140 Spd=158
[SERVER] Received aircraft: 77DCC7 at 50.73,6.69
[SERVER] Received aircraft: 74C3B8 at 51.57,10.77
[SERVER] Received aircraft: 4BE1CE at 46.63,7.09
[SERVER] Received aircraft: 566A02 at 51.49,8.49
[SERVER] Received aircraft: 049452 at 51.89,4.07
[SERVER] Received aircraft: 08DF81 at 50.35,8.11
[SERVER] Received aircraft: C2FB51 at 47.42,6.98
[SERVER] Received aircraft: 356ED1 at 51.73,8.24
[SERVER] Received aircraft: A8269C at 49.91,7.74
[SERVER] Received aircraft: 6317DF at 47.81,4.21
[SERVER] Received aircraft: 58E57F at 48.74,11.66
[SERVER] Received aircraft: 3AB297 at 52.76,8.09
[SERVER] Received aircraft: 893F64 at 48.46,5.92
[SERVER] Received aircraft: 8683B3 at 51.30,10.79
[SERVER] Received aircraft: 95A8C5 at 50.62,9.72
[SERVER] Received aircraft: 16293A at 49.95,8.18
[SERVER] Received aircraft: A8E487 at 52.59,6.86
[SERVER] Received aircraft: A01356 at 52.28,7.53
[SORT-DEBUG] Received sort='callsign', asc='false', ascending=false, count=18
[SORT-DEBUG] After sorting by callsign (asc=false):
  [0] ICAO=893F64 Callsign=VP177 Alt=28421 Spd=229
  [1] ICAO=58E57F Callsign=SN559 Alt=25878 Spd=141
  [2] ICAO=566A02 Callsign=SD932 Alt=12140 Spd=158
[SERVER] Received aircraft: 77DCC7 at 50.73,6.69
[SERVER] Received aircraft: 74C3B8 at 51.57,10.77
[SERVER] Received aircraft: 4BE1CE at 46.63,7.09
[SERVER] Received aircraft: 566A02 at 51.49,8.49
[SERVER] Received aircraft: 049452 at 51.89,4.07
[SERVER] Received aircraft: 08DF81 at 50.35,8.11
[SERVER] Received aircraft: C2FB51 at 47.42,6.98
[SERVER] Received aircraft: 356ED1 at 51.73,8.24
[SERVER] Received aircraft: A8269C at 49.91,7.74
[SERVER] Received aircraft: 6317DF at 47.81,4.21
[SERVER] Received aircraft: 58E57F at 48.74,11.66
[SERVER] Received aircraft: 3AB297 at 52.76,8.10
[SERVER] Received aircraft: 893F64 at 48.46,5.92
[SERVER] Received aircraft: 8683B3 at 51.30,10.79
[SERVER] Received aircraft: 95A8C5 at 50.63,9.72
[SERVER] Received aircraft: 16293A at 49.95,8.18
[SERVER] Received aircraft: A8E487 at 52.59,6.86
[SERVER] Received aircraft: A01356 at 52.28,7.53
[SORT-DEBUG] Received sort='callsign', asc='false', ascending=false, count=18
[SORT-DEBUG] After sorting by callsign (asc=false):
  [0] ICAO=893F64 Callsign=VP177 Alt=28428 Spd=229
  [1] ICAO=58E57F Callsign=SN559 Alt=25878 Spd=141
  [2] ICAO=566A02 Callsign=SD932 Alt=12140 Spd=158
[SERVER] Received aircraft: 77DCC7 at 50.73,6.69
[SERVER] Received aircraft: 74C3B8 at 51.57,10.77
[SERVER] Received aircraft: 4BE1CE at 46.63,7.09
[SERVER] Received aircraft: 566A02 at 51.49,8.49
[SERVER] Received aircraft: 049452 at 51.89,4.07
[SERVER] Received aircraft: 08DF81 at 50.35,8.11
[SERVER] Received aircraft: C2FB51 at 47.42,6.98
[SERVER] Received aircraft: 356ED1 at 51.73,8.24
[SERVER] Received aircraft: A8269C at 49.91,7.74
[SERVER] Received aircraft: 6317DF at 47.81,4.21
[SERVER] Received aircraft: 58E57F at 48.74,11.67
[SERVER] Received aircraft: 3AB297 at 52.76,8.10
[SERVER] Received aircraft: 893F64 at 48.46,5.92
[SERVER] Received aircraft: 8683B3 at 51.29,10.79
[SERVER] Received aircraft: 95A8C5 at 50.63,9.72
[SERVER] Received aircraft: 16293A at 49.95,8.18
[SERVER] Received aircraft: A8E487 at 52.59,6.87
[SERVER] Received aircraft: A01356 at 52.28,7.54
[SORT-DEBUG] Received sort='callsign', asc='false', ascending=false, count=18
[SORT-DEBUG] After sorting by callsign (asc=false):
  [0] ICAO=893F64 Callsign=VP177 Alt=28428 Spd=229
  [1] ICAO=58E57F Callsign=SN559 Alt=25878 Spd=141
  [2] ICAO=566A02 Callsign=SD932 Alt=12140 Spd=157
[SERVER] Received aircraft: 77DCC7 at 50.73,6.69
[SERVER] Received aircraft: 74C3B8 at 51.57,10.77
[SERVER] Received aircraft: 4BE1CE at 46.63,7.09
[SERVER] Received aircraft: 566A02 at 51.49,8.49
[SERVER] Received aircraft: 049452 at 51.89,4.07
[SERVER] Received aircraft: 08DF81 at 50.36,8.11
[SERVER] Received aircraft: C2FB51 at 47.42,6.98
[SERVER] Received aircraft: 356ED1 at 51.73,8.24
[SERVER] Received aircraft: A8269C at 49.91,7.73
[SERVER] Received aircraft: 6317DF at 47.80,4.21
[SERVER] Received aircraft: 58E57F at 48.74,11.67
[SERVER] Received aircraft: 3AB297 at 52.76,8.10
[SERVER] Received aircraft: 893F64 at 48.46,5.92
[SERVER] Received aircraft: 8683B3 at 51.29,10.79
[SERVER] Received aircraft: 95A8C5 at 50.63,9.72
[SERVER] Received aircraft: 16293A at 49.95,8.19
[SERVER] Received aircraft: A8E487 at 52.59,6.87
[SERVER] Received aircraft: A01356 at 52.28,7.54
[SORT-DEBUG] Received sort='callsign', asc='false', ascending=false, count=18
[SORT-DEBUG] After sorting by callsign (asc=false):
  [0] ICAO=893F64 Callsign=VP177 Alt=28428 Spd=229
  [1] ICAO=58E57F Callsign=SN559 Alt=25878 Spd=141
  [2] ICAO=566A02 Callsign=SD932 Alt=12140 Spd=154
[SERVER] Received aircraft: 77DCC7 at 50.73,6.70
[SERVER] Received aircraft: 74C3B8 at 51.57,10.77
[SERVER] Received aircraft: 4BE1CE at 46.63,7.08
[SERVER] Received aircraft: 566A02 at 51.49,8.49
[SERVER] Received aircraft: 049452 at 51.89,4.07
[SERVER] Received aircraft: 08DF81 at 50.36,8.11
[SERVER] Received aircraft: C2FB51 at 47.42,6.97
[SERVER] Received aircraft: 356ED1 at 51.73,8.24
[SERVER] Received aircraft: A8269C at 49.91,7.73
[SERVER] Received aircraft: 6317DF at 47.80,4.21
[SERVER] Received aircraft: 58E57F at 48.74,11.67
[SERVER] Received aircraft: 3AB297 at 52.76,8.10
[SERVER] Received aircraft: 893F64 at 48.47,5.92
[SERVER] Received aircraft: 8683B3 at 51.29,10.79
[SERVER] Received aircraft: 95A8C5 at 50.63,9.72
[SERVER] Received aircraft: 16293A at 49.95,8.19
[SERVER] Received aircraft: A8E487 at 52.59,6.87
[SERVER] Received aircraft: A01356 at 52.28,7.54
[SORT-DEBUG] Received sort='callsign', asc='false', ascending=false, count=18
[SORT-DEBUG] After sorting by callsign (asc=false):
  [0] ICAO=893F64 Callsign=VP177 Alt=28487 Spd=229
  [1] ICAO=58E57F Callsign=SN559 Alt=25878 Spd=141
  [2] ICAO=566A02 Callsign=SD932 Alt=12053 Spd=156
[SERVER] Received aircraft: 77DCC7 at 50.73,6.70
[SERVER] Received aircraft: 74C3B8 at 51.57,10.76
[SERVER] Received aircraft: 4BE1CE at 46.62,7.08
[SERVER] Received aircraft: 566A02 at 51.49,8.49
[SERVER] Received aircraft: 049452 at 51.89,4.07
[SERVER] Received aircraft: 08DF81 at 50.36,8.11
[SERVER] Received aircraft: C2FB51 at 47.41,6.97
[SERVER] Received aircraft: 356ED1 at 51.73,8.25
[SERVER] Received aircraft: A8269C at 49.91,7.73
[SERVER] Received aircraft: 6317DF at 47.80,4.21
[SERVER] Received aircraft: 58E57F at 48.74,11.67
[SERVER] Received aircraft: 3AB297 at 52.76,8.11
[SERVER] Received aircraft: 893F64 at 48.47,5.92
[SERVER] Received aircraft: 8683B3 at 51.29,10.79
[SERVER] Received aircraft: 95A8C5 at 50.63,9.71
[SERVER] Received aircraft: 16293A at 49.95,8.20
[SERVER] Received aircraft: A8E487 at 52.60,6.88
[SERVER] Received aircraft: A01356 at 52.28,7.55
[SORT-DEBUG] Received sort='callsign', asc='false', ascending=false, count=18
[SORT-DEBUG] After sorting by callsign (asc=false):
  [0] ICAO=893F64 Callsign=VP177 Alt=28487 Spd=229
  [1] ICAO=58E57F Callsign=SN559 Alt=25878 Spd=141
  [2] ICAO=566A02 Callsign=SD932 Alt=12053 Spd=156
[SERVER] Received aircraft: 77DCC7 at 50.73,6.70
[SERVER] Received aircraft: 74C3B8 at 51.57,10.76
[SERVER] Received aircraft: 4BE1CE at 46.62,7.08
[SERVER] Received aircraft: 566A02 at 51.49,8.49
[SERVER] Received aircraft: 049452 at 51.90,4.07
[SERVER] Received aircraft: 08DF81 at 50.36,8.11
[SERVER] Received aircraft: C2FB51 at 47.41,6.97
[SERVER] Received aircraft: 356ED1 at 51.73,8.25
[SERVER] Received aircraft: A8269C at 49.91,7.72
[SERVER] Received aircraft: 6317DF at 47.80,4.21
[SERVER] Received aircraft: 58E57F at 48.74,11.67
[SERVER] Received aircraft: 3AB297 at 52.76,8.11
[SERVER] Received aircraft: 893F64 at 48.47,5.92
[SERVER] Received aircraft: 8683B3 at 51.29,10.79
[SERVER] Received aircraft: 95A8C5 at 50.63,9.71
[SERVER] Received aircraft: 16293A at 49.95,8.20
[SERVER] Received aircraft: A8E487 at 52.60,6.88
[SERVER] Received aircraft: A01356 at 52.28,7.55
[SORT-DEBUG] Received sort='callsign', asc='false', ascending=false, count=18
[SORT-DEBUG] After sorting by callsign (asc=false):
  [0] ICAO=893F64 Callsign=VP177 Alt=28487 Spd=229
  [1] ICAO=58E57F Callsign=SN559 Alt=25878 Spd=141
  [2] ICAO=566A02 Callsign=SD932 Alt=12053 Spd=156
[SERVER] Received aircraft: 77DCC7 at 50.73,6.70
[SERVER] Received aircraft: 74C3B8 at 51.57,10.76
[SERVER] Received aircraft: 4BE1CE at 46.62,7.08
[SERVER] Received aircraft: 566A02 at 51.49,8.49
[SERVER] Received aircraft: 049452 at 51.90,4.07
[SERVER] Received aircraft: 08DF81 at 50.36,8.11
[SERVER] Received aircraft: C2FB51 at 47.41,6.97
[SERVER] Received aircraft: 356ED1 at 51.73,8.25
[SERVER] Received aircraft: A8269C at 49.91,7.72
[SERVER] Received aircraft: 6317DF at 47.80,4.21
[SERVER] Received aircraft: 58E57F at 48.74,11.67
[SERVER] Received aircraft: 3AB297 at 52.76,8.11
[SERVER] Received aircraft: 893F64 at 48.47,5.92
[SERVER] Received aircraft: 8683B3 at 51.29,10.79
[SERVER] Received aircraft: 95A8C5 at 50.64,9.71
[SERVER] Received aircraft: 16293A at 49.96,8.20
[SERVER] Received aircraft: A8E487 at 52.60,6.88
[SERVER] Received aircraft: A01356 at 52.28,7.56
[SORT-DEBUG] Received sort='callsign', asc='false', ascending=false, count=18
[SORT-DEBUG] After sorting by callsign (asc=false):
  [0] ICAO=893F64 Callsign=VP177 Alt=28487 Spd=229
  [1] ICAO=58E57F Callsign=SN559 Alt=25878 Spd=141
  [2] ICAO=566A02 Callsign=SD932 Alt=12053 Spd=156
[SERVER] Received aircraft: 77DCC7 at 50.73,6.70
[SERVER] Received aircraft: 74C3B8 at 51.57,10.76
[SERVER] Received aircraft: 4BE1CE at 46.62,7.08
[SERVER] Received aircraft: 566A02 at 51.49,8.49
[SERVER] Received aircraft: 049452 at 51.90,4.07
[SERVER] Received aircraft: 08DF81 at 50.36,8.11
[SERVER] Received aircraft: C2FB51 at 47.41,6.97
[SERVER] Received aircraft: 356ED1 at 51.73,8.25
[SERVER] Received aircraft: A8269C at 49.91,7.72
[SERVER] Received aircraft: 6317DF at 47.79,4.21
[SERVER] Received aircraft: 58E57F at 48.74,11.67
[SERVER] Received aircraft: 3AB297 at 52.76,8.11
[SERVER] Received aircraft: 893F64 at 48.47,5.92
[SERVER] Received aircraft: 8683B3 at 51.29,10.79
[SERVER] Received aircraft: 95A8C5 at 50.64,9.71
[SERVER] Received aircraft: 16293A at 49.96,8.21
[SERVER] Received aircraft: A8E487 at 52.60,6.89
[SERVER] Received aircraft: A01356 at 52.28,7.56
[SORT-DEBUG] Received sort='callsign', asc='false', ascending=false, count=18
[SORT-DEBUG] After sorting by callsign (asc=false):
  [0] ICAO=893F64 Callsign=VP177 Alt=28423 Spd=229
  [1] ICAO=58E57F Callsign=SN559 Alt=25811 Spd=141
  [2] ICAO=566A02 Callsign=SD932 Alt=12053 Spd=156
[SERVER] Received aircraft: 77DCC7 at 50.73,6.70
[SERVER] Received aircraft: 74C3B8 at 51.58,10.76
[SERVER] Received aircraft: 4BE1CE at 46.62,7.08
[SERVER] Received aircraft: 566A02 at 51.49,8.49
[SERVER] Received aircraft: 049452 at 51.90,4.07
[SERVER] Received aircraft: 08DF81 at 50.36,8.11
[SERVER] Received aircraft: C2FB51 at 47.41,6.97
[SERVER] Received aircraft: 356ED1 at 51.73,8.25
[SERVER] Received aircraft: A8269C at 49.91,7.71
[SERVER] Received aircraft: 6317DF at 47.79,4.21
[SERVER] Received aircraft: 58E57F at 48.74,11.67
[SERVER] Received aircraft: 3AB297 at 52.76,8.12
[SERVER] Received aircraft: 893F64 at 48.47,5.92
[SERVER] Received aircraft: 8683B3 at 51.29,10.79
[SERVER] Received aircraft: 95A8C5 at 50.64,9.71
[SERVER] Received aircraft: 16293A at 49.96,8.21
[SERVER] Received aircraft: A8E487 at 52.60,6.89
[SERVER] Received aircraft: A01356 at 52.28,7.56
[SORT-DEBUG] Received sort='callsign', asc='false', ascending=false, count=18
[SORT-DEBUG] After sorting by callsign (asc=false):
  [0] ICAO=893F64 Callsign=VP177 Alt=28423 Spd=229
  [1] ICAO=58E57F Callsign=SN559 Alt=25811 Spd=141
  [2] ICAO=566A02 Callsign=SD932 Alt=12053 Spd=156
[SERVER] Received aircraft: 77DCC7 at 50.73,6.71
[SERVER] Received aircraft: 74C3B8 at 51.58,10.76
[SERVER] Received aircraft: 4BE1CE at 46.62,7.07
[SERVER] Received aircraft: 566A02 at 51.48,8.49
[SERVER] Received aircraft: 049452 at 51.90,4.07
[SERVER] Received aircraft: 08DF81 at 50.37,8.11
[SERVER] Received aircraft: C2FB51 at 47.40,6.97
[SERVER] Received aircraft: 356ED1 at 51.73,8.25
[SERVER] Received aircraft: A8269C at 49.91,7.71
[SERVER] Received aircraft: 6317DF at 47.79,4.21
[SERVER] Received aircraft: 58E57F at 48.74,11.67
[SERVER] Received aircraft: 3AB297 at 52.76,8.12
[SERVER] Received aircraft: 893F64 at 48.47,5.92
[SERVER] Received aircraft: 8683B3 at 51.28,10.79
[SERVER] Received aircraft: 95A8C5 at 50.64,9.71
[SERVER] Received aircraft: 16293A at 49.96,8.21
[SERVER] Received aircraft: A8E487 at 52.60,6.89
[SERVER] Received aircraft: A01356 at 52.28,7.57
[SORT-DEBUG] Received sort='callsign', asc='false', ascending=false, count=18
[SORT-DEBUG] After sorting by callsign (asc=false):
  [0] ICAO=893F64 Callsign=VP177 Alt=28423 Spd=229
  [1] ICAO=58E57F Callsign=SN559 Alt=25811 Spd=141
  [2] ICAO=566A02 Callsign=SD932 Alt=12053 Spd=156
[SERVER] Received aircraft: 77DCC7 at 50.73,6.71
[SERVER] Received aircraft: 74C3B8 at 51.58,10.75
[SERVER] Received aircraft: 4BE1CE at 46.61,7.07
[SERVER] Received aircraft: 566A02 at 51.48,8.49
[SERVER] Received aircraft: 049452 at 51.90,4.07
[SERVER] Received aircraft: 08DF81 at 50.37,8.11
[SERVER] Received aircraft: C2FB51 at 47.40,6.97
[SERVER] Received aircraft: 356ED1 at 51.73,8.25
[SERVER] Received aircraft: A8269C at 49.91,7.71
[SERVER] Received aircraft: 6317DF at 47.79,4.21
[SERVER] Received aircraft: 58E57F at 48.75,11.67
[SERVER] Received aircraft: 3AB297 at 52.76,8.12
[SERVER] Received aircraft: 893F64 at 48.47,5.92
[SERVER] Received aircraft: 8683B3 at 51.28,10.79
[SERVER] Received aircraft: 95A8C5 at 50.64,9.71
[SERVER] Received aircraft: 16293A at 49.96,8.22
[SERVER] Received aircraft: A8E487 at 52.60,6.89
[SERVER] Received aircraft: A01356 at 52.29,7.57
[SORT-DEBUG] Received sort='callsign', asc='false', ascending=false, count=18
[SORT-DEBUG] After sorting by callsign (asc=false):
  [0] ICAO=893F64 Callsign=VP177 Alt=28459 Spd=234
  [1] ICAO=58E57F Callsign=SN559 Alt=25848 Spd=141
  [2] ICAO=566A02 Callsign=SD932 Alt=12053 Spd=156
[SERVER] Received aircraft: 77DCC7 at 50.73,6.71
[SERVER] Received aircraft: 74C3B8 at 51.58,10.75
[SERVER] Received aircraft: 4BE1CE at 46.61,7.07
[SERVER] Received aircraft: 566A02 at 51.48,8.49
[SERVER] Received aircraft: 049452 at 51.90,4.07
[SERVER] Received aircraft: 08DF81 at 50.37,8.11
[SERVER] Received aircraft: C2FB51 at 47.40,6.97
[SERVER] Received aircraft: 356ED1 at 51.73,8.25
[SERVER] Received aircraft: A8269C at 49.91,7.70
[SERVER] Received aircraft: 6317DF at 47.79,4.21
[SERVER] Received aircraft: 58E57F at 48.75,11.67
[SERVER] Received aircraft: 3AB297 at 52.77,8.12
[SERVER] Received aircraft: 893F64 at 48.47,5.92
[SERVER] Received aircraft: 8683B3 at 51.28,10.79
[SERVER] Received aircraft: 95A8C5 at 50.64,9.71
[SERVER] Received aircraft: 16293A at 49.96,8.22
[SERVER] Received aircraft: A8E487 at 52.60,6.90
[SERVER] Received aircraft: A01356 at 52.29,7.58
[SORT-DEBUG] Received sort='callsign', asc='false', ascending=false, count=18
[SORT-DEBUG] After sorting by callsign (asc=false):
  [0] ICAO=893F64 Callsign=VP177 Alt=28459 Spd=234
  [1] ICAO=58E57F Callsign=SN559 Alt=25848 Spd=141
  [2] ICAO=566A02 Callsign=SD932 Alt=12053 Spd=156
[SERVER] Received aircraft: 77DCC7 at 50.73,6.71
[SERVER] Received aircraft: 74C3B8 at 51.58,10.75
[SERVER] Received aircraft: 4BE1CE at 46.61,7.07
[SERVER] Received aircraft: 566A02 at 51.48,8.49
[SERVER] Received aircraft: 049452 at 51.91,4.06
[SERVER] Received aircraft: 08DF81 at 50.37,8.11
[SERVER] Received aircraft: C2FB51 at 47.40,6.97
[SERVER] Received aircraft: 356ED1 at 51.73,8.26
[SERVER] Received aircraft: A8269C at 49.90,7.70
[SERVER] Received aircraft: 6317DF at 47.78,4.21
[SERVER] Received aircraft: 58E57F at 48.75,11.67
[SERVER] Received aircraft: 3AB297 at 52.77,8.13
[SERVER] Received aircraft: 893F64 at 48.47,5.92
[SERVER] Received aircraft: 8683B3 at 51.28,10.79
[SERVER] Received aircraft: 95A8C5 at 50.65,9.71
[SERVER] Received aircraft: 16293A at 49.96,8.23
[SERVER] Received aircraft: A8E487 at 52.60,6.90
[SERVER] Received aircraft: A01356 at 52.29,7.58
[SORT-DEBUG] Received sort='callsign', asc='false', ascending=false, count=18
[SORT-DEBUG] After sorting by callsign (asc=false):
  [0] ICAO=893F64 Callsign=VP177 Alt=28459 Spd=234
  [1] ICAO=58E57F Callsign=SN559 Alt=25848 Spd=141
  [2] ICAO=566A02 Callsign=SD932 Alt=12053 Spd=156
[SERVER] Received aircraft: 77DCC7 at 50.73,6.71
[SERVER] Received aircraft: 74C3B8 at 51.58,10.75
[SERVER] Received aircraft: 4BE1CE at 46.61,7.07
[SERVER] Received aircraft: 566A02 at 51.48,8.49
[SERVER] Received aircraft: 049452 at 51.91,4.06
[SERVER] Received aircraft: 08DF81 at 50.37,8.11
[SERVER] Received aircraft: C2FB51 at 47.40,6.97
[SERVER] Received aircraft: 356ED1 at 51.73,8.26
[SERVER] Received aircraft: A8269C at 49.90,7.70
[SERVER] Received aircraft: 6317DF at 47.78,4.21
[SERVER] Received aircraft: 58E57F at 48.75,11.67
[SERVER] Received aircraft: 3AB297 at 52.77,8.13
[SERVER] Received aircraft: 893F64 at 48.48,5.92
[SERVER] Received aircraft: 8683B3 at 51.28,10.79
[SERVER] Received aircraft: 95A8C5 at 50.65,9.71
[SERVER] Received aircraft: 16293A at 49.97,8.23
[SERVER] Received aircraft: A8E487 at 52.60,6.90
[SERVER] Received aircraft: A01356 at 52.29,7.58
[SORT-DEBUG] Received sort='callsign', asc='false', ascending=false, count=18
[SORT-DEBUG] After sorting by callsign (asc=false):
  [0] ICAO=893F64 Callsign=VP177 Alt=28459 Spd=234
  [1] ICAO=58E57F Callsign=SN559 Alt=25848 Spd=141
  [2] ICAO=566A02 Callsign=SD932 Alt=12053 Spd=156
[SERVER] Received aircraft: 77DCC7 at 50.73,6.71
[SERVER] Received aircraft: 74C3B8 at 51.58,10.75
[SERVER] Received aircraft: 4BE1CE at 46.61,7.07
[SERVER] Received aircraft: 566A02 at 51.48,8.49
[SERVER] Received aircraft: 049452 at 51.91,4.06
[SERVER] Received aircraft: 08DF81 at 50.37,8.11
[SERVER] Received aircraft: C2FB51 at 47.40,6.97
[SERVER] Received aircraft: 356ED1 at 51.73,8.26
[SERVER] Received aircraft: A8269C at 49.90,7.69
[SERVER] Received aircraft: 6317DF at 47.78,4.21
[SERVER] Received aircraft: 58E57F at 48.75,11.67
[SERVER] Received aircraft: 3AB297 at 52.77,8.13
[SERVER] Received aircraft: 893F64 at 48.48,5.92
[SERVER] Received aircraft: 8683B3 at 51.28,10.79
[SERVER] Received aircraft: 95A8C5 at 50.65,9.71
[SERVER] Received aircraft: 16293A at 49.97,8.23
[SERVER] Received aircraft: A8E487 at 52.60,6.91
[SERVER] Received aircraft: A01356 at 52.29,7.59
[SORT-DEBUG] Received sort='callsign', asc='false', ascending=false, count=18
[SORT-DEBUG] After sorting by callsign (asc=false):
  [0] ICAO=893F64 Callsign=VP177 Alt=28459 Spd=234
  [1] ICAO=58E57F Callsign=SN559 Alt=25848 Spd=141
  [2] ICAO=566A02 Callsign=SD932 Alt=12053 Spd=156
[SERVER] Received aircraft: 77DCC7 at 50.73,6.72
[SERVER] Received aircraft: 74C3B8 at 51.58,10.75
[SERVER] Received aircraft: 4BE1CE at 46.61,7.06
[SERVER] Received aircraft: 566A02 at 51.48,8.49
[SERVER] Received aircraft: 049452 at 51.91,4.06
[SERVER] Received aircraft: 08DF81 at 50.38,8.11
[SERVER] Received aircraft: C2FB51 at 47.39,6.96
[SERVER] Received aircraft: 356ED1 at 51.73,8.26
[SERVER] Received aircraft: A8269C at 49.90,7.69
[SERVER] Received aircraft: 6317DF at 47.78,4.21
[SERVER] Received aircraft: 58E57F at 48.75,11.68
[SERVER] Received aircraft: 3AB297 at 52.77,8.13
[SERVER] Received aircraft: 893F64 at 48.48,5.93
[SERVER] Received aircraft: 8683B3 at 51.28,10.79
[SERVER] Received aircraft: 95A8C5 at 50.65,9.71
[SERVER] Received aircraft: 16293A at 49.97,8.24
[SERVER] Received aircraft: A8E487 at 52.60,6.91
[SERVER] Received aircraft: A01356 at 52.29,7.59
[SERVER] Received aircraft: 77DCC7 at 50.73,6.72
[SERVER] Received aircraft: 74C3B8 at 51.58,10.74
[SERVER] Received aircraft: 4BE1CE at 46.60,7.06
[SERVER] Received aircraft: 566A02 at 51.48,8.49
[SERVER] Received aircraft: 049452 at 51.91,4.06
[SERVER] Received aircraft: 08DF81 at 50.38,8.11
[SERVER] Received aircraft: C2FB51 at 47.39,6.96
[SERVER] Received aircraft: 356ED1 at 51.73,8.26
[SERVER] Received aircraft: A8269C at 49.90,7.69
[SERVER] Received aircraft: 6317DF at 47.78,4.21
[SERVER] Received aircraft: 58E57F at 48.75,11.68
[SERVER] Received aircraft: 3AB297 at 52.77,8.14
[SERVER] Received aircraft: 893F64 at 48.48,5.93
[SERVER] Received aircraft: 8683B3 at 51.28,10.78
[SERVER] Received aircraft: 95A8C5 at 50.65,9.71
[SERVER] Received aircraft: 16293A at 49.97,8.24
[SERVER] Received aircraft: A8E487 at 52.60,6.91
[SERVER] Received aircraft: A01356 at 52.29,7.59
[SORT-DEBUG] Received sort='', asc='', ascending=false, count=18
[SERVER] Received aircraft: 77DCC7 at 50.73,6.72
[SERVER] Received aircraft: 74C3B8 at 51.58,10.74
[SERVER] Received aircraft: 4BE1CE at 46.60,7.06
[SERVER] Received aircraft: 566A02 at 51.48,8.49
[SERVER] Received aircraft: 049452 at 51.91,4.06
[SERVER] Received aircraft: 08DF81 at 50.38,8.11
[SERVER] Received aircraft: C2FB51 at 47.39,6.96
[SERVER] Received aircraft: 356ED1 at 51.73,8.26
[SERVER] Received aircraft: A8269C at 49.90,7.68
[SERVER] Received aircraft: 6317DF at 47.77,4.21
[SERVER] Received aircraft: 58E57F at 48.75,11.68
[SERVER] Received aircraft: 3AB297 at 52.77,8.14
[SERVER] Received aircraft: 893F64 at 48.48,5.93
[SERVER] Received aircraft: 8683B3 at 51.27,10.78
[SERVER] Received aircraft: 95A8C5 at 50.65,9.71
[SERVER] Received aircraft: 16293A at 49.97,8.24
[SERVER] Received aircraft: A8E487 at 52.60,6.92
[SERVER] Received aircraft: A01356 at 52.29,7.60
[SORT-DEBUG] Received sort='', asc='', ascending=false, count=18
[SERVER] Received aircraft: 77DCC7 at 50.73,6.72
[SERVER] Received aircraft: 74C3B8 at 51.58,10.74
[SERVER] Received aircraft: 4BE1CE at 46.60,7.06
[SERVER] Received aircraft: 566A02 at 51.48,8.49
[SERVER] Received aircraft: 049452 at 51.92,4.06
[SERVER] Received aircraft: 08DF81 at 50.38,8.11
[SERVER] Received aircraft: C2FB51 at 47.39,6.96
[SERVER] Received aircraft: 356ED1 at 51.74,8.26
[SERVER] Received aircraft: A8269C at 49.90,7.68
[SERVER] Received aircraft: 6317DF at 47.77,4.21
[SERVER] Received aircraft: 58E57F at 48.75,11.68
[SERVER] Received aircraft: 3AB297 at 52.77,8.14
[SERVER] Received aircraft: 893F64 at 48.48,5.93
[SERVER] Received aircraft: 8683B3 at 51.27,10.78
[SERVER] Received aircraft: 95A8C5 at 50.66,9.70
[SERVER] Received aircraft: 16293A at 49.97,8.25
[SERVER] Received aircraft: A8E487 at 52.60,6.92
[SERVER] Received aircraft: A01356 at 52.29,7.60
[SORT-DEBUG] Received sort='', asc='', ascending=false, count=18
[SERVER] Received aircraft: 77DCC7 at 50.73,6.72
[SERVER] Received aircraft: 74C3B8 at 51.58,10.74
[SERVER] Received aircraft: 4BE1CE at 46.60,7.06
[SERVER] Received aircraft: 566A02 at 51.48,8.49
[SERVER] Received aircraft: 049452 at 51.92,4.06
[SERVER] Received aircraft: 08DF81 at 50.38,8.11
[SERVER] Received aircraft: C2FB51 at 47.39,6.96
[SERVER] Received aircraft: 356ED1 at 51.74,8.27
[SERVER] Received aircraft: A8269C at 49.90,7.68
[SERVER] Received aircraft: 6317DF at 47.77,4.21
[SERVER] Received aircraft: 58E57F at 48.75,11.68
[SERVER] Received aircraft: 3AB297 at 52.77,8.14
[SERVER] Received aircraft: 893F64 at 48.48,5.93
[SERVER] Received aircraft: 8683B3 at 51.27,10.78
[SERVER] Received aircraft: 95A8C5 at 50.66,9.70
[SERVER] Received aircraft: 16293A at 49.97,8.25
[SERVER] Received aircraft: A8E487 at 52.60,6.92
[SERVER] Received aircraft: A01356 at 52.29,7.61
[SORT-DEBUG] Received sort='', asc='', ascending=false, count=18
[SERVER] Received aircraft: 77DCC7 at 50.73,6.73
[SERVER] Received aircraft: 74C3B8 at 51.58,10.74
[SERVER] Received aircraft: 4BE1CE at 46.60,7.06
[SERVER] Received aircraft: 566A02 at 51.48,8.49
[SERVER] Received aircraft: 049452 at 51.92,4.06
[SERVER] Received aircraft: 08DF81 at 50.38,8.10
[SERVER] Received aircraft: C2FB51 at 47.38,6.96
[SERVER] Received aircraft: 356ED1 at 51.74,8.27
[SERVER] Received aircraft: A8269C at 49.90,7.67
[SERVER] Received aircraft: 6317DF at 47.77,4.21
[SERVER] Received aircraft: 58E57F at 48.75,11.68
[SERVER] Received aircraft: 3AB297 at 52.77,8.15
[SERVER] Received aircraft: 893F64 at 48.48,5.93
[SERVER] Received aircraft: 8683B3 at 51.27,10.78
[SERVER] Received aircraft: 95A8C5 at 50.66,9.70
[SERVER] Received aircraft: 16293A at 49.98,8.26
[SERVER] Received aircraft: A8E487 at 52.60,6.92
[SERVER] Received aircraft: A01356 at 52.29,7.61
[SORT-DEBUG] Received sort='', asc='', ascending=false, count=18
[SERVER] Received aircraft: 77DCC7 at 50.73,6.73
[SERVER] Received aircraft: 74C3B8 at 51.58,10.74
[SERVER] Received aircraft: 4BE1CE at 46.60,7.05
[SERVER] Received aircraft: 566A02 at 51.48,8.49
[SERVER] Received aircraft: 049452 at 51.92,4.06
[SERVER] Received aircraft: 08DF81 at 50.38,8.10
[SERVER] Received aircraft: C2FB51 at 47.38,6.96
[SERVER] Received aircraft: 356ED1 at 51.74,8.27
[SERVER] Received aircraft: A8269C at 49.90,7.67
[SERVER] Received aircraft: 6317DF at 47.77,4.21
[SERVER] Received aircraft: 58E57F at 48.75,11.68
[SERVER] Received aircraft: 3AB297 at 52.77,8.15
[SERVER] Received aircraft: 893F64 at 48.48,5.93
[SERVER] Received aircraft: 8683B3 at 51.27,10.78
[SERVER] Received aircraft: 95A8C5 at 50.66,9.70
[SERVER] Received aircraft: 16293A at 49.98,8.26
[SERVER] Received aircraft: A8E487 at 52.60,6.93
[SERVER] Received aircraft: A01356 at 52.30,7.61
[SORT-DEBUG] Received sort='', asc='', ascending=false, count=18
[SERVER] Received aircraft: 77DCC7 at 50.73,6.73
[SERVER] Received aircraft: 74C3B8 at 51.59,10.73
[SERVER] Received aircraft: 4BE1CE at 46.59,7.05
[SERVER] Received aircraft: 566A02 at 51.48,8.49
[SERVER] Received aircraft: 049452 at 51.92,4.06
[SERVER] Received aircraft: 08DF81 at 50.39,8.10
[SERVER] Received aircraft: C2FB51 at 47.38,6.96
[SERVER] Received aircraft: 356ED1 at 51.74,8.27
[SERVER] Received aircraft: A8269C at 49.90,7.67
[SERVER] Received aircraft: 6317DF at 47.76,4.21
[SERVER] Received aircraft: 58E57F at 48.75,11.68
[SERVER] Received aircraft: 3AB297 at 52.77,8.15
[SERVER] Received aircraft: 893F64 at 48.48,5.93
[SERVER] Received aircraft: 8683B3 at 51.27,10.78
[SERVER] Received aircraft: 95A8C5 at 50.66,9.70
[SERVER] Received aircraft: 16293A at 49.98,8.26
[SERVER] Received aircraft: A8E487 at 52.60,6.93
[SERVER] Received aircraft: A01356 at 52.30,7.62
[SORT-DEBUG] Received sort='', asc='', ascending=false, count=18
[SERVER] Received aircraft: 77DCC7 at 50.73,6.73
[SERVER] Received aircraft: 74C3B8 at 51.59,10.73
[SERVER] Received aircraft: 4BE1CE at 46.59,7.05
[SERVER] Received aircraft: 566A02 at 51.47,8.49
[SERVER] Received aircraft: 049452 at 51.92,4.06
[SERVER] Received aircraft: 08DF81 at 50.39,8.10
[SERVER] Received aircraft: C2FB51 at 47.38,6.96
[SERVER] Received aircraft: 356ED1 at 51.74,8.27
[SERVER] Received aircraft: A8269C at 49.90,7.66
[SERVER] Received aircraft: 6317DF at 47.76,4.21
[SERVER] Received aircraft: 58E57F at 48.75,11.68
[SERVER] Received aircraft: 3AB297 at 52.77,8.15
[SERVER] Received aircraft: 893F64 at 48.49,5.93
[SERVER] Received aircraft: 8683B3 at 51.27,10.78
[SERVER] Received aircraft: 95A8C5 at 50.66,9.70
[SERVER] Received aircraft: 16293A at 49.98,8.27
[SERVER] Received aircraft: A8E487 at 52.60,6.93
[SERVER] Received aircraft: A01356 at 52.30,7.62
[SORT-DEBUG] Received sort='', asc='', ascending=false, count=18
[SERVER] Received aircraft: 77DCC7 at 50.73,6.73
[SERVER] Received aircraft: 74C3B8 at 51.59,10.73
[SERVER] Received aircraft: 4BE1CE at 46.59,7.05
[SERVER] Received aircraft: 566A02 at 51.47,8.49
[SERVER] Received aircraft: 049452 at 51.92,4.06
[SERVER] Received aircraft: 08DF81 at 50.39,8.10
[SERVER] Received aircraft: C2FB51 at 47.38,6.96
[SERVER] Received aircraft: 356ED1 at 51.74,8.27
[SERVER] Received aircraft: A8269C at 49.90,7.66
[SERVER] Received aircraft: 6317DF at 47.76,4.21
[SERVER] Received aircraft: 58E57F at 48.75,11.68
[SERVER] Received aircraft: 3AB297 at 52.78,8.16
[SERVER] Received aircraft: 893F64 at 48.49,5.93
[SERVER] Received aircraft: 8683B3 at 51.27,10.78
[SERVER] Received aircraft: 95A8C5 at 50.67,9.70
[SERVER] Received aircraft: 16293A at 49.98,8.27
[SERVER] Received aircraft: A8E487 at 52.60,6.94
[SERVER] Received aircraft: A01356 at 52.30,7.62
[SORT-DEBUG] Received sort='', asc='', ascending=false, count=18
[SERVER] Received aircraft: 77DCC7 at 50.73,6.73
[SERVER] Received aircraft: 74C3B8 at 51.59,10.73
[SERVER] Received aircraft: 4BE1CE at 46.59,7.05
[SERVER] Received aircraft: 566A02 at 51.47,8.49
[SERVER] Received aircraft: 049452 at 51.93,4.06
[SERVER] Received aircraft: 08DF81 at 50.39,8.10
[SERVER] Received aircraft: C2FB51 at 47.38,6.96
[SERVER] Received aircraft: 356ED1 at 51.74,8.27
[SERVER] Received aircraft: A8269C at 49.90,7.65
[SERVER] Received aircraft: 6317DF at 47.76,4.21
[SERVER] Received aircraft: 58E57F at 48.75,11.68
[SERVER] Received aircraft: 3AB297 at 52.78,8.16
[SERVER] Received aircraft: 893F64 at 48.49,5.93
[SERVER] Received aircraft: 8683B3 at 51.26,10.78
[SERVER] Received aircraft: 95A8C5 at 50.67,9.70
[SERVER] Received aircraft: 16293A at 49.98,8.27
[SERVER] Received aircraft: A8E487 at 52.60,6.94
[SERVER] Received aircraft: A01356 at 52.30,7.63
[SORT-DEBUG] Received sort='', asc='', ascending=false, count=18
[SERVER] Received aircraft: 77DCC7 at 50.73,6.74
[SERVER] Received aircraft: 74C3B8 at 51.59,10.73
[SERVER] Received aircraft: 4BE1CE at 46.59,7.05
[SERVER] Received aircraft: 566A02 at 51.47,8.49
[SERVER] Received aircraft: 049452 at 51.93,4.05
[SERVER] Received aircraft: 08DF81 at 50.39,8.10
[SERVER] Received aircraft: C2FB51 at 47.37,6.96
[SERVER] Received aircraft: 356ED1 at 51.74,8.28
[SERVER] Received aircraft: A8269C at 49.90,7.65
[SERVER] Received aircraft: 6317DF at 47.76,4.21
[SERVER] Received aircraft: 58E57F at 48.75,11.68
[SERVER] Received aircraft: 3AB297 at 52.78,8.16
[SERVER] Received aircraft: 893F64 at 48.49,5.93
[SERVER] Received aircraft: 8683B3 at 51.26,10.78
[SERVER] Received aircraft: 95A8C5 at 50.67,9.70
[SERVER] Received aircraft: 16293A at 49.98,8.28
[SERVER] Received aircraft: A8E487 at 52.60,6.94
[SERVER] Received aircraft: A01356 at 52.30,7.63
[SORT-DEBUG] Received sort='', asc='', ascending=false, count=18
[SERVER] Received aircraft: 77DCC7 at 50.73,6.74
[SERVER] Received aircraft: 74C3B8 at 51.59,10.73
[SERVER] Received aircraft: 4BE1CE at 46.58,7.05
[SERVER] Received aircraft: 566A02 at 51.47,8.49
[SERVER] Received aircraft: 049452 at 51.93,4.05
[SERVER] Received aircraft: 08DF81 at 50.39,8.10
[SERVER] Received aircraft: C2FB51 at 47.37,6.95
[SERVER] Received aircraft: 356ED1 at 51.74,8.28
[SERVER] Received aircraft: A8269C at 49.90,7.65
[SERVER] Received aircraft: 6317DF at 47.76,4.21
[SERVER] Received aircraft: 58E57F at 48.75,11.68
[SERVER] Received aircraft: 3AB297 at 52.78,8.16
[SERVER] Received aircraft: 893F64 at 48.49,5.93
[SERVER] Received aircraft: 8683B3 at 51.26,10.78
[SERVER] Received aircraft: 95A8C5 at 50.67,9.70
[SERVER] Received aircraft: 16293A at 49.99,8.28
[SERVER] Received aircraft: A8E487 at 52.60,6.95
[SERVER] Received aircraft: A01356 at 52.30,7.64
[SORT-DEBUG] Received sort='alt', asc='true', ascending=true, count=18
[SORT-DEBUG] After sorting by alt (asc=true):
  [0] ICAO=77DCC7 Callsign=EL134 Alt=5754 Spd=241
  [1] ICAO=356ED1 Callsign=RJ516 Alt=6308 Spd=220
  [2] ICAO=A8E487 Callsign=F2 Alt=7383 Spd=400
[SORT-DEBUG] Received sort='alt', asc='true', ascending=true, count=18
[SORT-DEBUG] After sorting by alt (asc=true):
  [0] ICAO=77DCC7 Callsign=EL134 Alt=5754 Spd=241
  [1] ICAO=356ED1 Callsign=RJ516 Alt=6308 Spd=220
  [2] ICAO=A8E487 Callsign=F2 Alt=7383 Spd=400
[SORT-DEBUG] Received sort='alt', asc='false', ascending=false, count=18
[SORT-DEBUG] After sorting by alt (asc=false):
  [0] ICAO=16293A Callsign=F1 Alt=43925 Spd=601
  [1] ICAO=C2FB51 Callsign=DM149 Alt=30992 Spd=417
  [2] ICAO=6317DF Callsign=AJ385 Alt=28987 Spd=427
[SERVER] Received aircraft: 77DCC7 at 50.73,6.74
[SERVER] Received aircraft: 74C3B8 at 51.59,10.73
[SERVER] Received aircraft: 4BE1CE at 46.58,7.04
[SERVER] Received aircraft: 566A02 at 51.47,8.49
[SERVER] Received aircraft: 049452 at 51.93,4.05
[SERVER] Received aircraft: 08DF81 at 50.39,8.10
[SERVER] Received aircraft: C2FB51 at 47.37,6.95
[SERVER] Received aircraft: 356ED1 at 51.74,8.28
[SERVER] Received aircraft: A8269C at 49.90,7.64
[SERVER] Received aircraft: 6317DF at 47.75,4.21
[SERVER] Received aircraft: 58E57F at 48.75,11.69
[SERVER] Received aircraft: 3AB297 at 52.78,8.17
[SERVER] Received aircraft: 893F64 at 48.49,5.93
[SERVER] Received aircraft: 8683B3 at 51.26,10.78
[SERVER] Received aircraft: 95A8C5 at 50.67,9.70
[SERVER] Received aircraft: 16293A at 49.99,8.28
[SERVER] Received aircraft: A8E487 at 52.60,6.95
[SERVER] Received aircraft: A01356 at 52.30,7.64
[SORT-DEBUG] Received sort='alt', asc='false', ascending=false, count=18
[SORT-DEBUG] After sorting by alt (asc=false):
  [0] ICAO=16293A Callsign=F1 Alt=41980 Spd=601
  [1] ICAO=C2FB51 Callsign=DM149 Alt=30992 Spd=417
  [2] ICAO=6317DF Callsign=AJ385 Alt=28987 Spd=427
[SERVER] Received aircraft: 77DCC7 at 50.73,6.74
[SERVER] Received aircraft: 74C3B8 at 51.59,10.72
[SERVER] Received aircraft: 4BE1CE at 46.58,7.04
[SERVER] Received aircraft: 566A02 at 51.47,8.49
[SERVER] Received aircraft: 049452 at 51.93,4.05
[SERVER] Received aircraft: 08DF81 at 50.40,8.10
[SERVER] Received aircraft: C2FB51 at 47.37,6.95
[SERVER] Received aircraft: 356ED1 at 51.74,8.28
[SERVER] Received aircraft: A8269C at 49.90,7.64
[SERVER] Received aircraft: 6317DF at 47.75,4.20
[SERVER] Received aircraft: 58E57F at 48.75,11.69
[SERVER] Received aircraft: 3AB297 at 52.78,8.17
[SERVER] Received aircraft: 893F64 at 48.49,5.93
[SERVER] Received aircraft: 8683B3 at 51.26,10.78
[SERVER] Received aircraft: 95A8C5 at 50.67,9.70
[SERVER] Received aircraft: 16293A at 49.99,8.29
[SERVER] Received aircraft: A8E487 at 52.60,6.95
[SERVER] Received aircraft: A01356 at 52.30,7.64
[SORT-DEBUG] Received sort='alt', asc='false', ascending=false, count=18
[SORT-DEBUG] After sorting by alt (asc=false):
  [0] ICAO=16293A Callsign=F1 Alt=40151 Spd=601
  [1] ICAO=C2FB51 Callsign=DM149 Alt=30992 Spd=417
  [2] ICAO=6317DF Callsign=AJ385 Alt=28987 Spd=427
[SERVER] Received aircraft: 77DCC7 at 50.73,6.74
[SERVER] Received aircraft: 74C3B8 at 51.59,10.72
[SERVER] Received aircraft: 4BE1CE at 46.58,7.04
[SERVER] Received aircraft: 566A02 at 51.47,8.49
[SERVER] Received aircraft: 049452 at 51.93,4.05
[SERVER] Received aircraft: 08DF81 at 50.40,8.10
[SERVER] Received aircraft: C2FB51 at 47.37,6.95
[SERVER] Received aircraft: 356ED1 at 51.74,8.28
[SERVER] Received aircraft: A8269C at 49.90,7.64
[SERVER] Received aircraft: 6317DF at 47.75,4.20
[SERVER] Received aircraft: 58E57F at 48.75,11.69
[SERVER] Received aircraft: 3AB297 at 52.78,8.17
[SERVER] Received aircraft: 893F64 at 48.49,5.93
[SERVER] Received aircraft: 8683B3 at 51.26,10.78
[SERVER] Received aircraft: 95A8C5 at 50.68,9.70
[SERVER] Received aircraft: 16293A at 49.99,8.29
[SERVER] Received aircraft: A8E487 at 52.60,6.95
[SERVER] Received aircraft: A01356 at 52.30,7.65
[SORT-DEBUG] Received sort='alt', asc='false', ascending=false, count=18
[SORT-DEBUG] After sorting by alt (asc=false):
  [0] ICAO=16293A Callsign=F1 Alt=39446 Spd=601
  [1] ICAO=C2FB51 Callsign=DM149 Alt=30992 Spd=417
  [2] ICAO=6317DF Callsign=AJ385 Alt=29065 Spd=427
[SERVER] Received aircraft: 77DCC7 at 50.73,6.74
[SERVER] Received aircraft: 74C3B8 at 51.59,10.72
[SERVER] Received aircraft: 4BE1CE at 46.58,7.04
[SERVER] Received aircraft: 566A02 at 51.47,8.49
[SERVER] Received aircraft: 049452 at 51.93,4.05
[SERVER] Received aircraft: 08DF81 at 50.40,8.10
[SERVER] Received aircraft: C2FB51 at 47.36,6.95
[SERVER] Received aircraft: 356ED1 at 51.74,8.28
[SERVER] Received aircraft: A8269C at 49.90,7.63
[SERVER] Received aircraft: 6317DF at 47.75,4.20
[SERVER] Received aircraft: 58E57F at 48.75,11.69
[SERVER] Received aircraft: 3AB297 at 52.78,8.17
[SERVER] Received aircraft: 893F64 at 48.49,5.93
[SERVER] Received aircraft: 8683B3 at 51.26,10.78
[SERVER] Received aircraft: 95A8C5 at 50.68,9.70
[SERVER] Received aircraft: 16293A at 49.99,8.30
[SERVER] Received aircraft: A8E487 at 52.60,6.96
[SERVER] Received aircraft: A01356 at 52.30,7.65
[SORT-DEBUG] Received sort='alt', asc='false', ascending=false, count=18
[SORT-DEBUG] After sorting by alt (asc=false):
  [0] ICAO=16293A Callsign=F1 Alt=37696 Spd=601
  [1] ICAO=C2FB51 Callsign=DM149 Alt=30992 Spd=417
  [2] ICAO=6317DF Callsign=AJ385 Alt=29065 Spd=427
[SERVER] Received aircraft: 77DCC7 at 50.73,6.75
[SERVER] Received aircraft: 74C3B8 at 51.59,10.72
[SERVER] Received aircraft: 4BE1CE at 46.58,7.04
[SERVER] Received aircraft: 566A02 at 51.47,8.49
[SERVER] Received aircraft: 049452 at 51.94,4.05
[SERVER] Received aircraft: 08DF81 at 50.40,8.10
[SERVER] Received aircraft: C2FB51 at 47.36,6.95
[SERVER] Received aircraft: 356ED1 at 51.74,8.28
[SERVER] Received aircraft: A8269C at 49.90,7.63
[SERVER] Received aircraft: 6317DF at 47.75,4.20
[SERVER] Received aircraft: 58E57F at 48.76,11.69
[SERVER] Received aircraft: 3AB297 at 52.78,8.18
[SERVER] Received aircraft: 893F64 at 48.49,5.93
[SERVER] Received aircraft: 8683B3 at 51.26,10.78
[SERVER] Received aircraft: 95A8C5 at 50.68,9.69
[SERVER] Received aircraft: 16293A at 49.99,8.30
[SERVER] Received aircraft: A8E487 at 52.60,6.96
[SERVER] Received aircraft: A01356 at 52.30,7.66
[SORT-DEBUG] Received sort='alt', asc='false', ascending=false, count=18
[SORT-DEBUG] After sorting by alt (asc=false):
  [0] ICAO=16293A Callsign=F1 Alt=39426 Spd=601
  [1] ICAO=C2FB51 Callsign=DM149 Alt=31034 Spd=417
  [2] ICAO=6317DF Callsign=AJ385 Alt=29065 Spd=427
[SERVER] Received aircraft: 77DCC7 at 50.73,6.75
[SERVER] Received aircraft: 74C3B8 at 51.59,10.72
[SERVER] Received aircraft: 4BE1CE at 46.57,7.04
[SERVER] Received aircraft: 566A02 at 51.47,8.49
[SERVER] Received aircraft: 049452 at 51.94,4.05
[SERVER] Received aircraft: 08DF81 at 50.40,8.10
[SERVER] Received aircraft: C2FB51 at 47.36,6.95
[SERVER] Received aircraft: 356ED1 at 51.74,8.29
[SERVER] Received aircraft: A8269C at 49.90,7.63
[SERVER] Received aircraft: 6317DF at 47.74,4.20
[SERVER] Received aircraft: 58E57F at 48.76,11.69
[SERVER] Received aircraft: 3AB297 at 52.78,8.18
[SERVER] Received aircraft: 893F64 at 48.50,5.93
[SERVER] Received aircraft: 8683B3 at 51.25,10.78
[SERVER] Received aircraft: 95A8C5 at 50.68,9.69
[SERVER] Received aircraft: 16293A at 49.99,8.30
[SERVER] Received aircraft: A8E487 at 52.60,6.96
[SERVER] Received aircraft: A01356 at 52.31,7.66
[SORT-DEBUG] Received sort='alt', asc='false', ascending=false, count=18
[SORT-DEBUG] After sorting by alt (asc=false):
  [0] ICAO=16293A Callsign=F1 Alt=40716 Spd=601
  [1] ICAO=C2FB51 Callsign=DM149 Alt=31034 Spd=417
  [2] ICAO=6317DF Callsign=AJ385 Alt=29065 Spd=427
[SERVER] Received aircraft: 77DCC7 at 50.73,6.75
[SERVER] Received aircraft: 74C3B8 at 51.59,10.72
[SERVER] Received aircraft: 4BE1CE at 46.57,7.04
[SERVER] Received aircraft: 566A02 at 51.47,8.49
[SERVER] Received aircraft: 049452 at 51.94,4.05
[SERVER] Received aircraft: 08DF81 at 50.40,8.10
[SERVER] Received aircraft: C2FB51 at 47.36,6.95
[SERVER] Received aircraft: 356ED1 at 51.74,8.29
[SERVER] Received aircraft: A8269C at 49.90,7.62
[SERVER] Received aircraft: 6317DF at 47.74,4.20
[SERVER] Received aircraft: 58E57F at 48.76,11.69
[SERVER] Received aircraft: 3AB297 at 52.78,8.18
[SERVER] Received aircraft: 893F64 at 48.50,5.93
[SERVER] Received aircraft: 8683B3 at 51.25,10.78
[SERVER] Received aircraft: 95A8C5 at 50.68,9.69
[SERVER] Received aircraft: 16293A at 50.00,8.31
[SERVER] Received aircraft: A8E487 at 52.60,6.97
[SERVER] Received aircraft: A01356 at 52.31,7.66
[SORT-DEBUG] Received sort='alt', asc='false', ascending=false, count=18
[SORT-DEBUG] After sorting by alt (asc=false):
  [0] ICAO=16293A Callsign=F1 Alt=41516 Spd=601
  [1] ICAO=C2FB51 Callsign=DM149 Alt=31034 Spd=417
  [2] ICAO=6317DF Callsign=AJ385 Alt=29065 Spd=427
[SERVER] Received aircraft: 77DCC7 at 50.73,6.75
[SERVER] Received aircraft: 74C3B8 at 51.60,10.72
[SERVER] Received aircraft: 4BE1CE at 46.57,7.03
[SERVER] Received aircraft: 566A02 at 51.47,8.49
[SERVER] Received aircraft: 049452 at 51.94,4.05
[SERVER] Received aircraft: 08DF81 at 50.40,8.10
[SERVER] Received aircraft: C2FB51 at 47.36,6.95
[SERVER] Received aircraft: 356ED1 at 51.74,8.29
[SERVER] Received aircraft: A8269C at 49.90,7.62
[SERVER] Received aircraft: 6317DF at 47.74,4.20
[SERVER] Received aircraft: 58E57F at 48.76,11.69
[SERVER] Received aircraft: 3AB297 at 52.78,8.18
[SERVER] Received aircraft: 893F64 at 48.50,5.93
[SERVER] Received aircraft: 8683B3 at 51.25,10.78
[SERVER] Received aircraft: 95A8C5 at 50.68,9.69
[SERVER] Received aircraft: 16293A at 50.00,8.31
[SERVER] Received aircraft: A8E487 at 52.60,6.97
[SERVER] Received aircraft: A01356 at 52.31,7.67
[SORT-DEBUG] Received sort='alt', asc='false', ascending=false, count=18
[SORT-DEBUG] After sorting by alt (asc=false):
  [0] ICAO=16293A Callsign=F1 Alt=41741 Spd=601
  [1] ICAO=C2FB51 Callsign=DM149 Alt=31034 Spd=412
  [2] ICAO=6317DF Callsign=AJ385 Alt=29065 Spd=431
[SERVER] Received aircraft: 77DCC7 at 50.73,6.75
[SERVER] Received aircraft: 74C3B8 at 51.60,10.71
[SERVER] Received aircraft: 4BE1CE at 46.57,7.03
[SERVER] Received aircraft: 566A02 at 51.47,8.49
[SERVER] Received aircraft: 049452 at 51.94,4.05
[SERVER] Received aircraft: 08DF81 at 50.40,8.10
[SERVER] Received aircraft: C2FB51 at 47.36,6.94
[SERVER] Received aircraft: 356ED1 at 51.74,8.29
[SERVER] Received aircraft: A8269C at 49.90,7.62
[SERVER] Received aircraft: 6317DF at 47.74,4.20
[SERVER] Received aircraft: 58E57F at 48.76,11.69
[SERVER] Received aircraft: 3AB297 at 52.78,8.19
[SERVER] Received aircraft: 893F64 at 48.50,5.93
[SERVER] Received aircraft: 8683B3 at 51.25,10.78
[SERVER] Received aircraft: 95A8C5 at 50.69,9.69
[SERVER] Received aircraft: 16293A at 50.00,8.31
[SERVER] Received aircraft: A8E487 at 52.60,6.97
[SERVER] Received aircraft: A01356 at 52.31,7.67
[SORT-DEBUG] Received sort='alt', asc='false', ascending=false, count=18
[SORT-DEBUG] After sorting by alt (asc=false):
  [0] ICAO=16293A Callsign=F1 Alt=42982 Spd=601
  [1] ICAO=C2FB51 Callsign=DM149 Alt=31034 Spd=412
  [2] ICAO=6317DF Callsign=AJ385 Alt=29065 Spd=431
[SERVER] Received aircraft: 77DCC7 at 50.73,6.76
[SERVER] Received aircraft: 74C3B8 at 51.60,10.71
[SERVER] Received aircraft: 4BE1CE at 46.57,7.03
[SERVER] Received aircraft: 566A02 at 51.46,8.49
[SERVER] Received aircraft: 049452 at 51.94,4.05
[SERVER] Received aircraft: 08DF81 at 50.41,8.10
[SERVER] Received aircraft: C2FB51 at 47.35,6.94
[SERVER] Received aircraft: 356ED1 at 51.75,8.29
[SERVER] Received aircraft: A8269C at 49.90,7.61
[SERVER] Received aircraft: 6317DF at 47.74,4.20
[SERVER] Received aircraft: 58E57F at 48.76,11.69
[SERVER] Received aircraft: 3AB297 at 52.78,8.19
[SERVER] Received aircraft: 893F64 at 48.50,5.93
[SERVER] Received aircraft: 8683B3 at 51.25,10.78
[SERVER] Received aircraft: 95A8C5 at 50.69,9.69
[SERVER] Received aircraft: 16293A at 50.00,8.32
[SERVER] Received aircraft: A8E487 at 52.60,6.98
[SERVER] Received aircraft: A01356 at 52.31,7.67
[SORT-DEBUG] Received sort='alt', asc='false', ascending=false, count=18
[SORT-DEBUG] After sorting by alt (asc=false):
  [0] ICAO=16293A Callsign=F1 Alt=41359 Spd=601
  [1] ICAO=C2FB51 Callsign=DM149 Alt=31034 Spd=412
  [2] ICAO=6317DF Callsign=AJ385 Alt=29065 Spd=431
[SERVER] Received aircraft: 77DCC7 at 50.73,6.76
[SERVER] Received aircraft: 74C3B8 at 51.60,10.71
[SERVER] Received aircraft: 4BE1CE at 46.56,7.03
[SERVER] Received aircraft: 566A02 at 51.46,8.49
[SERVER] Received aircraft: 049452 at 51.95,4.05
[SERVER] Received aircraft: 08DF81 at 50.41,8.10
[SERVER] Received aircraft: C2FB51 at 47.35,6.94
[SERVER] Received aircraft: 356ED1 at 51.75,8.29
[SERVER] Received aircraft: A8269C at 49.90,7.61
[SERVER] Received aircraft: 6317DF at 47.73,4.20
[SERVER] Received aircraft: 58E57F at 48.76,11.69
[SERVER] Received aircraft: 3AB297 at 52.79,8.19
[SERVER] Received aircraft: 893F64 at 48.50,5.94
[SERVER] Received aircraft: 8683B3 at 51.25,10.78
[SERVER] Received aircraft: 95A8C5 at 50.69,9.69
[SERVER] Received aircraft: 16293A at 50.00,8.32
[SERVER] Received aircraft: A8E487 at 52.60,6.98
[SERVER] Received aircraft: A01356 at 52.31,7.68
[SORT-DEBUG] Received sort='alt', asc='false', ascending=false, count=18
[SORT-DEBUG] After sorting by alt (asc=false):
  [0] ICAO=16293A Callsign=F1 Alt=39542 Spd=601
  [1] ICAO=C2FB51 Callsign=DM149 Alt=31034 Spd=414
  [2] ICAO=6317DF Callsign=AJ385 Alt=29065 Spd=435
[SERVER] Received aircraft: 77DCC7 at 50.73,6.76
[SERVER] Received aircraft: 74C3B8 at 51.60,10.71
[SERVER] Received aircraft: 4BE1CE at 46.56,7.03
[SERVER] Received aircraft: 566A02 at 51.46,8.49
[SERVER] Received aircraft: 049452 at 51.95,4.05
[SERVER] Received aircraft: 08DF81 at 50.41,8.10
[SERVER] Received aircraft: C2FB51 at 47.35,6.94
[SERVER] Received aircraft: 356ED1 at 51.75,8.29
[SERVER] Received aircraft: A8269C at 49.90,7.61
[SERVER] Received aircraft: 6317DF at 47.73,4.20
[SERVER] Received aircraft: 58E57F at 48.76,11.69
[SERVER] Received aircraft: 3AB297 at 52.79,8.19
[SERVER] Received aircraft: 893F64 at 48.50,5.94
[SERVER] Received aircraft: 8683B3 at 51.25,10.78
[SERVER] Received aircraft: 95A8C5 at 50.69,9.69
[SERVER] Received aircraft: 16293A at 50.00,8.32
[SERVER] Received aircraft: A8E487 at 52.60,6.98
[SERVER] Received aircraft: A01356 at 52.31,7.68
[SORT-DEBUG] Received sort='alt', asc='false', ascending=false, count=18
[SORT-DEBUG] After sorting by alt (asc=false):
  [0] ICAO=16293A Callsign=F1 Alt=41448 Spd=601
  [1] ICAO=C2FB51 Callsign=DM149 Alt=30980 Spd=414
  [2] ICAO=6317DF Callsign=AJ385 Alt=29065 Spd=435
[SERVER] Received aircraft: 77DCC7 at 50.73,6.76
[SERVER] Received aircraft: 74C3B8 at 51.60,10.71
[SERVER] Received aircraft: 4BE1CE at 46.56,7.03
[SERVER] Received aircraft: 566A02 at 51.46,8.49
[SERVER] Received aircraft: 049452 at 51.95,4.05
[SERVER] Received aircraft: 08DF81 at 50.41,8.10
[SERVER] Received aircraft: C2FB51 at 47.35,6.94
[SERVER] Received aircraft: 356ED1 at 51.75,8.30
[SERVER] Received aircraft: A8269C at 49.90,7.60
[SERVER] Received aircraft: 6317DF at 47.73,4.20
[SERVER] Received aircraft: 58E57F at 48.76,11.69
[SERVER] Received aircraft: 3AB297 at 52.79,8.20
[SERVER] Received aircraft: 893F64 at 48.50,5.94
[SERVER] Received aircraft: 8683B3 at 51.25,10.78
[SERVER] Received aircraft: 95A8C5 at 50.69,9.69
[SERVER] Received aircraft: 16293A at 50.01,8.33
[SERVER] Received aircraft: A8E487 at 52.60,6.99
[SERVER] Received aircraft: A01356 at 52.31,7.69
[SORT-DEBUG] Received sort='alt', asc='false', ascending=false, count=18
[SORT-DEBUG] After sorting by alt (asc=false):
  [0] ICAO=16293A Callsign=F1 Alt=42064 Spd=601
  [1] ICAO=C2FB51 Callsign=DM149 Alt=30980 Spd=414
  [2] ICAO=6317DF Callsign=AJ385 Alt=28987 Spd=435
[SERVER] Received aircraft: 77DCC7 at 50.73,6.76
[SERVER] Received aircraft: 74C3B8 at 51.60,10.71
[SERVER] Received aircraft: 4BE1CE at 46.56,7.03
[SERVER] Received aircraft: 566A02 at 51.46,8.49
[SERVER] Received aircraft: 049452 at 51.95,4.05
[SERVER] Received aircraft: 08DF81 at 50.41,8.10
[SERVER] Received aircraft: C2FB51 at 47.35,6.94
[SERVER] Received aircraft: 356ED1 at 51.75,8.30
[SERVER] Received aircraft: A8269C at 49.90,7.60
[SERVER] Received aircraft: 6317DF at 47.73,4.20
[SERVER] Received aircraft: 58E57F at 48.76,11.69
[SERVER] Received aircraft: 3AB297 at 52.79,8.20
[SERVER] Received aircraft: 893F64 at 48.50,5.94
[SERVER] Received aircraft: 8683B3 at 51.24,10.78
[SERVER] Received aircraft: 95A8C5 at 50.69,9.69
[SERVER] Received aircraft: 16293A at 50.01,8.33
[SERVER] Received aircraft: A8E487 at 52.60,6.99
[SERVER] Received aircraft: A01356 at 52.31,7.69
[SORT-DEBUG] Received sort='alt', asc='false', ascending=false, count=18
[SORT-DEBUG] After sorting by alt (asc=false):
  [0] ICAO=16293A Callsign=F1 Alt=41793 Spd=601
  [1] ICAO=C2FB51 Callsign=DM149 Alt=30980 Spd=414
  [2] ICAO=6317DF Callsign=AJ385 Alt=28987 Spd=437
[SERVER] Received aircraft: 77DCC7 at 50.73,6.76
[SERVER] Received aircraft: 74C3B8 at 51.60,10.70
[SERVER] Received aircraft: 4BE1CE at 46.56,7.02
[SERVER] Received aircraft: 566A02 at 51.46,8.49
[SERVER] Received aircraft: 049452 at 51.95,4.05
[SERVER] Received aircraft: 08DF81 at 50.41,8.10
[SERVER] Received aircraft: C2FB51 at 47.35,6.94
[SERVER] Received aircraft: 356ED1 at 51.75,8.30
[SERVER] Received aircraft: A8269C at 49.90,7.60
[SERVER] Received aircraft: 6317DF at 47.73,4.20
[SERVER] Received aircraft: 58E57F at 48.76,11.69
[SERVER] Received aircraft: 3AB297 at 52.79,8.20
[SERVER] Received aircraft: 893F64 at 48.50,5.94
[SERVER] Received aircraft: 8683B3 at 51.24,10.78
[SERVER] Received aircraft: 95A8C5 at 50.70,9.69
[SERVER] Received aircraft: 16293A at 50.01,8.33
[SERVER] Received aircraft: A8E487 at 52.60,6.99
[SERVER] Received aircraft: A01356 at 52.31,7.69
[SORT-DEBUG] Received sort='alt', asc='false', ascending=false, count=18
[SORT-DEBUG] After sorting by alt (asc=false):
  [0] ICAO=16293A Callsign=F1 Alt=41378 Spd=603
  [1] ICAO=C2FB51 Callsign=DM149 Alt=30980 Spd=414
  [2] ICAO=6317DF Callsign=AJ385 Alt=28987 Spd=437
[SERVER] Received aircraft: 77DCC7 at 50.73,6.77
[SERVER] Received aircraft: 74C3B8 at 51.60,10.70
[SERVER] Received aircraft: 4BE1CE at 46.56,7.02
[SERVER] Received aircraft: 566A02 at 51.46,8.49
[SERVER] Received aircraft: 049452 at 51.95,4.04
[SERVER] Received aircraft: 08DF81 at 50.41,8.10
[SERVER] Received aircraft: C2FB51 at 47.34,6.94
[SERVER] Received aircraft: 356ED1 at 51.75,8.30
[SERVER] Received aircraft: A8269C at 49.90,7.59
[SERVER] Received aircraft: 6317DF at 47.72,4.20
[SERVER] Received aircraft: 58E57F at 48.76,11.70
[SERVER] Received aircraft: 3AB297 at 52.79,8.20
[SERVER] Received aircraft: 893F64 at 48.51,5.94
[SERVER] Received aircraft: 8683B3 at 51.24,10.78
[SERVER] Received aircraft: 95A8C5 at 50.70,9.69
[SERVER] Received aircraft: 16293A at 50.01,8.34
[SERVER] Received aircraft: A8E487 at 52.60,6.99
[SERVER] Received aircraft: A01356 at 52.31,7.70
[SORT-DEBUG] Received sort='alt', asc='false', ascending=false, count=18
[SORT-DEBUG] After sorting by alt (asc=false):
  [0] ICAO=16293A Callsign=F1 Alt=39956 Spd=603
  [1] ICAO=C2FB51 Callsign=DM149 Alt=30980 Spd=414
  [2] ICAO=6317DF Callsign=AJ385 Alt=28987 Spd=438
[SERVER] Received aircraft: 77DCC7 at 50.73,6.77
[SERVER] Received aircraft: 74C3B8 at 51.60,10.70
[SERVER] Received aircraft: 4BE1CE at 46.55,7.02
[SERVER] Received aircraft: 566A02 at 51.46,8.49
[SERVER] Received aircraft: 049452 at 51.95,4.04
[SERVER] Received aircraft: 08DF81 at 50.42,8.10
[SERVER] Received aircraft: C2FB51 at 47.34,6.94
[SERVER] Received aircraft: 356ED1 at 51.75,8.30
[SERVER] Received aircraft: A8269C at 49.90,7.59
[SERVER] Received aircraft: 6317DF at 47.72,4.20
[SERVER] Received aircraft: 58E57F at 48.76,11.70
[SERVER] Received aircraft: 3AB297 at 52.79,8.21
[SERVER] Received aircraft: 893F64 at 48.51,5.94
[SERVER] Received aircraft: 8683B3 at 51.24,10.78
[SERVER] Received aircraft: 95A8C5 at 50.70,9.69
[SERVER] Received aircraft: 16293A at 50.01,8.34
[SERVER] Received aircraft: A8E487 at 52.60,7.00
[SERVER] Received aircraft: A01356 at 52.31,7.70
[SORT-DEBUG] Received sort='alt', asc='false', ascending=false, count=18
[SORT-DEBUG] After sorting by alt (asc=false):
  [0] ICAO=16293A Callsign=F1 Alt=40996 Spd=603
  [1] ICAO=C2FB51 Callsign=DM149 Alt=30980 Spd=414
  [2] ICAO=6317DF Callsign=AJ385 Alt=28987 Spd=438
[SERVER] Received aircraft: 77DCC7 at 50.73,6.77
[SERVER] Received aircraft: 74C3B8 at 51.60,10.70
[SERVER] Received aircraft: 4BE1CE at 46.55,7.02
[SERVER] Received aircraft: 566A02 at 51.46,8.49
[SERVER] Received aircraft: 049452 at 51.96,4.04
[SERVER] Received aircraft: 08DF81 at 50.42,8.10
[SERVER] Received aircraft: C2FB51 at 47.34,6.93
[SERVER] Received aircraft: 356ED1 at 51.75,8.30
[SERVER] Received aircraft: A8269C at 49.90,7.59
[SERVER] Received aircraft: 6317DF at 47.72,4.20
[SERVER] Received aircraft: 58E57F at 48.76,11.70
[SERVER] Received aircraft: 3AB297 at 52.79,8.21
[SERVER] Received aircraft: 893F64 at 48.51,5.94
[SERVER] Received aircraft: 8683B3 at 51.24,10.78
[SERVER] Received aircraft: 95A8C5 at 50.70,9.69
[SERVER] Received aircraft: 16293A at 50.01,8.34
[SERVER] Received aircraft: A8E487 at 52.60,7.00
[SERVER] Received aircraft: A01356 at 52.32,7.71
[SORT-DEBUG] Received sort='alt', asc='false', ascending=false, count=18
[SORT-DEBUG] After sorting by alt (asc=false):
  [0] ICAO=16293A Callsign=F1 Alt=40726 Spd=603
  [1] ICAO=C2FB51 Callsign=DM149 Alt=30980 Spd=414
  [2] ICAO=6317DF Callsign=AJ385 Alt=28987 Spd=438
[SERVER] Received aircraft: 77DCC7 at 50.73,6.77
[SERVER] Received aircraft: 74C3B8 at 51.60,10.70
[SERVER] Received aircraft: 4BE1CE at 46.55,7.02
[SERVER] Received aircraft: 566A02 at 51.46,8.49
[SERVER] Received aircraft: 049452 at 51.96,4.04
[SERVER] Received aircraft: 08DF81 at 50.42,8.10
[SERVER] Received aircraft: C2FB51 at 47.34,6.93
[SERVER] Received aircraft: 356ED1 at 51.75,8.30
[SERVER] Received aircraft: A8269C at 49.90,7.58
[SERVER] Received aircraft: 6317DF at 47.72,4.20
[SERVER] Received aircraft: 58E57F at 48.76,11.70
[SERVER] Received aircraft: 3AB297 at 52.79,8.21
[SERVER] Received aircraft: 893F64 at 48.51,5.94
[SERVER] Received aircraft: 8683B3 at 51.24,10.78
[SERVER] Received aircraft: 95A8C5 at 50.70,9.68
[SERVER] Received aircraft: 16293A at 50.02,8.35
[SERVER] Received aircraft: A8E487 at 52.60,7.00
[SERVER] Received aircraft: A01356 at 52.32,7.71
[SORT-DEBUG] Received sort='alt', asc='false', ascending=false, count=18
[SORT-DEBUG] After sorting by alt (asc=false):
  [0] ICAO=16293A Callsign=F1 Alt=38924 Spd=603
  [1] ICAO=C2FB51 Callsign=DM149 Alt=30980 Spd=414
  [2] ICAO=6317DF Callsign=AJ385 Alt=28987 Spd=438
[SERVER] Received aircraft: 77DCC7 at 50.73,6.77
[SERVER] Received aircraft: 74C3B8 at 51.61,10.70
[SERVER] Received aircraft: 4BE1CE at 46.55,7.02
[SERVER] Received aircraft: 566A02 at 51.46,8.49
[SERVER] Received aircraft: 049452 at 51.96,4.04
[SERVER] Received aircraft: 08DF81 at 50.42,8.10
[SERVER] Received aircraft: C2FB51 at 47.34,6.93
[SERVER] Received aircraft: 356ED1 at 51.75,8.31
[SERVER] Received aircraft: A8269C at 49.90,7.58
[SERVER] Received aircraft: 6317DF at 47.72,4.20
[SERVER] Received aircraft: 58E57F at 48.76,11.70
[SERVER] Received aircraft: 3AB297 at 52.79,8.21
[SERVER] Received aircraft: 893F64 at 48.51,5.94
[SERVER] Received aircraft: 8683B3 at 51.24,10.78
[SERVER] Received aircraft: 95A8C5 at 50.70,9.68
[SERVER] Received aircraft: 16293A at 50.02,8.35
[SERVER] Received aircraft: A8E487 at 52.60,7.01
[SERVER] Received aircraft: A01356 at 52.32,7.71
[SORT-DEBUG] Received sort='alt', asc='false', ascending=false, count=18
[SORT-DEBUG] After sorting by alt (asc=false):
  [0] ICAO=16293A Callsign=F1 Alt=37558 Spd=606
  [1] ICAO=C2FB51 Callsign=DM149 Alt=30980 Spd=414
  [2] ICAO=6317DF Callsign=AJ385 Alt=28936 Spd=438
[SERVER] Received aircraft: 77DCC7 at 50.73,6.77
[SERVER] Received aircraft: 74C3B8 at 51.61,10.70
[SERVER] Received aircraft: 4BE1CE at 46.55,7.02
[SERVER] Received aircraft: 566A02 at 51.46,8.49
[SERVER] Received aircraft: 049452 at 51.96,4.04
[SERVER] Received aircraft: 08DF81 at 50.42,8.10
[SERVER] Received aircraft: C2FB51 at 47.33,6.93
[SERVER] Received aircraft: 356ED1 at 51.75,8.31
[SERVER] Received aircraft: A8269C at 49.90,7.58
[SERVER] Received aircraft: 6317DF at 47.71,4.20
[SERVER] Received aircraft: 58E57F at 48.76,11.70
[SERVER] Received aircraft: 3AB297 at 52.79,8.22
[SERVER] Received aircraft: 893F64 at 48.51,5.94
[SERVER] Received aircraft: 8683B3 at 51.24,10.78
[SERVER] Received aircraft: 95A8C5 at 50.71,9.68
[SERVER] Received aircraft: 16293A at 50.02,8.36
[SERVER] Received aircraft: A8E487 at 52.60,7.01
[SERVER] Received aircraft: A01356 at 52.32,7.72
[SORT-DEBUG] Received sort='alt', asc='false', ascending=false, count=18
[SORT-DEBUG] After sorting by alt (asc=false):
  [0] ICAO=16293A Callsign=F1 Alt=35698 Spd=606
  [1] ICAO=C2FB51 Callsign=DM149 Alt=30980 Spd=414
  [2] ICAO=6317DF Callsign=AJ385 Alt=28936 Spd=438
[SERVER] Received aircraft: 77DCC7 at 50.73,6.78
[SERVER] Received aircraft: 74C3B8 at 51.61,10.69
[SERVER] Received aircraft: 4BE1CE at 46.54,7.01
[SERVER] Received aircraft: 566A02 at 51.46,8.49
[SERVER] Received aircraft: 049452 at 51.96,4.04
[SERVER] Received aircraft: 08DF81 at 50.42,8.10
[SERVER] Received aircraft: C2FB51 at 47.33,6.93
[SERVER] Received aircraft: 356ED1 at 51.75,8.31
[SERVER] Received aircraft: A8269C at 49.90,7.57
[SERVER] Received aircraft: 6317DF at 47.71,4.20
[SERVER] Received aircraft: 58E57F at 48.76,11.70
[SERVER] Received aircraft: 3AB297 at 52.79,8.22
[SERVER] Received aircraft: 893F64 at 48.51,5.94
[SERVER] Received aircraft: 8683B3 at 51.23,10.78
[SERVER] Received aircraft: 95A8C5 at 50.71,9.68
[SERVER] Received aircraft: 16293A at 50.02,8.36
[SERVER] Received aircraft: A8E487 at 52.60,7.01
[SERVER] Received aircraft: A01356 at 52.32,7.72
[SORT-DEBUG] Received sort='alt', asc='false', ascending=false, count=18
[SORT-DEBUG] After sorting by alt (asc=false):
  [0] ICAO=16293A Callsign=F1 Alt=35728 Spd=606
  [1] ICAO=C2FB51 Callsign=DM149 Alt=30980 Spd=414
  [2] ICAO=6317DF Callsign=AJ385 Alt=28890 Spd=438
[SERVER] Received aircraft: 77DCC7 at 50.73,6.78
[SERVER] Received aircraft: 74C3B8 at 51.61,10.69
[SERVER] Received aircraft: 4BE1CE at 46.54,7.01
[SERVER] Received aircraft: 566A02 at 51.45,8.49
[SERVER] Received aircraft: 049452 at 51.96,4.04
[SERVER] Received aircraft: 08DF81 at 50.42,8.10
[SERVER] Received aircraft: C2FB51 at 47.33,6.93
[SERVER] Received aircraft: 356ED1 at 51.75,8.31
[SERVER] Received aircraft: A8269C at 49.90,7.57
[SERVER] Received aircraft: 6317DF at 47.71,4.20
[SERVER] Received aircraft: 58E57F at 48.76,11.70
[SERVER] Received aircraft: 3AB297 at 52.79,8.22
[SERVER] Received aircraft: 893F64 at 48.51,5.94
[SERVER] Received aircraft: 8683B3 at 51.23,10.78
[SERVER] Received aircraft: 95A8C5 at 50.71,9.68
[SERVER] Received aircraft: 16293A at 50.02,8.36
[SERVER] Received aircraft: A8E487 at 52.60,7.02
[SERVER] Received aircraft: A01356 at 52.32,7.72
[SORT-DEBUG] Received sort='alt', asc='false', ascending=false, count=18
[SORT-DEBUG] After sorting by alt (asc=false):
  [0] ICAO=16293A Callsign=F1 Alt=35575 Spd=606
  [1] ICAO=C2FB51 Callsign=DM149 Alt=30980 Spd=414
  [2] ICAO=6317DF Callsign=AJ385 Alt=28890 Spd=438
[SERVER] Received aircraft: 77DCC7 at 50.73,6.78
[SERVER] Received aircraft: 74C3B8 at 51.61,10.69
[SERVER] Received aircraft: 4BE1CE at 46.54,7.01
[SERVER] Received aircraft: 566A02 at 51.45,8.49
[SERVER] Received aircraft: 049452 at 51.97,4.04
[SERVER] Received aircraft: 08DF81 at 50.43,8.10
[SERVER] Received aircraft: C2FB51 at 47.33,6.93
[SERVER] Received aircraft: 356ED1 at 51.75,8.31
[SERVER] Received aircraft: A8269C at 49.90,7.57
[SERVER] Received aircraft: 6317DF at 47.71,4.20
[SERVER] Received aircraft: 58E57F at 48.76,11.70
[SERVER] Received aircraft: 3AB297 at 52.79,8.22
[SERVER] Received aircraft: 893F64 at 48.51,5.94
[SERVER] Received aircraft: 8683B3 at 51.23,10.78
[SERVER] Received aircraft: 95A8C5 at 50.71,9.68
[SERVER] Received aircraft: 16293A at 50.02,8.37
[SERVER] Received aircraft: A8E487 at 52.61,7.02
[SERVER] Received aircraft: A01356 at 52.32,7.73
[SORT-DEBUG] Received sort='alt', asc='false', ascending=false, count=18
[SORT-DEBUG] After sorting by alt (asc=false):
  [0] ICAO=16293A Callsign=F1 Alt=33698 Spd=606
  [1] ICAO=C2FB51 Callsign=DM149 Alt=30980 Spd=414
  [2] ICAO=6317DF Callsign=AJ385 Alt=28890 Spd=438
[SERVER] Received aircraft: 77DCC7 at 50.73,6.78
[SERVER] Received aircraft: 74C3B8 at 51.61,10.69
[SERVER] Received aircraft: 4BE1CE at 46.54,7.01
[SERVER] Received aircraft: 566A02 at 51.45,8.49
[SERVER] Received aircraft: 049452 at 51.97,4.04
[SERVER] Received aircraft: 08DF81 at 50.43,8.10
[SERVER] Received aircraft: C2FB51 at 47.33,6.93
[SERVER] Received aircraft: 356ED1 at 51.75,8.31
[SERVER] Received aircraft: A8269C at 49.90,7.56
[SERVER] Received aircraft: 6317DF at 47.70,4.20
[SERVER] Received aircraft: 58E57F at 48.76,11.70
[SERVER] Received aircraft: 3AB297 at 52.79,8.23
[SERVER] Received aircraft: 893F64 at 48.51,5.94
[SERVER] Received aircraft: 8683B3 at 51.23,10.78
[SERVER] Received aircraft: 95A8C5 at 50.71,9.68
[SERVER] Received aircraft: 16293A at 50.03,8.37
[SERVER] Received aircraft: A8E487 at 52.61,7.02
[SERVER] Received aircraft: A01356 at 52.32,7.73
[SORT-DEBUG] Received sort='alt', asc='false', ascending=false, count=18
[SORT-DEBUG] After sorting by alt (asc=false):
  [0] ICAO=16293A Callsign=F1 Alt=35306 Spd=606
  [1] ICAO=C2FB51 Callsign=DM149 Alt=30980 Spd=411
  [2] ICAO=6317DF Callsign=AJ385 Alt=28890 Spd=438
[SERVER] Received aircraft: 77DCC7 at 50.73,6.78
[SERVER] Received aircraft: 74C3B8 at 51.61,10.69
[SERVER] Received aircraft: 4BE1CE at 46.54,7.01
[SERVER] Received aircraft: 566A02 at 51.45,8.49
[SERVER] Received aircraft: 049452 at 51.97,4.04
[SERVER] Received aircraft: 08DF81 at 50.43,8.10
[SERVER] Received aircraft: C2FB51 at 47.33,6.93
[SERVER] Received aircraft: 356ED1 at 51.75,8.31
[SERVER] Received aircraft: A8269C at 49.90,7.56
[SERVER] Received aircraft: 6317DF at 47.70,4.20
[SERVER] Received aircraft: 58E57F at 48.76,11.70
[SERVER] Received aircraft: 3AB297 at 52.80,8.23
[SERVER] Received aircraft: 893F64 at 48.52,5.94
[SERVER] Received aircraft: 8683B3 at 51.23,10.78
[SERVER] Received aircraft: 95A8C5 at 50.71,9.68
[SERVER] Received aircraft: 16293A at 50.03,8.37
[SERVER] Received aircraft: A8E487 at 52.61,7.03
[SERVER] Received aircraft: A01356 at 52.32,7.74
[SORT-DEBUG] Received sort='alt', asc='false', ascending=false, count=18
[SORT-DEBUG] After sorting by alt (asc=false):
  [0] ICAO=16293A Callsign=F1 Alt=35047 Spd=608
  [1] ICAO=C2FB51 Callsign=DM149 Alt=30980 Spd=411
  [2] ICAO=6317DF Callsign=AJ385 Alt=28890 Spd=438
[SERVER] Received aircraft: 77DCC7 at 50.73,6.78
[SERVER] Received aircraft: 74C3B8 at 51.61,10.69
[SERVER] Received aircraft: 4BE1CE at 46.54,7.01
[SERVER] Received aircraft: 566A02 at 51.45,8.49
[SERVER] Received aircraft: 049452 at 51.97,4.04
[SERVER] Received aircraft: 08DF81 at 50.43,8.10
[SERVER] Received aircraft: C2FB51 at 47.32,6.93
[SERVER] Received aircraft: 356ED1 at 51.75,8.32
[SERVER] Received aircraft: A8269C at 49.90,7.56
[SERVER] Received aircraft: 6317DF at 47.70,4.20
[SERVER] Received aircraft: 58E57F at 48.76,11.70
[SERVER] Received aircraft: 3AB297 at 52.80,8.23
[SERVER] Received aircraft: 893F64 at 48.52,5.94
[SERVER] Received aircraft: 8683B3 at 51.23,10.78
[SERVER] Received aircraft: 95A8C5 at 50.71,9.68
[SERVER] Received aircraft: 16293A at 50.03,8.38
[SERVER] Received aircraft: A8E487 at 52.61,7.03
[SERVER] Received aircraft: A01356 at 52.32,7.74
[SORT-DEBUG] Received sort='alt', asc='false', ascending=false, count=18
[SORT-DEBUG] After sorting by alt (asc=false):
  [0] ICAO=16293A Callsign=F1 Alt=35123 Spd=608
  [1] ICAO=C2FB51 Callsign=DM149 Alt=30929 Spd=411
  [2] ICAO=6317DF Callsign=AJ385 Alt=28890 Spd=438
[SERVER] Received aircraft: 77DCC7 at 50.73,6.79
[SERVER] Received aircraft: 74C3B8 at 51.61,10.68
[SERVER] Received aircraft: 4BE1CE at 46.53,7.01
[SERVER] Received aircraft: 566A02 at 51.45,8.49
[SERVER] Received aircraft: 049452 at 51.97,4.04
[SERVER] Received aircraft: 08DF81 at 50.43,8.10
[SERVER] Received aircraft: C2FB51 at 47.32,6.92
[SERVER] Received aircraft: 356ED1 at 51.75,8.32
[SERVER] Received aircraft: A8269C at 49.90,7.55
[SERVER] Received aircraft: 6317DF at 47.70,4.20
[SERVER] Received aircraft: 58E57F at 48.77,11.70
[SERVER] Received aircraft: 3AB297 at 52.80,8.23
[SERVER] Received aircraft: 893F64 at 48.52,5.94
[SERVER] Received aircraft: 8683B3 at 51.23,10.78
[SERVER] Received aircraft: 95A8C5 at 50.72,9.68
[SERVER] Received aircraft: 16293A at 50.03,8.38
[SERVER] Received aircraft: A8E487 at 52.61,7.03
[SERVER] Received aircraft: A01356 at 52.32,7.74
[SORT-DEBUG] Received sort='alt', asc='false', ascending=false, count=18
[SORT-DEBUG] After sorting by alt (asc=false):
  [0] ICAO=16293A Callsign=F1 Alt=33215 Spd=608
  [1] ICAO=C2FB51 Callsign=DM149 Alt=30929 Spd=411
  [2] ICAO=6317DF Callsign=AJ385 Alt=28890 Spd=438
[SERVER] Received aircraft: 77DCC7 at 50.73,6.79
[SERVER] Received aircraft: 74C3B8 at 51.61,10.68
[SERVER] Received aircraft: 4BE1CE at 46.53,7.00
[SERVER] Received aircraft: 566A02 at 51.45,8.49
[SERVER] Received aircraft: 049452 at 51.97,4.04
[SERVER] Received aircraft: 08DF81 at 50.43,8.10
[SERVER] Received aircraft: C2FB51 at 47.32,6.92
[SERVER] Received aircraft: 356ED1 at 51.75,8.32
[SERVER] Received aircraft: A8269C at 49.90,7.55
[SERVER] Received aircraft: 6317DF at 47.70,4.20
[SERVER] Received aircraft: 58E57F at 48.77,11.70
[SERVER] Received aircraft: 3AB297 at 52.80,8.24
[SERVER] Received aircraft: 893F64 at 48.52,5.94
[SERVER] Received aircraft: 8683B3 at 51.23,10.78
[SERVER] Received aircraft: 95A8C5 at 50.72,9.68
[SERVER] Received aircraft: 16293A at 50.03,8.38
[SERVER] Received aircraft: A8E487 at 52.61,7.03
[SERVER] Received aircraft: A01356 at 52.32,7.75
[SORT-DEBUG] Received sort='alt', asc='false', ascending=false, count=18
[SORT-DEBUG] After sorting by alt (asc=false):
  [0] ICAO=16293A Callsign=F1 Alt=34753 Spd=608
  [1] ICAO=C2FB51 Callsign=DM149 Alt=30929 Spd=411
  [2] ICAO=6317DF Callsign=AJ385 Alt=28947 Spd=439
[SERVER] Received aircraft: 77DCC7 at 50.73,6.79
[SERVER] Received aircraft: 74C3B8 at 51.61,10.68
[SERVER] Received aircraft: 4BE1CE at 46.53,7.00
[SERVER] Received aircraft: 566A02 at 51.45,8.49
[SERVER] Received aircraft: 049452 at 51.97,4.04
[SERVER] Received aircraft: 08DF81 at 50.43,8.09
[SERVER] Received aircraft: C2FB51 at 47.32,6.92
[SERVER] Received aircraft: 356ED1 at 51.75,8.32
[SERVER] Received aircraft: A8269C at 49.90,7.55
[SERVER] Received aircraft: 6317DF at 47.69,4.20
[SERVER] Received aircraft: 58E57F at 48.77,11.71
[SERVER] Received aircraft: 3AB297 at 52.80,8.24
[SERVER] Received aircraft: 893F64 at 48.52,5.94
[SERVER] Received aircraft: 8683B3 at 51.22,10.78
[SERVER] Received aircraft: 95A8C5 at 50.72,9.68
[SERVER] Received aircraft: 16293A at 50.04,8.39
[SERVER] Received aircraft: A8E487 at 52.61,7.04
[SERVER] Received aircraft: A01356 at 52.32,7.75
[SORT-DEBUG] Received sort='alt', asc='false', ascending=false, count=18
[SORT-DEBUG] After sorting by alt (asc=false):
  [0] ICAO=16293A Callsign=F1 Alt=36662 Spd=610
  [1] ICAO=C2FB51 Callsign=DM149 Alt=30929 Spd=411
  [2] ICAO=6317DF Callsign=AJ385 Alt=28947 Spd=439
[SERVER] Received aircraft: 77DCC7 at 50.73,6.79
[SERVER] Received aircraft: 74C3B8 at 51.61,10.68
[SERVER] Received aircraft: 4BE1CE at 46.53,7.00
[SERVER] Received aircraft: 566A02 at 51.45,8.49
[SERVER] Received aircraft: 049452 at 51.98,4.04
[SERVER] Received aircraft: 08DF81 at 50.44,8.09
[SERVER] Received aircraft: C2FB51 at 47.32,6.92
[SERVER] Received aircraft: 356ED1 at 51.76,8.32
[SERVER] Received aircraft: A8269C at 49.90,7.54
[SERVER] Received aircraft: 6317DF at 47.69,4.20
[SERVER] Received aircraft: 58E57F at 48.77,11.71
[SERVER] Received aircraft: 3AB297 at 52.80,8.24
[SERVER] Received aircraft: 893F64 at 48.52,5.94
[SERVER] Received aircraft: 8683B3 at 51.22,10.78
[SERVER] Received aircraft: 95A8C5 at 50.72,9.68
[SERVER] Received aircraft: 16293A at 50.04,8.39
[SERVER] Received aircraft: A8E487 at 52.61,7.04
[SERVER] Received aircraft: A01356 at 52.33,7.76
[SORT-DEBUG] Received sort='alt', asc='false', ascending=false, count=18
[SORT-DEBUG] After sorting by alt (asc=false):
  [0] ICAO=16293A Callsign=F1 Alt=37675 Spd=610
  [1] ICAO=C2FB51 Callsign=DM149 Alt=30929 Spd=411
  [2] ICAO=6317DF Callsign=AJ385 Alt=28898 Spd=439
[SERVER] Received aircraft: 77DCC7 at 50.73,6.79
[SERVER] Received aircraft: 74C3B8 at 51.62,10.68
[SERVER] Received aircraft: 4BE1CE at 46.53,7.00
[SERVER] Received aircraft: 566A02 at 51.45,8.50
[SERVER] Received aircraft: 049452 at 51.98,4.04
[SERVER] Received aircraft: 08DF81 at 50.44,8.09
[SERVER] Received aircraft: C2FB51 at 47.32,6.92
[SERVER] Received aircraft: 356ED1 at 51.76,8.32
[SERVER] Received aircraft: A8269C at 49.90,7.54
[SERVER] Received aircraft: 6317DF at 47.69,4.20
[SERVER] Received aircraft: 58E57F at 48.77,11.71
[SERVER] Received aircraft: 3AB297 at 52.80,8.25
[SERVER] Received aircraft: 893F64 at 48.52,5.94
[SERVER] Received aircraft: 8683B3 at 51.22,10.78
[SERVER] Received aircraft: 95A8C5 at 50.72,9.67
[SERVER] Received aircraft: 16293A at 50.04,8.39
[SERVER] Received aircraft: A8E487 at 52.61,7.04
[SERVER] Received aircraft: A01356 at 52.33,7.76
[SORT-DEBUG] Received sort='alt', asc='false', ascending=false, count=18
[SORT-DEBUG] After sorting by alt (asc=false):
  [0] ICAO=16293A Callsign=F1 Alt=37372 Spd=610
  [1] ICAO=C2FB51 Callsign=DM149 Alt=30929 Spd=411
  [2] ICAO=6317DF Callsign=AJ385 Alt=28898 Spd=439
[SERVER] Received aircraft: 77DCC7 at 50.73,6.80
[SERVER] Received aircraft: 74C3B8 at 51.62,10.68
[SERVER] Received aircraft: 4BE1CE at 46.52,7.00
[SERVER] Received aircraft: 566A02 at 51.45,8.50
[SERVER] Received aircraft: 049452 at 51.98,4.04
[SERVER] Received aircraft: 08DF81 at 50.44,8.09
[SERVER] Received aircraft: C2FB51 at 47.31,6.92
[SERVER] Received aircraft: 356ED1 at 51.76,8.33
[SERVER] Received aircraft: A8269C at 49.90,7.54
[SERVER] Received aircraft: 6317DF at 47.69,4.20
[SERVER] Received aircraft: 58E57F at 48.77,11.71
[SERVER] Received aircraft: 3AB297 at 52.80,8.25
[SERVER] Received aircraft: 893F64 at 48.52,5.94
[SERVER] Received aircraft: 8683B3 at 51.22,10.78
[SERVER] Received aircraft: 95A8C5 at 50.72,9.67
[SERVER] Received aircraft: 16293A at 50.04,8.40
[SERVER] Received aircraft: A8E487 at 52.61,7.05
[SERVER] Received aircraft: A01356 at 52.33,7.76
[SORT-DEBUG] Received sort='alt', asc='false', ascending=false, count=18
[SORT-DEBUG] After sorting by alt (asc=false):
  [0] ICAO=16293A Callsign=F1 Alt=35689 Spd=610
  [1] ICAO=C2FB51 Callsign=DM149 Alt=30929 Spd=411
  [2] ICAO=6317DF Callsign=AJ385 Alt=28898 Spd=439
[SERVER] Received aircraft: 77DCC7 at 50.73,6.80
[SERVER] Received aircraft: 74C3B8 at 51.62,10.68
[SERVER] Received aircraft: 4BE1CE at 46.52,7.00
[SERVER] Received aircraft: 566A02 at 51.45,8.50
[SERVER] Received aircraft: 049452 at 51.98,4.04
[SERVER] Received aircraft: 08DF81 at 50.44,8.09
[SERVER] Received aircraft: C2FB51 at 47.31,6.92
[SERVER] Received aircraft: 356ED1 at 51.76,8.33
[SERVER] Received aircraft: A8269C at 49.90,7.53
[SERVER] Received aircraft: 6317DF at 47.69,4.20
[SERVER] Received aircraft: 58E57F at 48.77,11.71
[SERVER] Received aircraft: 3AB297 at 52.80,8.25
[SERVER] Received aircraft: 893F64 at 48.52,5.94
[SERVER] Received aircraft: 8683B3 at 51.22,10.78
[SERVER] Received aircraft: 95A8C5 at 50.73,9.67
[SERVER] Received aircraft: 16293A at 50.04,8.40
[SERVER] Received aircraft: A8E487 at 52.61,7.05
[SERVER] Received aircraft: A01356 at 52.33,7.77
[SORT-DEBUG] Received sort='alt', asc='false', ascending=false, count=18
[SORT-DEBUG] After sorting by alt (asc=false):
  [0] ICAO=16293A Callsign=F1 Alt=33827 Spd=610
  [1] ICAO=C2FB51 Callsign=DM149 Alt=30929 Spd=411
  [2] ICAO=6317DF Callsign=AJ385 Alt=28898 Spd=440
[SERVER] Received aircraft: 77DCC7 at 50.73,6.80
[SERVER] Received aircraft: 74C3B8 at 51.62,10.67
[SERVER] Received aircraft: 4BE1CE at 46.52,7.00
[SERVER] Received aircraft: 566A02 at 51.45,8.50
[SERVER] Received aircraft: 049452 at 51.98,4.04
[SERVER] Received aircraft: 08DF81 at 50.44,8.09
[SERVER] Received aircraft: C2FB51 at 47.31,6.92
[SERVER] Received aircraft: 356ED1 at 51.76,8.33
[SERVER] Received aircraft: A8269C at 49.90,7.53
[SERVER] Received aircraft: 6317DF at 47.68,4.20
[SERVER] Received aircraft: 58E57F at 48.77,11.71
[SERVER] Received aircraft: 3AB297 at 52.80,8.25
[SERVER] Received aircraft: 893F64 at 48.53,5.94
[SERVER] Received aircraft: 8683B3 at 51.22,10.78
[SERVER] Received aircraft: 95A8C5 at 50.73,9.67
[SERVER] Received aircraft: 16293A at 50.04,8.40
[SERVER] Received aircraft: A8E487 at 52.61,7.05
[SERVER] Received aircraft: A01356 at 52.33,7.77
[SORT-DEBUG] Received sort='alt', asc='false', ascending=false, count=18
[SORT-DEBUG] After sorting by alt (asc=false):
  [0] ICAO=16293A Callsign=F1 Alt=34733 Spd=610
  [1] ICAO=C2FB51 Callsign=DM149 Alt=30929 Spd=411
  [2] ICAO=6317DF Callsign=AJ385 Alt=28898 Spd=440
[SERVER] Received aircraft: 77DCC7 at 50.73,6.80
[SERVER] Received aircraft: 74C3B8 at 51.62,10.67
[SERVER] Received aircraft: 4BE1CE at 46.52,6.99
[SERVER] Received aircraft: 566A02 at 51.45,8.50
[SERVER] Received aircraft: 049452 at 51.98,4.04
[SERVER] Received aircraft: 08DF81 at 50.44,8.09
[SERVER] Received aircraft: C2FB51 at 47.31,6.92
[SERVER] Received aircraft: 356ED1 at 51.76,8.33
[SERVER] Received aircraft: A8269C at 49.90,7.53
[SERVER] Received aircraft: 6317DF at 47.68,4.20
[SERVER] Received aircraft: 58E57F at 48.77,11.71
[SERVER] Received aircraft: 3AB297 at 52.80,8.26
[SERVER] Received aircraft: 893F64 at 48.53,5.94
[SERVER] Received aircraft: 8683B3 at 51.22,10.78
[SERVER] Received aircraft: 95A8C5 at 50.73,9.67
[SERVER] Received aircraft: 16293A at 50.04,8.41
[SERVER] Received aircraft: A8E487 at 52.61,7.06
[SERVER] Received aircraft: A01356 at 52.33,7.77
[SORT-DEBUG] Received sort='alt', asc='false', ascending=false, count=18
[SORT-DEBUG] After sorting by alt (asc=false):
  [0] ICAO=16293A Callsign=F1 Alt=35554 Spd=610
  [1] ICAO=C2FB51 Callsign=DM149 Alt=30871 Spd=411
  [2] ICAO=6317DF Callsign=AJ385 Alt=28898 Spd=440
[SERVER] Received aircraft: 77DCC7 at 50.74,6.80
[SERVER] Received aircraft: 74C3B8 at 51.62,10.67
[SERVER] Received aircraft: 4BE1CE at 46.52,6.99
[SERVER] Received aircraft: 566A02 at 51.45,8.50
[SERVER] Received aircraft: 049452 at 51.99,4.04
[SERVER] Received aircraft: 08DF81 at 50.44,8.09
[SERVER] Received aircraft: C2FB51 at 47.31,6.91
[SERVER] Received aircraft: 356ED1 at 51.76,8.33
[SERVER] Received aircraft: A8269C at 49.90,7.52
[SERVER] Received aircraft: 6317DF at 47.68,4.20
[SERVER] Received aircraft: 58E57F at 48.77,11.71
[SERVER] Received aircraft: 3AB297 at 52.80,8.26
[SERVER] Received aircraft: 893F64 at 48.53,5.94
[SERVER] Received aircraft: 8683B3 at 51.21,10.78
[SERVER] Received aircraft: 95A8C5 at 50.73,9.67
[SERVER] Received aircraft: 16293A at 50.05,8.41
[SERVER] Received aircraft: A8E487 at 52.61,7.06
[SERVER] Received aircraft: A01356 at 52.33,7.78
[SORT-DEBUG] Received sort='alt', asc='false', ascending=false, count=18
[SORT-DEBUG] After sorting by alt (asc=false):
  [0] ICAO=16293A Callsign=F1 Alt=35512 Spd=610
  [1] ICAO=C2FB51 Callsign=DM149 Alt=30871 Spd=411
  [2] ICAO=6317DF Callsign=AJ385 Alt=28898 Spd=440
[SERVER] Received aircraft: 77DCC7 at 50.74,6.80
[SERVER] Received aircraft: 74C3B8 at 51.62,10.67
[SERVER] Received aircraft: 4BE1CE at 46.52,6.99
[SERVER] Received aircraft: 566A02 at 51.44,8.50
[SERVER] Received aircraft: 049452 at 51.99,4.04
[SERVER] Received aircraft: 08DF81 at 50.44,8.09
[SERVER] Received aircraft: C2FB51 at 47.30,6.91
[SERVER] Received aircraft: 356ED1 at 51.76,8.33
[SERVER] Received aircraft: A8269C at 49.90,7.52
[SERVER] Received aircraft: 6317DF at 47.68,4.20
[SERVER] Received aircraft: 58E57F at 48.77,11.71
[SERVER] Received aircraft: 3AB297 at 52.80,8.26
[SERVER] Received aircraft: 893F64 at 48.53,5.95
[SERVER] Received aircraft: 8683B3 at 51.21,10.78
[SERVER] Received aircraft: 95A8C5 at 50.73,9.67
[SERVER] Received aircraft: 16293A at 50.05,8.42
[SERVER] Received aircraft: A8E487 at 52.61,7.06
[SERVER] Received aircraft: A01356 at 52.33,7.78
[SORT-DEBUG] Received sort='alt', asc='false', ascending=false, count=18
[SORT-DEBUG] After sorting by alt (asc=false):
  [0] ICAO=16293A Callsign=F1 Alt=33925 Spd=610
  [1] ICAO=C2FB51 Callsign=DM149 Alt=30871 Spd=411
  [2] ICAO=6317DF Callsign=AJ385 Alt=28898 Spd=441
[SERVER] Received aircraft: 77DCC7 at 50.74,6.81
[SERVER] Received aircraft: 74C3B8 at 51.62,10.67
[SERVER] Received aircraft: 4BE1CE at 46.51,6.99
[SERVER] Received aircraft: 566A02 at 51.44,8.50
[SERVER] Received aircraft: 049452 at 51.99,4.03
[SERVER] Received aircraft: 08DF81 at 50.45,8.09
[SERVER] Received aircraft: C2FB51 at 47.30,6.91
[SERVER] Received aircraft: 356ED1 at 51.76,8.33
[SERVER] Received aircraft: A8269C at 49.90,7.52
[SERVER] Received aircraft: 6317DF at 47.68,4.20
[SERVER] Received aircraft: 58E57F at 48.77,11.71
[SERVER] Received aircraft: 3AB297 at 52.80,8.26
[SERVER] Received aircraft: 893F64 at 48.53,5.95
[SERVER] Received aircraft: 8683B3 at 51.21,10.77
[SERVER] Received aircraft: 95A8C5 at 50.73,9.67
[SERVER] Received aircraft: 16293A at 50.05,8.42
[SERVER] Received aircraft: A8E487 at 52.61,7.07
[SERVER] Received aircraft: A01356 at 52.33,7.79
[SORT-DEBUG] Received sort='alt', asc='false', ascending=false, count=18
[SORT-DEBUG] After sorting by alt (asc=false):
  [0] ICAO=16293A Callsign=F1 Alt=34977 Spd=612
  [1] ICAO=C2FB51 Callsign=DM149 Alt=30871 Spd=411
  [2] ICAO=6317DF Callsign=AJ385 Alt=28898 Spd=441
[SERVER] Received aircraft: 77DCC7 at 50.74,6.81
[SERVER] Received aircraft: 74C3B8 at 51.62,10.67
[SERVER] Received aircraft: 4BE1CE at 46.51,6.99
[SERVER] Received aircraft: 566A02 at 51.44,8.50
[SERVER] Received aircraft: 049452 at 51.99,4.03
[SERVER] Received aircraft: 08DF81 at 50.45,8.09
[SERVER] Received aircraft: C2FB51 at 47.30,6.91
[SERVER] Received aircraft: 356ED1 at 51.76,8.34
[SERVER] Received aircraft: A8269C at 49.90,7.51
[SERVER] Received aircraft: 6317DF at 47.67,4.20
[SERVER] Received aircraft: 58E57F at 48.77,11.71
[SERVER] Received aircraft: 3AB297 at 52.80,8.27
[SERVER] Received aircraft: 893F64 at 48.53,5.95
[SERVER] Received aircraft: 8683B3 at 51.21,10.77
[SERVER] Received aircraft: 95A8C5 at 50.74,9.67
[SERVER] Received aircraft: 16293A at 50.05,8.42
[SERVER] Received aircraft: A8E487 at 52.61,7.07
[SERVER] Received aircraft: A01356 at 52.33,7.79
[SORT-DEBUG] Received sort='alt', asc='false', ascending=false, count=18
[SORT-DEBUG] After sorting by alt (asc=false):
  [0] ICAO=16293A Callsign=F1 Alt=36260 Spd=612
  [1] ICAO=C2FB51 Callsign=DM149 Alt=30871 Spd=411
  [2] ICAO=6317DF Callsign=AJ385 Alt=28898 Spd=441
[SERVER] Received aircraft: 77DCC7 at 50.74,6.81
[SERVER] Received aircraft: 74C3B8 at 51.62,10.67
[SERVER] Received aircraft: 4BE1CE at 46.51,6.99
[SERVER] Received aircraft: 566A02 at 51.44,8.50
[SERVER] Received aircraft: 049452 at 51.99,4.03
[SERVER] Received aircraft: 08DF81 at 50.45,8.09
[SERVER] Received aircraft: C2FB51 at 47.30,6.91
[SERVER] Received aircraft: 356ED1 at 51.76,8.34
[SERVER] Received aircraft: A8269C at 49.90,7.51
[SERVER] Received aircraft: 6317DF at 47.67,4.20
[SERVER] Received aircraft: 58E57F at 48.77,11.71
[SERVER] Received aircraft: 3AB297 at 52.80,8.27
[SERVER] Received aircraft: 893F64 at 48.53,5.95
[SERVER] Received aircraft: 8683B3 at 51.21,10.77
[SERVER] Received aircraft: 95A8C5 at 50.74,9.67
[SERVER] Received aircraft: 16293A at 50.05,8.43
[SERVER] Received aircraft: A8E487 at 52.61,7.07
[SERVER] Received aircraft: A01356 at 52.33,7.79
[SORT-DEBUG] Received sort='alt', asc='false', ascending=false, count=18
[SORT-DEBUG] After sorting by alt (asc=false):
  [0] ICAO=16293A Callsign=F1 Alt=34649 Spd=612
  [1] ICAO=C2FB51 Callsign=DM149 Alt=30871 Spd=411
  [2] ICAO=6317DF Callsign=AJ385 Alt=28898 Spd=441
[SERVER] Received aircraft: 77DCC7 at 50.74,6.81
[SERVER] Received aircraft: 74C3B8 at 51.62,10.66
[SERVER] Received aircraft: 4BE1CE at 46.51,6.99
[SERVER] Received aircraft: 566A02 at 51.44,8.50
[SERVER] Received aircraft: 049452 at 51.99,4.03
[SERVER] Received aircraft: 08DF81 at 50.45,8.09
[SERVER] Received aircraft: C2FB51 at 47.30,6.91
[SERVER] Received aircraft: 356ED1 at 51.76,8.34
[SERVER] Received aircraft: A8269C at 49.90,7.51
[SERVER] Received aircraft: 6317DF at 47.67,4.20
[SERVER] Received aircraft: 58E57F at 48.77,11.71
[SERVER] Received aircraft: 3AB297 at 52.80,8.27
[SERVER] Received aircraft: 893F64 at 48.53,5.95
[SERVER] Received aircraft: 8683B3 at 51.21,10.77
[SERVER] Received aircraft: 95A8C5 at 50.74,9.67
[SERVER] Received aircraft: 16293A at 50.05,8.43
[SERVER] Received aircraft: A8E487 at 52.61,7.07
[SERVER] Received aircraft: A01356 at 52.34,7.80
[SORT-DEBUG] Received sort='alt', asc='false', ascending=false, count=18
[SORT-DEBUG] After sorting by alt (asc=false):
  [0] ICAO=16293A Callsign=F1 Alt=33501 Spd=613
  [1] ICAO=C2FB51 Callsign=DM149 Alt=30871 Spd=411
  [2] ICAO=6317DF Callsign=AJ385 Alt=28898 Spd=441
[SERVER] Received aircraft: 77DCC7 at 50.74,6.81
[SERVER] Received aircraft: 74C3B8 at 51.62,10.66
[SERVER] Received aircraft: 4BE1CE at 46.51,6.98
[SERVER] Received aircraft: 566A02 at 51.44,8.50
[SERVER] Received aircraft: 049452 at 51.99,4.03
[SERVER] Received aircraft: 08DF81 at 50.45,8.09
[SERVER] Received aircraft: C2FB51 at 47.30,6.91
[SERVER] Received aircraft: 356ED1 at 51.76,8.34
[SERVER] Received aircraft: A8269C at 49.90,7.50
[SERVER] Received aircraft: 6317DF at 47.67,4.20
[SERVER] Received aircraft: 58E57F at 48.77,11.71
[SERVER] Received aircraft: 3AB297 at 52.81,8.27
[SERVER] Received aircraft: 893F64 at 48.53,5.95
[SERVER] Received aircraft: 8683B3 at 51.21,10.77
[SERVER] Received aircraft: 95A8C5 at 50.74,9.67
[SERVER] Received aircraft: 16293A at 50.06,8.43
[SERVER] Received aircraft: A8E487 at 52.61,7.08
[SERVER] Received aircraft: A01356 at 52.34,7.80
[SORT-DEBUG] Received sort='alt', asc='false', ascending=false, count=18
[SORT-DEBUG] After sorting by alt (asc=false):
  [0] ICAO=16293A Callsign=F1 Alt=31747 Spd=613
  [1] ICAO=C2FB51 Callsign=DM149 Alt=30871 Spd=411
  [2] ICAO=6317DF Callsign=AJ385 Alt=28898 Spd=441
[SERVER] Received aircraft: 77DCC7 at 50.74,6.81
[SERVER] Received aircraft: 74C3B8 at 51.62,10.66
[SERVER] Received aircraft: 4BE1CE at 46.50,6.98
[SERVER] Received aircraft: 566A02 at 51.44,8.50
[SERVER] Received aircraft: 049452 at 52.00,4.03
[SERVER] Received aircraft: 08DF81 at 50.45,8.09
[SERVER] Received aircraft: C2FB51 at 47.29,6.91
[SERVER] Received aircraft: 356ED1 at 51.76,8.34
[SERVER] Received aircraft: A8269C at 49.90,7.50
[SERVER] Received aircraft: 6317DF at 47.67,4.20
[SERVER] Received aircraft: 58E57F at 48.77,11.72
[SERVER] Received aircraft: 3AB297 at 52.81,8.28
[SERVER] Received aircraft: 893F64 at 48.53,5.95
[SERVER] Received aircraft: 8683B3 at 51.21,10.77
[SERVER] Received aircraft: 95A8C5 at 50.74,9.66
[SERVER] Received aircraft: 16293A at 50.06,8.44
[SERVER] Received aircraft: A8E487 at 52.61,7.08
[SERVER] Received aircraft: A01356 at 52.34,7.80
[SORT-DEBUG] Received sort='alt', asc='false', ascending=false, count=18
[SORT-DEBUG] After sorting by alt (asc=false):
  [0] ICAO=16293A Callsign=F1 Alt=33123 Spd=613
  [1] ICAO=C2FB51 Callsign=DM149 Alt=30871 Spd=411
  [2] ICAO=6317DF Callsign=AJ385 Alt=28898 Spd=441
[SERVER] Received aircraft: 77DCC7 at 50.74,6.82
[SERVER] Received aircraft: 74C3B8 at 51.63,10.66
[SERVER] Received aircraft: 4BE1CE at 46.50,6.98
[SERVER] Received aircraft: 566A02 at 51.44,8.50
[SERVER] Received aircraft: 049452 at 52.00,4.03
[SERVER] Received aircraft: 08DF81 at 50.45,8.09
[SERVER] Received aircraft: C2FB51 at 47.29,6.91
[SERVER] Received aircraft: 356ED1 at 51.76,8.34
[SERVER] Received aircraft: A8269C at 49.90,7.50
[SERVER] Received aircraft: 6317DF at 47.66,4.20
[SERVER] Received aircraft: 58E57F at 48.77,11.72
[SERVER] Received aircraft: 3AB297 at 52.81,8.28
[SERVER] Received aircraft: 893F64 at 48.54,5.95
[SERVER] Received aircraft: 8683B3 at 51.20,10.77
[SERVER] Received aircraft: 95A8C5 at 50.74,9.66
[SERVER] Received aircraft: 16293A at 50.06,8.44
[SERVER] Received aircraft: A8E487 at 52.61,7.08
[SERVER] Received aircraft: A01356 at 52.34,7.81
[SORT-DEBUG] Received sort='alt', asc='false', ascending=false, count=18
[SORT-DEBUG] After sorting by alt (asc=false):
  [0] ICAO=16293A Callsign=F1 Alt=32259 Spd=613
  [1] ICAO=C2FB51 Callsign=DM149 Alt=30871 Spd=411
  [2] ICAO=6317DF Callsign=AJ385 Alt=28830 Spd=441
[SERVER] Received aircraft: 77DCC7 at 50.74,6.82
[SERVER] Received aircraft: 74C3B8 at 51.63,10.66
[SERVER] Received aircraft: 4BE1CE at 46.50,6.98
[SERVER] Received aircraft: 566A02 at 51.44,8.50
[SERVER] Received aircraft: 049452 at 52.00,4.03
[SERVER] Received aircraft: 08DF81 at 50.46,8.09
[SERVER] Received aircraft: C2FB51 at 47.29,6.91
[SERVER] Received aircraft: 356ED1 at 51.76,8.34
[SERVER] Received aircraft: A8269C at 49.90,7.49
[SERVER] Received aircraft: 6317DF at 47.66,4.20
[SERVER] Received aircraft: 58E57F at 48.77,11.72
[SERVER] Received aircraft: 3AB297 at 52.81,8.28
[SERVER] Received aircraft: 893F64 at 48.54,5.95
[SERVER] Received aircraft: 8683B3 at 51.20,10.77
[SERVER] Received aircraft: 95A8C5 at 50.75,9.66
[SERVER] Received aircraft: 16293A at 50.06,8.44
[SERVER] Received aircraft: A8E487 at 52.61,7.09
[SERVER] Received aircraft: A01356 at 52.34,7.81
[SORT-DEBUG] Received sort='alt', asc='false', ascending=false, count=18
[SORT-DEBUG] After sorting by alt (asc=false):
  [0] ICAO=16293A Callsign=F1 Alt=33667 Spd=613
  [1] ICAO=C2FB51 Callsign=DM149 Alt=30795 Spd=411
  [2] ICAO=6317DF Callsign=AJ385 Alt=28830 Spd=441
[SERVER] Received aircraft: 77DCC7 at 50.74,6.82
[SERVER] Received aircraft: 74C3B8 at 51.63,10.66
[SERVER] Received aircraft: 4BE1CE at 46.50,6.98
[SERVER] Received aircraft: 566A02 at 51.44,8.50
[SERVER] Received aircraft: 049452 at 52.00,4.03
[SERVER] Received aircraft: 08DF81 at 50.46,8.09
[SERVER] Received aircraft: C2FB51 at 47.29,6.91
[SERVER] Received aircraft: 356ED1 at 51.76,8.35
[SERVER] Received aircraft: A8269C at 49.90,7.49
[SERVER] Received aircraft: 6317DF at 47.66,4.20
[SERVER] Received aircraft: 58E57F at 48.77,11.72
[SERVER] Received aircraft: 3AB297 at 52.81,8.28
[SERVER] Received aircraft: 893F64 at 48.54,5.95
[SERVER] Received aircraft: 8683B3 at 51.20,10.77
[SERVER] Received aircraft: 95A8C5 at 50.75,9.66
[SERVER] Received aircraft: 16293A at 50.06,8.45
[SERVER] Received aircraft: A8E487 at 52.61,7.09
[SERVER] Received aircraft: A01356 at 52.34,7.82
[SORT-DEBUG] Received sort='alt', asc='false', ascending=false, count=18
[SORT-DEBUG] After sorting by alt (asc=false):
  [0] ICAO=16293A Callsign=F1 Alt=33541 Spd=613
  [1] ICAO=C2FB51 Callsign=DM149 Alt=30795 Spd=411
  [2] ICAO=6317DF Callsign=AJ385 Alt=28830 Spd=441
[SERVER] Received aircraft: 77DCC7 at 50.74,6.82
[SERVER] Received aircraft: 74C3B8 at 51.63,10.66
[SERVER] Received aircraft: 4BE1CE at 46.50,6.98
[SERVER] Received aircraft: 566A02 at 51.44,8.50
[SERVER] Received aircraft: 049452 at 52.00,4.03
[SERVER] Received aircraft: 08DF81 at 50.46,8.09
[SERVER] Received aircraft: C2FB51 at 47.29,6.91
[SERVER] Received aircraft: 356ED1 at 51.76,8.35
[SERVER] Received aircraft: A8269C at 49.90,7.49
[SERVER] Received aircraft: 6317DF at 47.66,4.20
[SERVER] Received aircraft: 58E57F at 48.77,11.72
[SERVER] Received aircraft: 3AB297 at 52.81,8.29
[SERVER] Received aircraft: 893F64 at 48.54,5.95
[SERVER] Received aircraft: 8683B3 at 51.20,10.77
[SERVER] Received aircraft: 95A8C5 at 50.75,9.66
[SERVER] Received aircraft: 16293A at 50.06,8.45
[SERVER] Received aircraft: A8E487 at 52.61,7.09
[SERVER] Received aircraft: A01356 at 52.34,7.82
[SORT-DEBUG] Received sort='alt', asc='false', ascending=false, count=18
[SORT-DEBUG] After sorting by alt (asc=false):
  [0] ICAO=16293A Callsign=F1 Alt=32482 Spd=613
  [1] ICAO=C2FB51 Callsign=DM149 Alt=30795 Spd=411
  [2] ICAO=6317DF Callsign=AJ385 Alt=28830 Spd=441
[SERVER] Received aircraft: 77DCC7 at 50.74,6.82
[SERVER] Received aircraft: 74C3B8 at 51.63,10.65
[SERVER] Received aircraft: 4BE1CE at 46.50,6.98
[SERVER] Received aircraft: 566A02 at 51.44,8.50
[SERVER] Received aircraft: 049452 at 52.00,4.03
[SERVER] Received aircraft: 08DF81 at 50.46,8.09
[SERVER] Received aircraft: C2FB51 at 47.28,6.90
[SERVER] Received aircraft: 356ED1 at 51.76,8.35
[SERVER] Received aircraft: A8269C at 49.90,7.48
[SERVER] Received aircraft: 6317DF at 47.66,4.20
[SERVER] Received aircraft: 58E57F at 48.77,11.72
[SERVER] Received aircraft: 3AB297 at 52.81,8.29
[SERVER] Received aircraft: 893F64 at 48.54,5.95
[SERVER] Received aircraft: 8683B3 at 51.20,10.77
[SERVER] Received aircraft: 95A8C5 at 50.75,9.66
[SERVER] Received aircraft: 16293A at 50.07,8.45
[SERVER] Received aircraft: A8E487 at 52.61,7.10
[SERVER] Received aircraft: A01356 at 52.34,7.82
[SORT-DEBUG] Received sort='alt', asc='false', ascending=false, count=18
[SORT-DEBUG] After sorting by alt (asc=false):
  [0] ICAO=16293A Callsign=F1 Alt=33491 Spd=613
  [1] ICAO=C2FB51 Callsign=DM149 Alt=30795 Spd=411
  [2] ICAO=6317DF Callsign=AJ385 Alt=28830 Spd=441
[SERVER] Received aircraft: 77DCC7 at 50.74,6.82
[SERVER] Received aircraft: 74C3B8 at 51.63,10.65
[SERVER] Received aircraft: 4BE1CE at 46.49,6.98
[SERVER] Received aircraft: 566A02 at 51.44,8.50
[SERVER] Received aircraft: 049452 at 52.01,4.03
[SERVER] Received aircraft: 08DF81 at 50.46,8.09
[SERVER] Received aircraft: C2FB51 at 47.28,6.90
[SERVER] Received aircraft: 356ED1 at 51.76,8.35
[SERVER] Received aircraft: A8269C at 49.90,7.48
[SERVER] Received aircraft: 6317DF at 47.65,4.20
[SERVER] Received aircraft: 58E57F at 48.77,11.72
[SERVER] Received aircraft: 3AB297 at 52.81,8.29
[SERVER] Received aircraft: 893F64 at 48.54,5.95
[SERVER] Received aircraft: 8683B3 at 51.20,10.77
[SERVER] Received aircraft: 95A8C5 at 50.75,9.66
[SERVER] Received aircraft: 16293A at 50.07,8.46
[SERVER] Received aircraft: A8E487 at 52.61,7.10
[SERVER] Received aircraft: A01356 at 52.34,7.83
[SORT-DEBUG] Received sort='alt', asc='false', ascending=false, count=18
[SORT-DEBUG] After sorting by alt (asc=false):
  [0] ICAO=16293A Callsign=F1 Alt=34046 Spd=613
  [1] ICAO=C2FB51 Callsign=DM149 Alt=30795 Spd=411
  [2] ICAO=6317DF Callsign=AJ385 Alt=28830 Spd=441
[SERVER] Received aircraft: 77DCC7 at 50.74,6.83
[SERVER] Received aircraft: 74C3B8 at 51.63,10.65
[SERVER] Received aircraft: 4BE1CE at 46.49,6.97
[SERVER] Received aircraft: 566A02 at 51.44,8.50
[SERVER] Received aircraft: 049452 at 52.01,4.03
[SERVER] Received aircraft: 08DF81 at 50.46,8.09
[SERVER] Received aircraft: C2FB51 at 47.28,6.90
[SERVER] Received aircraft: 356ED1 at 51.76,8.35
[SERVER] Received aircraft: A8269C at 49.90,7.47
[SERVER] Received aircraft: 6317DF at 47.65,4.20
[SERVER] Received aircraft: 58E57F at 48.78,11.72
[SERVER] Received aircraft: 3AB297 at 52.81,8.29
[SERVER] Received aircraft: 893F64 at 48.54,5.95
[SERVER] Received aircraft: 8683B3 at 51.20,10.77
[SERVER] Received aircraft: 95A8C5 at 50.75,9.66
[SERVER] Received aircraft: 16293A at 50.07,8.46
[SERVER] Received aircraft: A8E487 at 52.61,7.10
[SERVER] Received aircraft: A01356 at 52.34,7.83
[SORT-DEBUG] Received sort='alt', asc='false', ascending=false, count=18
[SORT-DEBUG] After sorting by alt (asc=false):
  [0] ICAO=16293A Callsign=F1 Alt=33438 Spd=613
  [1] ICAO=C2FB51 Callsign=DM149 Alt=30795 Spd=411
  [2] ICAO=6317DF Callsign=AJ385 Alt=28830 Spd=441
[SERVER] Received aircraft: 77DCC7 at 50.74,6.83
[SERVER] Received aircraft: 74C3B8 at 51.63,10.65
[SERVER] Received aircraft: 4BE1CE at 46.49,6.97
[SERVER] Received aircraft: 566A02 at 51.44,8.50
[SERVER] Received aircraft: 049452 at 52.01,4.03
[SERVER] Received aircraft: 08DF81 at 50.46,8.09
[SERVER] Received aircraft: C2FB51 at 47.28,6.90
[SERVER] Received aircraft: 356ED1 at 51.77,8.35
[SERVER] Received aircraft: A8269C at 49.90,7.47
[SERVER] Received aircraft: 6317DF at 47.65,4.20
[SERVER] Received aircraft: 58E57F at 48.78,11.72
[SERVER] Received aircraft: 3AB297 at 52.81,8.30
[SERVER] Received aircraft: 893F64 at 48.54,5.95
[SERVER] Received aircraft: 8683B3 at 51.20,10.77
[SERVER] Received aircraft: 95A8C5 at 50.76,9.66
[SERVER] Received aircraft: 16293A at 50.07,8.46
[SERVER] Received aircraft: A8E487 at 52.61,7.11
[SERVER] Received aircraft: A01356 at 52.34,7.83
[SORT-DEBUG] Received sort='alt', asc='false', ascending=false, count=18
[SORT-DEBUG] After sorting by alt (asc=false):
  [0] ICAO=16293A Callsign=F1 Alt=34429 Spd=613
  [1] ICAO=C2FB51 Callsign=DM149 Alt=30795 Spd=411
  [2] ICAO=6317DF Callsign=AJ385 Alt=28830 Spd=441
[SERVER] Received aircraft: 77DCC7 at 50.74,6.83
[SERVER] Received aircraft: 74C3B8 at 51.63,10.65
[SERVER] Received aircraft: 4BE1CE at 46.49,6.97
[SERVER] Received aircraft: 566A02 at 51.43,8.50
[SERVER] Received aircraft: 049452 at 52.01,4.03
[SERVER] Received aircraft: 08DF81 at 50.46,8.09
[SERVER] Received aircraft: C2FB51 at 47.28,6.90
[SERVER] Received aircraft: 356ED1 at 51.77,8.35
[SERVER] Received aircraft: A8269C at 49.90,7.47
[SERVER] Received aircraft: 6317DF at 47.65,4.20
[SERVER] Received aircraft: 58E57F at 48.78,11.72
[SERVER] Received aircraft: 3AB297 at 52.81,8.30
[SERVER] Received aircraft: 893F64 at 48.54,5.95
[SERVER] Received aircraft: 8683B3 at 51.19,10.77
[SERVER] Received aircraft: 95A8C5 at 50.76,9.66
[SERVER] Received aircraft: 16293A at 50.07,8.47
[SERVER] Received aircraft: A8E487 at 52.61,7.11
[SERVER] Received aircraft: A01356 at 52.35,7.84
[SORT-DEBUG] Received sort='alt', asc='false', ascending=false, count=18
[SORT-DEBUG] After sorting by alt (asc=false):
  [0] ICAO=16293A Callsign=F1 Alt=32619 Spd=613
  [1] ICAO=C2FB51 Callsign=DM149 Alt=30795 Spd=411
  [2] ICAO=6317DF Callsign=AJ385 Alt=28830 Spd=441
[SERVER] Received aircraft: 77DCC7 at 50.74,6.83
[SERVER] Received aircraft: 74C3B8 at 51.63,10.65
[SERVER] Received aircraft: 4BE1CE at 46.49,6.97
[SERVER] Received aircraft: 566A02 at 51.43,8.50
[SERVER] Received aircraft: 049452 at 52.01,4.03
[SERVER] Received aircraft: 08DF81 at 50.47,8.09
[SERVER] Received aircraft: C2FB51 at 47.28,6.90
[SERVER] Received aircraft: 356ED1 at 51.77,8.36
[SERVER] Received aircraft: A8269C at 49.90,7.46
[SERVER] Received aircraft: 6317DF at 47.65,4.20
[SERVER] Received aircraft: 58E57F at 48.78,11.72
[SERVER] Received aircraft: 3AB297 at 52.81,8.30
[SERVER] Received aircraft: 893F64 at 48.54,5.95
[SERVER] Received aircraft: 8683B3 at 51.19,10.77
[SERVER] Received aircraft: 95A8C5 at 50.76,9.66
[SERVER] Received aircraft: 16293A at 50.08,8.47
[SERVER] Received aircraft: A8E487 at 52.61,7.11
[SERVER] Received aircraft: A01356 at 52.35,7.84
[SORT-DEBUG] Received sort='alt', asc='false', ascending=false, count=18
[SORT-DEBUG] After sorting by alt (asc=false):
  [0] ICAO=16293A Callsign=F1 Alt=32192 Spd=610
  [1] ICAO=C2FB51 Callsign=DM149 Alt=30795 Spd=411
  [2] ICAO=6317DF Callsign=AJ385 Alt=28830 Spd=441
[SERVER] Received aircraft: 77DCC7 at 50.74,6.83
[SERVER] Received aircraft: 74C3B8 at 51.63,10.65
[SERVER] Received aircraft: 4BE1CE at 46.48,6.97
[SERVER] Received aircraft: 566A02 at 51.43,8.50
[SERVER] Received aircraft: 049452 at 52.01,4.03
[SERVER] Received aircraft: 08DF81 at 50.47,8.09
[SERVER] Received aircraft: C2FB51 at 47.27,6.90
[SERVER] Received aircraft: 356ED1 at 51.77,8.36
[SERVER] Received aircraft: A8269C at 49.90,7.46
[SERVER] Received aircraft: 6317DF at 47.64,4.20
[SERVER] Received aircraft: 58E57F at 48.78,11.72
[SERVER] Received aircraft: 3AB297 at 52.81,8.31
[SERVER] Received aircraft: 893F64 at 48.55,5.95
[SERVER] Received aircraft: 8683B3 at 51.19,10.77
[SERVER] Received aircraft: 95A8C5 at 50.76,9.66
[SERVER] Received aircraft: 16293A at 50.08,8.48
[SERVER] Received aircraft: A8E487 at 52.61,7.11
[SERVER] Received aircraft: A01356 at 52.35,7.85
[SORT-DEBUG] Received sort='alt', asc='false', ascending=false, count=18
[SORT-DEBUG] After sorting by alt (asc=false):
  [0] ICAO=16293A Callsign=F1 Alt=31524 Spd=612
  [1] ICAO=C2FB51 Callsign=DM149 Alt=30795 Spd=411
  [2] ICAO=6317DF Callsign=AJ385 Alt=28813 Spd=441
[SERVER] Received aircraft: 77DCC7 at 50.74,6.84
[SERVER] Received aircraft: 74C3B8 at 51.63,10.64
[SERVER] Received aircraft: 4BE1CE at 46.48,6.97
[SERVER] Received aircraft: 566A02 at 51.43,8.50
[SERVER] Received aircraft: 049452 at 52.01,4.03
[SERVER] Received aircraft: 08DF81 at 50.47,8.09
[SERVER] Received aircraft: C2FB51 at 47.27,6.90
[SERVER] Received aircraft: 356ED1 at 51.77,8.36
[SERVER] Received aircraft: A8269C at 49.90,7.46
[SERVER] Received aircraft: 6317DF at 47.64,4.20
[SERVER] Received aircraft: 58E57F at 48.78,11.72
[SERVER] Received aircraft: 3AB297 at 52.81,8.31
[SERVER] Received aircraft: 893F64 at 48.55,5.95
[SERVER] Received aircraft: 8683B3 at 51.19,10.77
[SERVER] Received aircraft: 95A8C5 at 50.76,9.65
[SERVER] Received aircraft: 16293A at 50.08,8.48
[SERVER] Received aircraft: A8E487 at 52.61,7.12
[SERVER] Received aircraft: A01356 at 52.35,7.85
[SORT-DEBUG] Received sort='alt', asc='false', ascending=false, count=18
[SORT-DEBUG] After sorting by alt (asc=false):
  [0] ICAO=16293A Callsign=F1 Alt=32841 Spd=612
  [1] ICAO=C2FB51 Callsign=DM149 Alt=30795 Spd=416
  [2] ICAO=6317DF Callsign=AJ385 Alt=28813 Spd=441
[SERVER] Received aircraft: 77DCC7 at 50.74,6.84
[SERVER] Received aircraft: 74C3B8 at 51.64,10.64
[SERVER] Received aircraft: 4BE1CE at 46.48,6.97
[SERVER] Received aircraft: 566A02 at 51.43,8.50
[SERVER] Received aircraft: 049452 at 52.02,4.03
[SERVER] Received aircraft: 08DF81 at 50.47,8.09
[SERVER] Received aircraft: C2FB51 at 47.27,6.90
[SERVER] Received aircraft: 356ED1 at 51.77,8.36
[SERVER] Received aircraft: A8269C at 49.90,7.45
[SERVER] Received aircraft: 6317DF at 47.64,4.20
[SERVER] Received aircraft: 58E57F at 48.78,11.72
[SERVER] Received aircraft: 3AB297 at 52.81,8.31
[SERVER] Received aircraft: 893F64 at 48.55,5.95
[SERVER] Received aircraft: 8683B3 at 51.19,10.77
[SERVER] Received aircraft: 95A8C5 at 50.76,9.65
[SERVER] Received aircraft: 16293A at 50.08,8.48
[SERVER] Received aircraft: A8E487 at 52.61,7.12
[SERVER] Received aircraft: A01356 at 52.35,7.85
[SORT-DEBUG] Received sort='alt', asc='false', ascending=false, count=18
[SORT-DEBUG] After sorting by alt (asc=false):
  [0] ICAO=16293A Callsign=F1 Alt=32072 Spd=609
  [1] ICAO=C2FB51 Callsign=DM149 Alt=30795 Spd=416
  [2] ICAO=6317DF Callsign=AJ385 Alt=28813 Spd=441
[SERVER] Received aircraft: 77DCC7 at 50.74,6.84
[SERVER] Received aircraft: 74C3B8 at 51.64,10.64
[SERVER] Received aircraft: 4BE1CE at 46.48,6.96
[SERVER] Received aircraft: 566A02 at 51.43,8.50
[SERVER] Received aircraft: 049452 at 52.02,4.03
[SERVER] Received aircraft: 08DF81 at 50.47,8.09
[SERVER] Received aircraft: C2FB51 at 47.27,6.90
[SERVER] Received aircraft: 356ED1 at 51.77,8.36
[SERVER] Received aircraft: A8269C at 49.90,7.45
[SERVER] Received aircraft: 6317DF at 47.64,4.20
[SERVER] Received aircraft: 58E57F at 48.78,11.73
[SERVER] Received aircraft: 3AB297 at 52.81,8.31
[SERVER] Received aircraft: 893F64 at 48.55,5.95
[SERVER] Received aircraft: 8683B3 at 51.19,10.77
[SERVER] Received aircraft: 95A8C5 at 50.77,9.65
[SERVER] Received aircraft: 16293A at 50.08,8.49
[SERVER] Received aircraft: A8E487 at 52.61,7.12
[SERVER] Received aircraft: A01356 at 52.35,7.86
[SORT-DEBUG] Received sort='alt', asc='false', ascending=false, count=18
[SORT-DEBUG] After sorting by alt (asc=false):
  [0] ICAO=16293A Callsign=F1 Alt=31844 Spd=609
  [1] ICAO=C2FB51 Callsign=DM149 Alt=30795 Spd=416
  [2] ICAO=6317DF Callsign=AJ385 Alt=28758 Spd=441
[SERVER] Received aircraft: 77DCC7 at 50.74,6.84
[SERVER] Received aircraft: 74C3B8 at 51.64,10.64
[SERVER] Received aircraft: 4BE1CE at 46.48,6.96
[SERVER] Received aircraft: 566A02 at 51.43,8.50
[SERVER] Received aircraft: 049452 at 52.02,4.03
[SERVER] Received aircraft: 08DF81 at 50.47,8.09
[SERVER] Received aircraft: C2FB51 at 47.27,6.90
[SERVER] Received aircraft: 356ED1 at 51.77,8.36
[SERVER] Received aircraft: A8269C at 49.90,7.45
[SERVER] Received aircraft: 6317DF at 47.64,4.20
[SERVER] Received aircraft: 58E57F at 48.78,11.73
[SERVER] Received aircraft: 3AB297 at 52.81,8.32
[SERVER] Received aircraft: 893F64 at 48.55,5.95
[SERVER] Received aircraft: 8683B3 at 51.19,10.77
[SERVER] Received aircraft: 95A8C5 at 50.77,9.65
[SERVER] Received aircraft: 16293A at 50.08,8.49
[SERVER] Received aircraft: A8E487 at 52.61,7.13
[SERVER] Received aircraft: A01356 at 52.35,7.86
[SORT-DEBUG] Received sort='alt', asc='false', ascending=false, count=18
[SORT-DEBUG] After sorting by alt (asc=false):
  [0] ICAO=16293A Callsign=F1 Alt=31402 Spd=609
  [1] ICAO=C2FB51 Callsign=DM149 Alt=30770 Spd=416
  [2] ICAO=6317DF Callsign=AJ385 Alt=28758 Spd=441
[SERVER] Received aircraft: 77DCC7 at 50.74,6.84
[SERVER] Received aircraft: 74C3B8 at 51.64,10.64
[SERVER] Received aircraft: 4BE1CE at 46.48,6.96
[SERVER] Received aircraft: 566A02 at 51.43,8.50
[SERVER] Received aircraft: 049452 at 52.02,4.03
[SERVER] Received aircraft: 08DF81 at 50.47,8.09
[SERVER] Received aircraft: C2FB51 at 47.26,6.90
[SERVER] Received aircraft: 356ED1 at 51.77,8.36
[SERVER] Received aircraft: A8269C at 49.90,7.44
[SERVER] Received aircraft: 6317DF at 47.63,4.20
[SERVER] Received aircraft: 58E57F at 48.78,11.73
[SERVER] Received aircraft: 3AB297 at 52.81,8.32
[SERVER] Received aircraft: 893F64 at 48.55,5.95
[SERVER] Received aircraft: 8683B3 at 51.19,10.77
[SERVER] Received aircraft: 95A8C5 at 50.77,9.65
[SERVER] Received aircraft: 16293A at 50.09,8.49
[SERVER] Received aircraft: A8E487 at 52.61,7.13
[SERVER] Received aircraft: A01356 at 52.35,7.86
[SORT-DEBUG] Received sort='alt', asc='false', ascending=false, count=18
[SORT-DEBUG] After sorting by alt (asc=false):
  [0] ICAO=C2FB51 Callsign=DM149 Alt=30770 Spd=416
  [1] ICAO=16293A Callsign=F1 Alt=29523 Spd=609
  [2] ICAO=6317DF Callsign=AJ385 Alt=28759 Spd=441
[SERVER] Received aircraft: 77DCC7 at 50.74,6.84
[SERVER] Received aircraft: 74C3B8 at 51.64,10.64
[SERVER] Received aircraft: 4BE1CE at 46.47,6.96
[SERVER] Received aircraft: 566A02 at 51.43,8.50
[SERVER] Received aircraft: 049452 at 52.02,4.02
[SERVER] Received aircraft: 08DF81 at 50.48,8.09
[SERVER] Received aircraft: C2FB51 at 47.26,6.89
[SERVER] Received aircraft: 356ED1 at 51.77,8.37
[SERVER] Received aircraft: A8269C at 49.90,7.44
[SERVER] Received aircraft: 6317DF at 47.63,4.20
[SERVER] Received aircraft: 58E57F at 48.78,11.73
[SERVER] Received aircraft: 3AB297 at 52.81,8.32
[SERVER] Received aircraft: 893F64 at 48.55,5.95
[SERVER] Received aircraft: 8683B3 at 51.18,10.77
[SERVER] Received aircraft: 95A8C5 at 50.77,9.65
[SERVER] Received aircraft: 16293A at 50.09,8.50
[SERVER] Received aircraft: A8E487 at 52.61,7.13
[SERVER] Received aircraft: A01356 at 52.35,7.87
[SORT-DEBUG] Received sort='alt', asc='false', ascending=false, count=18
[SORT-DEBUG] After sorting by alt (asc=false):
  [0] ICAO=C2FB51 Callsign=DM149 Alt=30770 Spd=416
  [1] ICAO=6317DF Callsign=AJ385 Alt=28759 Spd=441
  [2] ICAO=893F64 Callsign=VP177 Alt=28693 Spd=224
[SERVER] Received aircraft: 77DCC7 at 50.74,6.85
[SERVER] Received aircraft: 74C3B8 at 51.64,10.64
[SERVER] Received aircraft: 4BE1CE at 46.47,6.96
[SERVER] Received aircraft: 566A02 at 51.43,8.50
[SERVER] Received aircraft: 049452 at 52.02,4.02
[SERVER] Received aircraft: 08DF81 at 50.48,8.09
[SERVER] Received aircraft: C2FB51 at 47.26,6.89
[SERVER] Received aircraft: 356ED1 at 51.77,8.37
[SERVER] Received aircraft: A8269C at 49.90,7.44
[SERVER] Received aircraft: 6317DF at 47.63,4.20
[SERVER] Received aircraft: 58E57F at 48.78,11.73
[SERVER] Received aircraft: 3AB297 at 52.82,8.32
[SERVER] Received aircraft: 893F64 at 48.55,5.95
[SERVER] Received aircraft: 8683B3 at 51.18,10.77
[SERVER] Received aircraft: 95A8C5 at 50.77,9.65
[SERVER] Received aircraft: 16293A at 50.09,8.50
[SERVER] Received aircraft: A8E487 at 52.61,7.14
[SERVER] Received aircraft: A01356 at 52.35,7.87
[SORT-DEBUG] Received sort='alt', asc='false', ascending=false, count=18
[SORT-DEBUG] After sorting by alt (asc=false):
  [0] ICAO=C2FB51 Callsign=DM149 Alt=30770 Spd=416
  [1] ICAO=6317DF Callsign=AJ385 Alt=28753 Spd=441
  [2] ICAO=893F64 Callsign=VP177 Alt=28693 Spd=224
[SERVER] Received aircraft: 77DCC7 at 50.74,6.85
[SERVER] Received aircraft: 74C3B8 at 51.64,10.63
[SERVER] Received aircraft: 4BE1CE at 46.47,6.96
[SERVER] Received aircraft: 566A02 at 51.43,8.50
[SERVER] Received aircraft: 049452 at 52.03,4.02
[SERVER] Received aircraft: 08DF81 at 50.48,8.09
[SERVER] Received aircraft: C2FB51 at 47.26,6.89
[SERVER] Received aircraft: 356ED1 at 51.77,8.37
[SERVER] Received aircraft: A8269C at 49.90,7.43
[SERVER] Received aircraft: 6317DF at 47.63,4.20
[SERVER] Received aircraft: 58E57F at 48.78,11.73
[SERVER] Received aircraft: 3AB297 at 52.82,8.33
[SERVER] Received aircraft: 893F64 at 48.55,5.95
[SERVER] Received aircraft: 8683B3 at 51.18,10.76
[SERVER] Received aircraft: 95A8C5 at 50.77,9.65
[SERVER] Received aircraft: 16293A at 50.09,8.50
[SERVER] Received aircraft: A8E487 at 52.61,7.14
[SERVER] Received aircraft: A01356 at 52.36,7.88
[SORT-DEBUG] Received sort='alt', asc='false', ascending=false, count=18
[SORT-DEBUG] After sorting by alt (asc=false):
  [0] ICAO=C2FB51 Callsign=DM149 Alt=30770 Spd=416
  [1] ICAO=6317DF Callsign=AJ385 Alt=28753 Spd=441
  [2] ICAO=893F64 Callsign=VP177 Alt=28693 Spd=224
[SERVER] Received aircraft: 77DCC7 at 50.74,6.85
[SERVER] Received aircraft: 74C3B8 at 51.64,10.63
[SERVER] Received aircraft: 4BE1CE at 46.47,6.95
[SERVER] Received aircraft: 566A02 at 51.43,8.50
[SERVER] Received aircraft: 049452 at 52.03,4.02
[SERVER] Received aircraft: 08DF81 at 50.48,8.08
[SERVER] Received aircraft: C2FB51 at 47.26,6.89
[SERVER] Received aircraft: 356ED1 at 51.77,8.37
[SERVER] Received aircraft: A8269C at 49.90,7.43
[SERVER] Received aircraft: 6317DF at 47.63,4.20
[SERVER] Received aircraft: 58E57F at 48.78,11.73
[SERVER] Received aircraft: 3AB297 at 52.82,8.33
[SERVER] Received aircraft: 893F64 at 48.55,5.95
[SERVER] Received aircraft: 8683B3 at 51.18,10.76
[SERVER] Received aircraft: 95A8C5 at 50.78,9.65
[SERVER] Received aircraft: 16293A at 50.09,8.51
[SERVER] Received aircraft: A8E487 at 52.61,7.14
[SERVER] Received aircraft: A01356 at 52.36,7.88
[SORT-DEBUG] Received sort='alt', asc='false', ascending=false, count=18
[SORT-DEBUG] After sorting by alt (asc=false):
  [0] ICAO=C2FB51 Callsign=DM149 Alt=30770 Spd=416
  [1] ICAO=6317DF Callsign=AJ385 Alt=28753 Spd=441
  [2] ICAO=893F64 Callsign=VP177 Alt=28693 Spd=224
[SERVER] Received aircraft: 77DCC7 at 50.74,6.85
[SERVER] Received aircraft: 74C3B8 at 51.64,10.63
[SERVER] Received aircraft: 4BE1CE at 46.47,6.95
[SERVER] Received aircraft: 566A02 at 51.43,8.50
[SERVER] Received aircraft: 049452 at 52.03,4.02
[SERVER] Received aircraft: 08DF81 at 50.48,8.08
[SERVER] Received aircraft: C2FB51 at 47.26,6.89
[SERVER] Received aircraft: 356ED1 at 51.77,8.37
[SERVER] Received aircraft: A8269C at 49.90,7.43
[SERVER] Received aircraft: 6317DF at 47.62,4.20
[SERVER] Received aircraft: 58E57F at 48.78,11.73
[SERVER] Received aircraft: 3AB297 at 52.82,8.33
[SERVER] Received aircraft: 893F64 at 48.56,5.95
[SERVER] Received aircraft: 8683B3 at 51.18,10.76
[SERVER] Received aircraft: 95A8C5 at 50.78,9.65
[SERVER] Received aircraft: 16293A at 50.09,8.51
[SERVER] Received aircraft: A8E487 at 52.61,7.15
[SERVER] Received aircraft: A01356 at 52.36,7.88
[SORT-DEBUG] Received sort='alt', asc='false', ascending=false, count=18
[SORT-DEBUG] After sorting by alt (asc=false):
  [0] ICAO=C2FB51 Callsign=DM149 Alt=30770 Spd=416
  [1] ICAO=893F64 Callsign=VP177 Alt=28693 Spd=224
  [2] ICAO=6317DF Callsign=AJ385 Alt=28654 Spd=441
[SERVER] Received aircraft: 77DCC7 at 50.74,6.85
[SERVER] Received aircraft: 74C3B8 at 51.64,10.63
[SERVER] Received aircraft: 4BE1CE at 46.47,6.95
[SERVER] Received aircraft: 566A02 at 51.43,8.50
[SERVER] Received aircraft: 049452 at 52.03,4.02
[SERVER] Received aircraft: 08DF81 at 50.48,8.08
[SERVER] Received aircraft: C2FB51 at 47.25,6.89
[SERVER] Received aircraft: 356ED1 at 51.77,8.37
[SERVER] Received aircraft: A8269C at 49.90,7.42
[SERVER] Received aircraft: 6317DF at 47.62,4.20
[SERVER] Received aircraft: 58E57F at 48.78,11.73
[SERVER] Received aircraft: 3AB297 at 52.82,8.33
[SERVER] Received aircraft: 893F64 at 48.56,5.95
[SERVER] Received aircraft: 8683B3 at 51.18,10.76
[SERVER] Received aircraft: 95A8C5 at 50.78,9.65
[SERVER] Received aircraft: 16293A at 50.10,8.51
[SERVER] Received aircraft: A8E487 at 52.61,7.15
[SERVER] Received aircraft: A01356 at 52.36,7.89
[SORT-DEBUG] Received sort='alt', asc='false', ascending=false, count=18
[SORT-DEBUG] After sorting by alt (asc=false):
  [0] ICAO=C2FB51 Callsign=DM149 Alt=30770 Spd=416
  [1] ICAO=893F64 Callsign=VP177 Alt=28693 Spd=224
  [2] ICAO=6317DF Callsign=AJ385 Alt=28654 Spd=441
[SERVER] Received aircraft: 77DCC7 at 50.74,6.85
[SERVER] Received aircraft: 74C3B8 at 51.64,10.63
[SERVER] Received aircraft: 4BE1CE at 46.46,6.95
[SERVER] Received aircraft: 566A02 at 51.42,8.50
[SERVER] Received aircraft: 049452 at 52.03,4.02
[SERVER] Received aircraft: 08DF81 at 50.48,8.08
[SERVER] Received aircraft: C2FB51 at 47.25,6.89
[SERVER] Received aircraft: 356ED1 at 51.77,8.37
[SERVER] Received aircraft: A8269C at 49.90,7.42
[SERVER] Received aircraft: 6317DF at 47.62,4.20
[SERVER] Received aircraft: 58E57F at 48.78,11.73
[SERVER] Received aircraft: 3AB297 at 52.82,8.34
[SERVER] Received aircraft: 893F64 at 48.56,5.95
[SERVER] Received aircraft: 8683B3 at 51.18,10.76
[SERVER] Received aircraft: 95A8C5 at 50.78,9.64
[SERVER] Received aircraft: 16293A at 50.10,8.52
[SERVER] Received aircraft: A8E487 at 52.61,7.15
[SERVER] Received aircraft: A01356 at 52.36,7.89
[SORT-DEBUG] Received sort='alt', asc='false', ascending=false, count=18
[SORT-DEBUG] After sorting by alt (asc=false):
  [0] ICAO=C2FB51 Callsign=DM149 Alt=30770 Spd=416
  [1] ICAO=893F64 Callsign=VP177 Alt=28693 Spd=224
  [2] ICAO=6317DF Callsign=AJ385 Alt=28654 Spd=441
[SERVER] Received aircraft: 77DCC7 at 50.74,6.86
[SERVER] Received aircraft: 74C3B8 at 51.65,10.63
[SERVER] Received aircraft: 4BE1CE at 46.46,6.95
[SERVER] Received aircraft: 566A02 at 51.42,8.50
[SERVER] Received aircraft: 049452 at 52.03,4.02
[SERVER] Received aircraft: 08DF81 at 50.48,8.08
[SERVER] Received aircraft: C2FB51 at 47.25,6.89
[SERVER] Received aircraft: 356ED1 at 51.77,8.38
[SERVER] Received aircraft: A8269C at 49.90,7.42
[SERVER] Received aircraft: 6317DF at 47.62,4.20
[SERVER] Received aircraft: 58E57F at 48.78,11.73
[SERVER] Received aircraft: 3AB297 at 52.82,8.34
[SERVER] Received aircraft: 893F64 at 48.56,5.95
[SERVER] Received aircraft: 8683B3 at 51.18,10.76
[SERVER] Received aircraft: 95A8C5 at 50.78,9.64
[SERVER] Received aircraft: 16293A at 50.10,8.52
[SERVER] Received aircraft: A8E487 at 52.61,7.15
[SERVER] Received aircraft: A01356 at 52.36,7.90
[SORT-DEBUG] Received sort='alt', asc='false', ascending=false, count=18
[SORT-DEBUG] After sorting by alt (asc=false):
  [0] ICAO=C2FB51 Callsign=DM149 Alt=30770 Spd=416
  [1] ICAO=893F64 Callsign=VP177 Alt=28693 Spd=224
  [2] ICAO=6317DF Callsign=AJ385 Alt=28654 Spd=441
[SERVER] Received aircraft: 77DCC7 at 50.74,6.86
[SERVER] Received aircraft: 74C3B8 at 51.65,10.63
[SERVER] Received aircraft: 4BE1CE at 46.46,6.95
[SERVER] Received aircraft: 566A02 at 51.42,8.50
[SERVER] Received aircraft: 049452 at 52.03,4.02
[SERVER] Received aircraft: 08DF81 at 50.49,8.08
[SERVER] Received aircraft: C2FB51 at 47.25,6.89
[SERVER] Received aircraft: 356ED1 at 51.77,8.38
[SERVER] Received aircraft: A8269C at 49.90,7.41
[SERVER] Received aircraft: 6317DF at 47.62,4.20
[SERVER] Received aircraft: 58E57F at 48.78,11.73
[SERVER] Received aircraft: 3AB297 at 52.82,8.34
[SERVER] Received aircraft: 893F64 at 48.56,5.95
[SERVER] Received aircraft: 8683B3 at 51.17,10.76
[SERVER] Received aircraft: 95A8C5 at 50.78,9.64
[SERVER] Received aircraft: 16293A at 50.10,8.52
[SERVER] Received aircraft: A8E487 at 52.61,7.16
[SERVER] Received aircraft: A01356 at 52.36,7.90
[SORT-DEBUG] Received sort='alt', asc='false', ascending=false, count=18
[SORT-DEBUG] After sorting by alt (asc=false):
  [0] ICAO=C2FB51 Callsign=DM149 Alt=30770 Spd=416
  [1] ICAO=893F64 Callsign=VP177 Alt=28693 Spd=224
  [2] ICAO=6317DF Callsign=AJ385 Alt=28654 Spd=443
[SERVER] Received aircraft: 77DCC7 at 50.74,6.86
[SERVER] Received aircraft: 74C3B8 at 51.65,10.63
[SERVER] Received aircraft: 4BE1CE at 46.46,6.95
[SERVER] Received aircraft: 566A02 at 51.42,8.50
[SERVER] Received aircraft: 049452 at 52.04,4.02
[SERVER] Received aircraft: 08DF81 at 50.49,8.08
[SERVER] Received aircraft: C2FB51 at 47.25,6.89
[SERVER] Received aircraft: 356ED1 at 51.77,8.38
[SERVER] Received aircraft: A8269C at 49.90,7.41
[SERVER] Received aircraft: 6317DF at 47.61,4.20
[SERVER] Received aircraft: 58E57F at 48.78,11.73
[SERVER] Received aircraft: 3AB297 at 52.82,8.34
[SERVER] Received aircraft: 893F64 at 48.56,5.95
[SERVER] Received aircraft: 8683B3 at 51.17,10.76
[SERVER] Received aircraft: 95A8C5 at 50.79,9.64
[SERVER] Received aircraft: 16293A at 50.10,8.53
[SERVER] Received aircraft: A8E487 at 52.61,7.16
[SERVER] Received aircraft: A01356 at 52.36,7.90
[SORT-DEBUG] Received sort='alt', asc='false', ascending=false, count=18
[SORT-DEBUG] After sorting by alt (asc=false):
  [0] ICAO=C2FB51 Callsign=DM149 Alt=30770 Spd=416
  [1] ICAO=893F64 Callsign=VP177 Alt=28693 Spd=224
  [2] ICAO=6317DF Callsign=AJ385 Alt=28556 Spd=443
[SERVER] Received aircraft: 77DCC7 at 50.74,6.86
[SERVER] Received aircraft: 74C3B8 at 51.65,10.62
[SERVER] Received aircraft: 4BE1CE at 46.46,6.94
[SERVER] Received aircraft: 566A02 at 51.42,8.50
[SERVER] Received aircraft: 049452 at 52.04,4.02
[SERVER] Received aircraft: 08DF81 at 50.49,8.08
[SERVER] Received aircraft: C2FB51 at 47.24,6.89
[SERVER] Received aircraft: 356ED1 at 51.77,8.38
[SERVER] Received aircraft: A8269C at 49.90,7.41
[SERVER] Received aircraft: 6317DF at 47.61,4.20
[SERVER] Received aircraft: 58E57F at 48.78,11.74
[SERVER] Received aircraft: 3AB297 at 52.82,8.35
[SERVER] Received aircraft: 893F64 at 48.56,5.95
[SERVER] Received aircraft: 8683B3 at 51.17,10.76
[SERVER] Received aircraft: 95A8C5 at 50.79,9.64
[SERVER] Received aircraft: 16293A at 50.11,8.53
[SERVER] Received aircraft: A8E487 at 52.61,7.16
[SERVER] Received aircraft: A01356 at 52.36,7.91
[SORT-DEBUG] Received sort='alt', asc='false', ascending=false, count=18
[SORT-DEBUG] After sorting by alt (asc=false):
  [0] ICAO=C2FB51 Callsign=DM149 Alt=30770 Spd=421
  [1] ICAO=893F64 Callsign=VP177 Alt=28693 Spd=226
  [2] ICAO=6317DF Callsign=AJ385 Alt=28556 Spd=443
[SERVER] Received aircraft: 77DCC7 at 50.74,6.86
[SERVER] Received aircraft: 74C3B8 at 51.65,10.62
[SERVER] Received aircraft: 4BE1CE at 46.46,6.94
[SERVER] Received aircraft: 566A02 at 51.42,8.50
[SERVER] Received aircraft: 049452 at 52.04,4.02
[SERVER] Received aircraft: 08DF81 at 50.49,8.08
[SERVER] Received aircraft: C2FB51 at 47.24,6.89
[SERVER] Received aircraft: 356ED1 at 51.77,8.38
[SERVER] Received aircraft: A8269C at 49.90,7.40
[SERVER] Received aircraft: 6317DF at 47.61,4.20
[SERVER] Received aircraft: 58E57F at 48.78,11.74
[SERVER] Received aircraft: 3AB297 at 52.82,8.35
[SERVER] Received aircraft: 893F64 at 48.56,5.95
[SERVER] Received aircraft: 8683B3 at 51.17,10.76
[SERVER] Received aircraft: 95A8C5 at 50.79,9.64
[SERVER] Received aircraft: 16293A at 50.11,8.53
[SERVER] Received aircraft: A8E487 at 52.61,7.17
[SERVER] Received aircraft: A01356 at 52.36,7.91
[SORT-DEBUG] Received sort='alt', asc='false', ascending=false, count=18
[SORT-DEBUG] After sorting by alt (asc=false):
  [0] ICAO=C2FB51 Callsign=DM149 Alt=30695 Spd=421
  [1] ICAO=893F64 Callsign=VP177 Alt=28693 Spd=231
  [2] ICAO=6317DF Callsign=AJ385 Alt=28499 Spd=448
[SERVER] Received aircraft: 77DCC7 at 50.74,6.86
[SERVER] Received aircraft: 74C3B8 at 51.65,10.62
[SERVER] Received aircraft: 4BE1CE at 46.45,6.94
[SERVER] Received aircraft: 566A02 at 51.42,8.50
[SERVER] Received aircraft: 049452 at 52.04,4.02
[SERVER] Received aircraft: 08DF81 at 50.49,8.08
[SERVER] Received aircraft: C2FB51 at 47.24,6.89
[SERVER] Received aircraft: 356ED1 at 51.78,8.38
[SERVER] Received aircraft: A8269C at 49.90,7.40
[SERVER] Received aircraft: 6317DF at 47.61,4.20
[SERVER] Received aircraft: 58E57F at 48.78,11.74
[SERVER] Received aircraft: 3AB297 at 52.82,8.35
[SERVER] Received aircraft: 893F64 at 48.56,5.95
[SERVER] Received aircraft: 8683B3 at 51.17,10.76
[SERVER] Received aircraft: 95A8C5 at 50.79,9.64
[SERVER] Received aircraft: 16293A at 50.11,8.54
[SERVER] Received aircraft: A8E487 at 52.61,7.17
[SERVER] Received aircraft: A01356 at 52.36,7.91
[SORT-DEBUG] Received sort='alt', asc='false', ascending=false, count=18
[SORT-DEBUG] After sorting by alt (asc=false):
  [0] ICAO=C2FB51 Callsign=DM149 Alt=30695 Spd=421
  [1] ICAO=893F64 Callsign=VP177 Alt=28693 Spd=231
  [2] ICAO=6317DF Callsign=AJ385 Alt=28499 Spd=448
[SERVER] Received aircraft: 77DCC7 at 50.74,6.87
[SERVER] Received aircraft: 74C3B8 at 51.65,10.62
[SERVER] Received aircraft: 4BE1CE at 46.45,6.94
[SERVER] Received aircraft: 566A02 at 51.42,8.50
[SERVER] Received aircraft: 049452 at 52.04,4.02
[SERVER] Received aircraft: 08DF81 at 50.49,8.08
[SERVER] Received aircraft: C2FB51 at 47.24,6.89
[SERVER] Received aircraft: 356ED1 at 51.78,8.38
[SERVER] Received aircraft: A8269C at 49.90,7.40
[SERVER] Received aircraft: 6317DF at 47.61,4.20
[SERVER] Received aircraft: 58E57F at 48.78,11.74
[SERVER] Received aircraft: 3AB297 at 52.82,8.35
[SERVER] Received aircraft: 893F64 at 48.57,5.95
[SERVER] Received aircraft: 8683B3 at 51.17,10.76
[SERVER] Received aircraft: 95A8C5 at 50.79,9.64
[SERVER] Received aircraft: 16293A at 50.11,8.54
[SERVER] Received aircraft: A8E487 at 52.61,7.17
[SERVER] Received aircraft: A01356 at 52.37,7.92
[SORT-DEBUG] Received sort='alt', asc='false', ascending=false, count=18
[SORT-DEBUG] After sorting by alt (asc=false):
  [0] ICAO=C2FB51 Callsign=DM149 Alt=30695 Spd=421
  [1] ICAO=893F64 Callsign=VP177 Alt=28693 Spd=231
  [2] ICAO=6317DF Callsign=AJ385 Alt=28499 Spd=448
[SERVER] Received aircraft: 77DCC7 at 50.74,6.87
[SERVER] Received aircraft: 74C3B8 at 51.65,10.62
[SERVER] Received aircraft: 4BE1CE at 46.45,6.94
[SERVER] Received aircraft: 566A02 at 51.42,8.50
[SERVER] Received aircraft: 049452 at 52.04,4.02
[SERVER] Received aircraft: 08DF81 at 50.49,8.08
[SERVER] Received aircraft: C2FB51 at 47.24,6.89
[SERVER] Received aircraft: 356ED1 at 51.78,8.39
[SERVER] Received aircraft: A8269C at 49.90,7.39
[SERVER] Received aircraft: 6317DF at 47.60,4.20
[SERVER] Received aircraft: 58E57F at 48.78,11.74
[SERVER] Received aircraft: 3AB297 at 52.82,8.36
[SERVER] Received aircraft: 893F64 at 48.57,5.95
[SERVER] Received aircraft: 8683B3 at 51.17,10.76
[SERVER] Received aircraft: 95A8C5 at 50.79,9.64
[SERVER] Received aircraft: 16293A at 50.11,8.54
[SERVER] Received aircraft: A8E487 at 52.61,7.18
[SERVER] Received aircraft: A01356 at 52.37,7.92
[SORT-DEBUG] Received sort='alt', asc='false', ascending=false, count=18
[SORT-DEBUG] After sorting by alt (asc=false):
  [0] ICAO=C2FB51 Callsign=DM149 Alt=30695 Spd=421
  [1] ICAO=893F64 Callsign=VP177 Alt=28693 Spd=231
  [2] ICAO=6317DF Callsign=AJ385 Alt=28499 Spd=448
[SERVER] Received aircraft: 77DCC7 at 50.74,6.87
[SERVER] Received aircraft: 74C3B8 at 51.65,10.62
[SERVER] Received aircraft: 4BE1CE at 46.45,6.94
[SERVER] Received aircraft: 566A02 at 51.42,8.50
[SERVER] Received aircraft: 049452 at 52.05,4.02
[SERVER] Received aircraft: 08DF81 at 50.50,8.08
[SERVER] Received aircraft: C2FB51 at 47.23,6.89
[SERVER] Received aircraft: 356ED1 at 51.78,8.39
[SERVER] Received aircraft: A8269C at 49.90,7.39
[SERVER] Received aircraft: 6317DF at 47.60,4.20
[SERVER] Received aircraft: 58E57F at 48.78,11.74
[SERVER] Received aircraft: 3AB297 at 52.83,8.36
[SERVER] Received aircraft: 893F64 at 48.57,5.95
[SERVER] Received aircraft: 8683B3 at 51.17,10.76
[SERVER] Received aircraft: 95A8C5 at 50.79,9.64
[SERVER] Received aircraft: 16293A at 50.11,8.55
[SERVER] Received aircraft: A8E487 at 52.61,7.18
[SERVER] Received aircraft: A01356 at 52.37,7.93
[SORT-DEBUG] Received sort='alt', asc='false', ascending=false, count=18
[SORT-DEBUG] After sorting by alt (asc=false):
  [0] ICAO=C2FB51 Callsign=DM149 Alt=30695 Spd=421
  [1] ICAO=893F64 Callsign=VP177 Alt=28693 Spd=231
  [2] ICAO=6317DF Callsign=AJ385 Alt=28499 Spd=448
[SERVER] Received aircraft: 77DCC7 at 50.74,6.87
[SERVER] Received aircraft: 74C3B8 at 51.65,10.62
[SERVER] Received aircraft: 4BE1CE at 46.45,6.93
[SERVER] Received aircraft: 566A02 at 51.42,8.50
[SERVER] Received aircraft: 049452 at 52.05,4.02
[SERVER] Received aircraft: 08DF81 at 50.50,8.08
[SERVER] Received aircraft: C2FB51 at 47.23,6.89
[SERVER] Received aircraft: 356ED1 at 51.78,8.39
[SERVER] Received aircraft: A8269C at 49.90,7.39
[SERVER] Received aircraft: 6317DF at 47.60,4.20
[SERVER] Received aircraft: 58E57F at 48.79,11.74
[SERVER] Received aircraft: 3AB297 at 52.83,8.36
[SERVER] Received aircraft: 893F64 at 48.57,5.96
[SERVER] Received aircraft: 8683B3 at 51.16,10.76
[SERVER] Received aircraft: 95A8C5 at 50.80,9.64
[SERVER] Received aircraft: 16293A at 50.12,8.55
[SERVER] Received aircraft: A8E487 at 52.61,7.18
[SERVER] Received aircraft: A01356 at 52.37,7.93
[SORT-DEBUG] Received sort='alt', asc='false', ascending=false, count=18
[SORT-DEBUG] After sorting by alt (asc=false):
  [0] ICAO=C2FB51 Callsign=DM149 Alt=30695 Spd=421
  [1] ICAO=893F64 Callsign=VP177 Alt=28693 Spd=231
  [2] ICAO=6317DF Callsign=AJ385 Alt=28499 Spd=448
[SERVER] Received aircraft: 77DCC7 at 50.74,6.87
[SERVER] Received aircraft: 74C3B8 at 51.65,10.61
[SERVER] Received aircraft: 4BE1CE at 46.45,6.93
[SERVER] Received aircraft: 566A02 at 51.42,8.50
[SERVER] Received aircraft: 049452 at 52.05,4.02
[SERVER] Received aircraft: 08DF81 at 50.50,8.08
[SERVER] Received aircraft: C2FB51 at 47.23,6.89
[SERVER] Received aircraft: 356ED1 at 51.78,8.39
[SERVER] Received aircraft: A8269C at 49.90,7.38
[SERVER] Received aircraft: 6317DF at 47.60,4.20
[SERVER] Received aircraft: 58E57F at 48.79,11.74
[SERVER] Received aircraft: 3AB297 at 52.83,8.36
[SERVER] Received aircraft: 893F64 at 48.57,5.96
[SERVER] Received aircraft: 8683B3 at 51.16,10.76
[SERVER] Received aircraft: 95A8C5 at 50.80,9.64
[SERVER] Received aircraft: 16293A at 50.12,8.55
[SERVER] Received aircraft: A8E487 at 52.61,7.19
[SERVER] Received aircraft: A01356 at 52.37,7.93
[SORT-DEBUG] Received sort='alt', asc='false', ascending=false, count=18
[SORT-DEBUG] After sorting by alt (asc=false):
  [0] ICAO=C2FB51 Callsign=DM149 Alt=30695 Spd=421
  [1] ICAO=893F64 Callsign=VP177 Alt=28693 Spd=231
  [2] ICAO=6317DF Callsign=AJ385 Alt=28499 Spd=448
[SERVER] Received aircraft: 77DCC7 at 50.74,6.87
[SERVER] Received aircraft: 74C3B8 at 51.66,10.61
[SERVER] Received aircraft: 4BE1CE at 46.44,6.93
[SERVER] Received aircraft: 566A02 at 51.42,8.50
[SERVER] Received aircraft: 049452 at 52.05,4.02
[SERVER] Received aircraft: 08DF81 at 50.50,8.08
[SERVER] Received aircraft: C2FB51 at 47.23,6.89
[SERVER] Received aircraft: 356ED1 at 51.78,8.39
[SERVER] Received aircraft: A8269C at 49.90,7.38
[SERVER] Received aircraft: 6317DF at 47.59,4.20
[SERVER] Received aircraft: 58E57F at 48.79,11.74
[SERVER] Received aircraft: 3AB297 at 52.83,8.37
[SERVER] Received aircraft: 893F64 at 48.57,5.96
[SERVER] Received aircraft: 8683B3 at 51.16,10.76
[SERVER] Received aircraft: 95A8C5 at 50.80,9.63
[SERVER] Received aircraft: 16293A at 50.12,8.56
[SERVER] Received aircraft: A8E487 at 52.61,7.19
[SERVER] Received aircraft: A01356 at 52.37,7.94
[SORT-DEBUG] Received sort='alt', asc='false', ascending=false, count=18
[SORT-DEBUG] After sorting by alt (asc=false):
  [0] ICAO=C2FB51 Callsign=DM149 Alt=30695 Spd=421
  [1] ICAO=893F64 Callsign=VP177 Alt=28693 Spd=231
  [2] ICAO=6317DF Callsign=AJ385 Alt=28499 Spd=448
[SERVER] Received aircraft: 77DCC7 at 50.74,6.88
[SERVER] Received aircraft: 74C3B8 at 51.66,10.61
[SERVER] Received aircraft: 4BE1CE at 46.44,6.93
[SERVER] Received aircraft: 566A02 at 51.42,8.50
[SERVER] Received aircraft: 049452 at 52.05,4.02
[SERVER] Received aircraft: 08DF81 at 50.50,8.08
[SERVER] Received aircraft: C2FB51 at 47.23,6.89
[SERVER] Received aircraft: 356ED1 at 51.78,8.39
[SERVER] Received aircraft: A8269C at 49.90,7.37
[SERVER] Received aircraft: 6317DF at 47.59,4.20
[SERVER] Received aircraft: 58E57F at 48.79,11.74
[SERVER] Received aircraft: 3AB297 at 52.83,8.37
[SERVER] Received aircraft: 893F64 at 48.57,5.96
[SERVER] Received aircraft: 8683B3 at 51.16,10.76
[SERVER] Received aircraft: 95A8C5 at 50.80,9.63
[SERVER] Received aircraft: 16293A at 50.12,8.56
[SERVER] Received aircraft: A8E487 at 52.61,7.19
[SERVER] Received aircraft: A01356 at 52.37,7.94
[SORT-DEBUG] Received sort='alt', asc='false', ascending=false, count=18
[SORT-DEBUG] After sorting by alt (asc=false):
  [0] ICAO=C2FB51 Callsign=DM149 Alt=30695 Spd=421
  [1] ICAO=893F64 Callsign=VP177 Alt=28693 Spd=231
  [2] ICAO=6317DF Callsign=AJ385 Alt=28499 Spd=448
[SERVER] Received aircraft: 77DCC7 at 50.74,6.88
[SERVER] Received aircraft: 74C3B8 at 51.66,10.61
[SERVER] Received aircraft: 4BE1CE at 46.44,6.93
[SERVER] Received aircraft: 566A02 at 51.42,8.50
[SERVER] Received aircraft: 049452 at 52.05,4.02
[SERVER] Received aircraft: 08DF81 at 50.50,8.08
[SERVER] Received aircraft: C2FB51 at 47.22,6.88
[SERVER] Received aircraft: 356ED1 at 51.78,8.39
[SERVER] Received aircraft: A8269C at 49.90,7.37
[SERVER] Received aircraft: 6317DF at 47.59,4.20
[SERVER] Received aircraft: 58E57F at 48.79,11.74
[SERVER] Received aircraft: 3AB297 at 52.83,8.37
[SERVER] Received aircraft: 893F64 at 48.57,5.96
[SERVER] Received aircraft: 8683B3 at 51.16,10.76
[SERVER] Received aircraft: 95A8C5 at 50.80,9.63
[SERVER] Received aircraft: 16293A at 50.12,8.56
[SERVER] Received aircraft: A8E487 at 52.61,7.20
[SERVER] Received aircraft: A01356 at 52.37,7.94
[SORT-DEBUG] Received sort='alt', asc='false', ascending=false, count=18
[SORT-DEBUG] After sorting by alt (asc=false):
  [0] ICAO=C2FB51 Callsign=DM149 Alt=30618 Spd=421
  [1] ICAO=A01356 Callsign=F3 Alt=28923 Spd=533
  [2] ICAO=893F64 Callsign=VP177 Alt=28733 Spd=231
[SERVER] Received aircraft: 77DCC7 at 50.74,6.88
[SERVER] Received aircraft: 74C3B8 at 51.66,10.61
[SERVER] Received aircraft: 4BE1CE at 46.44,6.93
[SERVER] Received aircraft: 566A02 at 51.41,8.50
[SERVER] Received aircraft: 049452 at 52.05,4.02
[SERVER] Received aircraft: 08DF81 at 50.50,8.08
[SERVER] Received aircraft: C2FB51 at 47.22,6.88
[SERVER] Received aircraft: 356ED1 at 51.78,8.40
[SERVER] Received aircraft: A8269C at 49.90,7.37
[SERVER] Received aircraft: 6317DF at 47.59,4.20
[SERVER] Received aircraft: 58E57F at 48.79,11.74
[SERVER] Received aircraft: 3AB297 at 52.83,8.37
[SERVER] Received aircraft: 893F64 at 48.57,5.96
[SERVER] Received aircraft: 8683B3 at 51.16,10.76
[SERVER] Received aircraft: 95A8C5 at 50.80,9.63
[SERVER] Received aircraft: 16293A at 50.12,8.57
[SERVER] Received aircraft: A8E487 at 52.61,7.20
[SERVER] Received aircraft: A01356 at 52.37,7.95
[SORT-DEBUG] Received sort='alt', asc='false', ascending=false, count=18
[SORT-DEBUG] After sorting by alt (asc=false):
  [0] ICAO=A01356 Callsign=F3 Alt=30662 Spd=533
  [1] ICAO=C2FB51 Callsign=DM149 Alt=30618 Spd=421
  [2] ICAO=893F64 Callsign=VP177 Alt=28733 Spd=231
[SERVER] Received aircraft: 77DCC7 at 50.74,6.88
[SERVER] Received aircraft: 74C3B8 at 51.66,10.61
[SERVER] Received aircraft: 4BE1CE at 46.44,6.92
[SERVER] Received aircraft: 566A02 at 51.41,8.50
[SERVER] Received aircraft: 049452 at 52.06,4.02
[SERVER] Received aircraft: 08DF81 at 50.50,8.08
[SERVER] Received aircraft: C2FB51 at 47.22,6.88
[SERVER] Received aircraft: 356ED1 at 51.78,8.40
[SERVER] Received aircraft: A8269C at 49.91,7.36
[SERVER] Received aircraft: 6317DF at 47.59,4.20
[SERVER] Received aircraft: 58E57F at 48.79,11.74
[SERVER] Received aircraft: 3AB297 at 52.83,8.38
[SERVER] Received aircraft: 893F64 at 48.57,5.96
[SERVER] Received aircraft: 8683B3 at 51.16,10.76
[SERVER] Received aircraft: 95A8C5 at 50.81,9.63
[SERVER] Received aircraft: 16293A at 50.13,8.57
[SERVER] Received aircraft: A8E487 at 52.61,7.20
[SERVER] Received aircraft: A01356 at 52.37,7.95
[SORT-DEBUG] Received sort='alt', asc='false', ascending=false, count=18
[SORT-DEBUG] After sorting by alt (asc=false):
  [0] ICAO=C2FB51 Callsign=DM149 Alt=30618 Spd=421
  [1] ICAO=A01356 Callsign=F3 Alt=30360 Spd=533
  [2] ICAO=893F64 Callsign=VP177 Alt=28733 Spd=231
[SERVER] Received aircraft: 77DCC7 at 50.74,6.88
[SERVER] Received aircraft: 74C3B8 at 51.66,10.61
[SERVER] Received aircraft: 4BE1CE at 46.43,6.92
[SERVER] Received aircraft: 566A02 at 51.41,8.50
[SERVER] Received aircraft: 049452 at 52.06,4.02
[SERVER] Received aircraft: 08DF81 at 50.51,8.08
[SERVER] Received aircraft: C2FB51 at 47.22,6.88
[SERVER] Received aircraft: 356ED1 at 51.78,8.40
[SERVER] Received aircraft: A8269C at 49.91,7.36
[SERVER] Received aircraft: 6317DF at 47.58,4.20
[SERVER] Received aircraft: 58E57F at 48.79,11.75
[SERVER] Received aircraft: 3AB297 at 52.83,8.38
[SERVER] Received aircraft: 893F64 at 48.58,5.96
[SERVER] Received aircraft: 8683B3 at 51.16,10.76
[SERVER] Received aircraft: 95A8C5 at 50.81,9.63
[SERVER] Received aircraft: 16293A at 50.13,8.57
[SERVER] Received aircraft: A8E487 at 52.61,7.20
[SERVER] Received aircraft: A01356 at 52.37,7.96
[SORT-DEBUG] Received sort='alt', asc='false', ascending=false, count=18
[SORT-DEBUG] After sorting by alt (asc=false):
  [0] ICAO=C2FB51 Callsign=DM149 Alt=30618 Spd=421
  [1] ICAO=A01356 Callsign=F3 Alt=29578 Spd=538
  [2] ICAO=893F64 Callsign=VP177 Alt=28733 Spd=231
[SERVER] Received aircraft: 77DCC7 at 50.74,6.88
[SERVER] Received aircraft: 74C3B8 at 51.66,10.61
[SERVER] Received aircraft: 4BE1CE at 46.43,6.92
[SERVER] Received aircraft: 566A02 at 51.41,8.50
[SERVER] Received aircraft: 049452 at 52.06,4.01
[SERVER] Received aircraft: 08DF81 at 50.51,8.08
[SERVER] Received aircraft: C2FB51 at 47.22,6.88
[SERVER] Received aircraft: 356ED1 at 51.78,8.40
[SERVER] Received aircraft: A8269C at 49.91,7.36
[SERVER] Received aircraft: 6317DF at 47.58,4.20
[SERVER] Received aircraft: 58E57F at 48.79,11.75
[SERVER] Received aircraft: 3AB297 at 52.83,8.38
[SERVER] Received aircraft: 893F64 at 48.58,5.96
[SERVER] Received aircraft: 8683B3 at 51.15,10.76
[SERVER] Received aircraft: 95A8C5 at 50.81,9.63
[SERVER] Received aircraft: 16293A at 50.13,8.58
[SERVER] Received aircraft: A8E487 at 52.61,7.21
[SERVER] Received aircraft: A01356 at 52.38,7.96
[SORT-DEBUG] Received sort='alt', asc='false', ascending=false, count=18
[SORT-DEBUG] After sorting by alt (asc=false):
  [0] ICAO=C2FB51 Callsign=DM149 Alt=30618 Spd=421
  [1] ICAO=A01356 Callsign=F3 Alt=29413 Spd=538
  [2] ICAO=893F64 Callsign=VP177 Alt=28733 Spd=231
[SERVER] Received aircraft: 77DCC7 at 50.74,6.89
[SERVER] Received aircraft: 74C3B8 at 51.66,10.60
[SERVER] Received aircraft: 4BE1CE at 46.43,6.92
[SERVER] Received aircraft: 566A02 at 51.41,8.50
[SERVER] Received aircraft: 049452 at 52.06,4.01
[SERVER] Received aircraft: 08DF81 at 50.51,8.08
[SERVER] Received aircraft: C2FB51 at 47.21,6.88
[SERVER] Received aircraft: 356ED1 at 51.78,8.40
[SERVER] Received aircraft: A8269C at 49.91,7.35
[SERVER] Received aircraft: 6317DF at 47.58,4.20
[SERVER] Received aircraft: 58E57F at 48.79,11.75
[SERVER] Received aircraft: 3AB297 at 52.83,8.38
[SERVER] Received aircraft: 893F64 at 48.58,5.96
[SERVER] Received aircraft: 8683B3 at 51.15,10.75
[SERVER] Received aircraft: 95A8C5 at 50.81,9.63
[SERVER] Received aircraft: 16293A at 50.13,8.58
[SERVER] Received aircraft: A8E487 at 52.61,7.21
[SERVER] Received aircraft: A01356 at 52.38,7.96
[SORT-DEBUG] Received sort='alt', asc='false', ascending=false, count=18
[SORT-DEBUG] After sorting by alt (asc=false):
  [0] ICAO=C2FB51 Callsign=DM149 Alt=30618 Spd=421
  [1] ICAO=A01356 Callsign=F3 Alt=28777 Spd=538
  [2] ICAO=893F64 Callsign=VP177 Alt=28733 Spd=231
[SERVER] Received aircraft: 77DCC7 at 50.74,6.89
[SERVER] Received aircraft: 74C3B8 at 51.66,10.60
[SERVER] Received aircraft: 4BE1CE at 46.43,6.92
[SERVER] Received aircraft: 566A02 at 51.41,8.50
[SERVER] Received aircraft: 049452 at 52.06,4.01
[SERVER] Received aircraft: 08DF81 at 50.51,8.07
[SERVER] Received aircraft: C2FB51 at 47.21,6.88
[SERVER] Received aircraft: 356ED1 at 51.78,8.40
[SERVER] Received aircraft: A8269C at 49.91,7.35
[SERVER] Received aircraft: 6317DF at 47.58,4.20
[SERVER] Received aircraft: 58E57F at 48.79,11.75
[SERVER] Received aircraft: 3AB297 at 52.83,8.39
[SERVER] Received aircraft: 893F64 at 48.58,5.96
[SERVER] Received aircraft: 8683B3 at 51.15,10.75
[SERVER] Received aircraft: 95A8C5 at 50.81,9.63
[SERVER] Received aircraft: 16293A at 50.13,8.59
[SERVER] Received aircraft: A8E487 at 52.61,7.21
[SERVER] Received aircraft: A01356 at 52.38,7.97
[SORT-DEBUG] Received sort='alt', asc='false', ascending=false, count=18
[SORT-DEBUG] After sorting by alt (asc=false):
  [0] ICAO=C2FB51 Callsign=DM149 Alt=30618 Spd=421
  [1] ICAO=A01356 Callsign=F3 Alt=30369 Spd=538
  [2] ICAO=893F64 Callsign=VP177 Alt=28733 Spd=231
[SERVER] Received aircraft: 77DCC7 at 50.74,6.89
[SERVER] Received aircraft: 74C3B8 at 51.66,10.60
[SERVER] Received aircraft: 4BE1CE at 46.43,6.92
[SERVER] Received aircraft: 566A02 at 51.41,8.50
[SERVER] Received aircraft: 049452 at 52.06,4.01
[SERVER] Received aircraft: 08DF81 at 50.51,8.07
[SERVER] Received aircraft: C2FB51 at 47.21,6.88
[SERVER] Received aircraft: 356ED1 at 51.78,8.40
[SERVER] Received aircraft: A8269C at 49.91,7.35
[SERVER] Received aircraft: 6317DF at 47.58,4.20
[SERVER] Received aircraft: 58E57F at 48.79,11.75
[SERVER] Received aircraft: 3AB297 at 52.83,8.39
[SERVER] Received aircraft: 893F64 at 48.58,5.96
[SERVER] Received aircraft: 8683B3 at 51.15,10.75
[SERVER] Received aircraft: 95A8C5 at 50.81,9.63
[SERVER] Received aircraft: 16293A at 50.13,8.59
[SERVER] Received aircraft: A8E487 at 52.61,7.22
[SERVER] Received aircraft: A01356 at 52.38,7.97
[SORT-DEBUG] Received sort='alt', asc='false', ascending=false, count=18
[SORT-DEBUG] After sorting by alt (asc=false):
  [0] ICAO=A01356 Callsign=F3 Alt=31700 Spd=538
  [1] ICAO=C2FB51 Callsign=DM149 Alt=30618 Spd=421
  [2] ICAO=893F64 Callsign=VP177 Alt=28733 Spd=231
[SERVER] Received aircraft: 77DCC7 at 50.74,6.89
[SERVER] Received aircraft: 74C3B8 at 51.66,10.60
[SERVER] Received aircraft: 4BE1CE at 46.43,6.92
[SERVER] Received aircraft: 566A02 at 51.41,8.50
[SERVER] Received aircraft: 049452 at 52.07,4.01
[SERVER] Received aircraft: 08DF81 at 50.51,8.07
[SERVER] Received aircraft: C2FB51 at 47.21,6.88
[SERVER] Received aircraft: 356ED1 at 51.78,8.41
[SERVER] Received aircraft: A8269C at 49.91,7.34
[SERVER] Received aircraft: 6317DF at 47.57,4.20
[SERVER] Received aircraft: 58E57F at 48.79,11.75
[SERVER] Received aircraft: 3AB297 at 52.83,8.39
[SERVER] Received aircraft: 893F64 at 48.58,5.96
[SERVER] Received aircraft: 8683B3 at 51.15,10.75
[SERVER] Received aircraft: 95A8C5 at 50.82,9.63
[SERVER] Received aircraft: 16293A at 50.14,8.59
[SERVER] Received aircraft: A8E487 at 52.62,7.22
[SERVER] Received aircraft: A01356 at 52.38,7.97
[SORT-DEBUG] Received sort='alt', asc='false', ascending=false, count=18
[SORT-DEBUG] After sorting by alt (asc=false):
  [0] ICAO=C2FB51 Callsign=DM149 Alt=30618 Spd=421
  [1] ICAO=A01356 Callsign=F3 Alt=30177 Spd=538
  [2] ICAO=893F64 Callsign=VP177 Alt=28733 Spd=231
[SERVER] Received aircraft: 77DCC7 at 50.74,6.89
[SERVER] Received aircraft: 74C3B8 at 51.67,10.60
[SERVER] Received aircraft: 4BE1CE at 46.42,6.91
[SERVER] Received aircraft: 566A02 at 51.41,8.50
[SERVER] Received aircraft: 049452 at 52.07,4.01
[SERVER] Received aircraft: 08DF81 at 50.51,8.07
[SERVER] Received aircraft: C2FB51 at 47.21,6.88
[SERVER] Received aircraft: 356ED1 at 51.78,8.41
[SERVER] Received aircraft: A8269C at 49.91,7.34
[SERVER] Received aircraft: 6317DF at 47.57,4.20
[SERVER] Received aircraft: 58E57F at 48.79,11.75
[SERVER] Received aircraft: 3AB297 at 52.83,8.39
[SERVER] Received aircraft: 893F64 at 48.58,5.96
[SERVER] Received aircraft: 8683B3 at 51.15,10.75
[SERVER] Received aircraft: 95A8C5 at 50.82,9.62
[SERVER] Received aircraft: 16293A at 50.14,8.60
[SERVER] Received aircraft: A8E487 at 52.62,7.22
[SERVER] Received aircraft: A01356 at 52.38,7.98
[SORT-DEBUG] Received sort='alt', asc='false', ascending=false, count=18
[SORT-DEBUG] After sorting by alt (asc=false):
  [0] ICAO=A01356 Callsign=F3 Alt=31737 Spd=537
  [1] ICAO=C2FB51 Callsign=DM149 Alt=30618 Spd=421
  [2] ICAO=893F64 Callsign=VP177 Alt=28733 Spd=231
[SERVER] Received aircraft: 77DCC7 at 50.74,6.89
[SERVER] Received aircraft: 74C3B8 at 51.67,10.60
[SERVER] Received aircraft: 4BE1CE at 46.42,6.91
[SERVER] Received aircraft: 566A02 at 51.41,8.50
[SERVER] Received aircraft: 049452 at 52.07,4.01
[SERVER] Received aircraft: 08DF81 at 50.52,8.07
[SERVER] Received aircraft: C2FB51 at 47.21,6.88
[SERVER] Received aircraft: 356ED1 at 51.78,8.41
[SERVER] Received aircraft: A8269C at 49.91,7.34
[SERVER] Received aircraft: 6317DF at 47.57,4.20
[SERVER] Received aircraft: 58E57F at 48.79,11.75
[SERVER] Received aircraft: 3AB297 at 52.84,8.40
[SERVER] Received aircraft: 893F64 at 48.58,5.96
[SERVER] Received aircraft: 8683B3 at 51.15,10.75
[SERVER] Received aircraft: 95A8C5 at 50.82,9.62
[SERVER] Received aircraft: 16293A at 50.14,8.60
[SERVER] Received aircraft: A8E487 at 52.62,7.23
[SERVER] Received aircraft: A01356 at 52.38,7.98
[SORT-DEBUG] Received sort='alt', asc='false', ascending=false, count=18
[SORT-DEBUG] After sorting by alt (asc=false):
  [0] ICAO=A01356 Callsign=F3 Alt=32664 Spd=537
  [1] ICAO=C2FB51 Callsign=DM149 Alt=30618 Spd=421
  [2] ICAO=893F64 Callsign=VP177 Alt=28733 Spd=231
[SERVER] Received aircraft: 77DCC7 at 50.74,6.90
[SERVER] Received aircraft: 74C3B8 at 51.67,10.60
[SERVER] Received aircraft: 4BE1CE at 46.42,6.91
[SERVER] Received aircraft: 566A02 at 51.41,8.50
[SERVER] Received aircraft: 049452 at 52.07,4.01
[SERVER] Received aircraft: 08DF81 at 50.52,8.07
[SERVER] Received aircraft: C2FB51 at 47.20,6.88
[SERVER] Received aircraft: 356ED1 at 51.78,8.41
[SERVER] Received aircraft: A8269C at 49.91,7.33
[SERVER] Received aircraft: 6317DF at 47.57,4.20
[SERVER] Received aircraft: 58E57F at 48.79,11.75
[SERVER] Received aircraft: 3AB297 at 52.84,8.40
[SERVER] Received aircraft: 893F64 at 48.58,5.96
[SERVER] Received aircraft: 8683B3 at 51.15,10.75
[SERVER] Received aircraft: 95A8C5 at 50.82,9.62
[SERVER] Received aircraft: 16293A at 50.14,8.60
[SERVER] Received aircraft: A8E487 at 52.62,7.23
[SERVER] Received aircraft: A01356 at 52.38,7.99
[SORT-DEBUG] Received sort='alt', asc='false', ascending=false, count=18
[SORT-DEBUG] After sorting by alt (asc=false):
  [0] ICAO=A01356 Callsign=F3 Alt=30694 Spd=537
  [1] ICAO=C2FB51 Callsign=DM149 Alt=30618 Spd=421
  [2] ICAO=893F64 Callsign=VP177 Alt=28733 Spd=231
[SERVER] Received aircraft: 77DCC7 at 50.74,6.90
[SERVER] Received aircraft: 74C3B8 at 51.67,10.60
[SERVER] Received aircraft: 4BE1CE at 46.42,6.91
[SERVER] Received aircraft: 566A02 at 51.41,8.50
[SERVER] Received aircraft: 049452 at 52.07,4.01
[SERVER] Received aircraft: 08DF81 at 50.52,8.07
[SERVER] Received aircraft: C2FB51 at 47.20,6.88
[SERVER] Received aircraft: 356ED1 at 51.78,8.41
[SERVER] Received aircraft: A8269C at 49.91,7.33
[SERVER] Received aircraft: 6317DF at 47.57,4.20
[SERVER] Received aircraft: 58E57F at 48.79,11.75
[SERVER] Received aircraft: 3AB297 at 52.84,8.40
[SERVER] Received aircraft: 893F64 at 48.58,5.96
[SERVER] Received aircraft: 8683B3 at 51.14,10.75
[SERVER] Received aircraft: 95A8C5 at 50.82,9.62
[SERVER] Received aircraft: 16293A at 50.14,8.61
[SERVER] Received aircraft: A8E487 at 52.62,7.23
[SERVER] Received aircraft: A01356 at 52.38,7.99
[SORT-DEBUG] Received sort='alt', asc='false', ascending=false, count=18
[SORT-DEBUG] After sorting by alt (asc=false):
  [0] ICAO=C2FB51 Callsign=DM149 Alt=30618 Spd=421
  [1] ICAO=A01356 Callsign=F3 Alt=29346 Spd=537
  [2] ICAO=893F64 Callsign=VP177 Alt=28733 Spd=227
[SERVER] Received aircraft: 77DCC7 at 50.74,6.90
[SERVER] Received aircraft: 74C3B8 at 51.67,10.59
[SERVER] Received aircraft: 4BE1CE at 46.42,6.91
[SERVER] Received aircraft: 566A02 at 51.41,8.50
[SERVER] Received aircraft: 049452 at 52.07,4.01
[SERVER] Received aircraft: 08DF81 at 50.52,8.07
[SERVER] Received aircraft: C2FB51 at 47.20,6.88
[SERVER] Received aircraft: 356ED1 at 51.79,8.41
[SERVER] Received aircraft: A8269C at 49.91,7.33
[SERVER] Received aircraft: 6317DF at 47.56,4.20
[SERVER] Received aircraft: 58E57F at 48.79,11.75
[SERVER] Received aircraft: 3AB297 at 52.84,8.40
[SERVER] Received aircraft: 893F64 at 48.59,5.96
[SERVER] Received aircraft: 8683B3 at 51.14,10.75
[SERVER] Received aircraft: 95A8C5 at 50.82,9.62
[SERVER] Received aircraft: 16293A at 50.14,8.61
[SERVER] Received aircraft: A8E487 at 52.62,7.24
[SERVER] Received aircraft: A01356 at 52.38,7.99
[SORT-DEBUG] Received sort='alt', asc='false', ascending=false, count=18
[SORT-DEBUG] After sorting by alt (asc=false):
  [0] ICAO=C2FB51 Callsign=DM149 Alt=30618 Spd=421
  [1] ICAO=893F64 Callsign=VP177 Alt=28733 Spd=227
  [2] ICAO=6317DF Callsign=AJ385 Alt=28379 Spd=448
[SERVER] Received aircraft: 77DCC7 at 50.74,6.90
[SERVER] Received aircraft: 74C3B8 at 51.67,10.59
[SERVER] Received aircraft: 4BE1CE at 46.42,6.91
[SERVER] Received aircraft: 566A02 at 51.41,8.50
[SERVER] Received aircraft: 049452 at 52.07,4.01
[SERVER] Received aircraft: 08DF81 at 50.52,8.07
[SERVER] Received aircraft: C2FB51 at 47.20,6.88
[SERVER] Received aircraft: 356ED1 at 51.79,8.41
[SERVER] Received aircraft: A8269C at 49.91,7.32
[SERVER] Received aircraft: 6317DF at 47.56,4.20
[SERVER] Received aircraft: 58E57F at 48.79,11.75
[SERVER] Received aircraft: 3AB297 at 52.84,8.41
[SERVER] Received aircraft: 893F64 at 48.59,5.96
[SERVER] Received aircraft: 8683B3 at 51.14,10.75
[SERVER] Received aircraft: 95A8C5 at 50.83,9.62
[SERVER] Received aircraft: 16293A at 50.15,8.61
[SERVER] Received aircraft: A8E487 at 52.62,7.24
[SERVER] Received aircraft: A01356 at 52.38,8.00
[SORT-DEBUG] Received sort='alt', asc='false', ascending=false, count=18
[SORT-DEBUG] After sorting by alt (asc=false):
  [0] ICAO=C2FB51 Callsign=DM149 Alt=30618 Spd=421
  [1] ICAO=A01356 Callsign=F3 Alt=29499 Spd=537
  [2] ICAO=893F64 Callsign=VP177 Alt=28733 Spd=227
[SERVER] Received aircraft: 77DCC7 at 50.74,6.90
[SERVER] Received aircraft: 74C3B8 at 51.67,10.59
[SERVER] Received aircraft: 4BE1CE at 46.41,6.90
[SERVER] Received aircraft: 566A02 at 51.40,8.50
[SERVER] Received aircraft: 049452 at 52.08,4.01
[SERVER] Received aircraft: 08DF81 at 50.52,8.07
[SERVER] Received aircraft: C2FB51 at 47.20,6.88
[SERVER] Received aircraft: 356ED1 at 51.79,8.42
[SERVER] Received aircraft: A8269C at 49.91,7.32
[SERVER] Received aircraft: 6317DF at 47.56,4.20
[SERVER] Received aircraft: 58E57F at 48.79,11.75
[SERVER] Received aircraft: 3AB297 at 52.84,8.41
[SERVER] Received aircraft: 893F64 at 48.59,5.96
[SERVER] Received aircraft: 8683B3 at 51.14,10.75
[SERVER] Received aircraft: 95A8C5 at 50.83,9.62
[SERVER] Received aircraft: 16293A at 50.15,8.62
[SERVER] Received aircraft: A8E487 at 52.62,7.24
[SERVER] Received aircraft: A01356 at 52.39,8.00
[SORT-DEBUG] Received sort='alt', asc='false', ascending=false, count=18
[SORT-DEBUG] After sorting by alt (asc=false):
  [0] ICAO=C2FB51 Callsign=DM149 Alt=30618 Spd=421
  [1] ICAO=A01356 Callsign=F3 Alt=28976 Spd=537
  [2] ICAO=893F64 Callsign=VP177 Alt=28725 Spd=227
[SERVER] Received aircraft: 77DCC7 at 50.74,6.90
[SERVER] Received aircraft: 74C3B8 at 51.67,10.59
[SERVER] Received aircraft: 4BE1CE at 46.41,6.90
[SERVER] Received aircraft: 566A02 at 51.40,8.50
[SERVER] Received aircraft: 049452 at 52.08,4.01
[SERVER] Received aircraft: 08DF81 at 50.52,8.07
[SERVER] Received aircraft: C2FB51 at 47.19,6.88
[SERVER] Received aircraft: 356ED1 at 51.79,8.42
[SERVER] Received aircraft: A8269C at 49.91,7.32
[SERVER] Received aircraft: 6317DF at 47.56,4.21
[SERVER] Received aircraft: 58E57F at 48.79,11.76
[SERVER] Received aircraft: 3AB297 at 52.84,8.41
[SERVER] Received aircraft: 893F64 at 48.59,5.96
[SERVER] Received aircraft: 8683B3 at 51.14,10.75
[SERVER] Received aircraft: 95A8C5 at 50.83,9.62
[SERVER] Received aircraft: 16293A at 50.15,8.62
[SERVER] Received aircraft: A8E487 at 52.62,7.24
[SERVER] Received aircraft: A01356 at 52.39,8.00
[SORT-DEBUG] Received sort='alt', asc='false', ascending=false, count=18
[SORT-DEBUG] After sorting by alt (asc=false):
  [0] ICAO=C2FB51 Callsign=DM149 Alt=30562 Spd=421
  [1] ICAO=893F64 Callsign=VP177 Alt=28725 Spd=227
  [2] ICAO=A01356 Callsign=F3 Alt=28621 Spd=537
[SERVER] Received aircraft: 77DCC7 at 50.74,6.91
[SERVER] Received aircraft: 74C3B8 at 51.67,10.59
[SERVER] Received aircraft: 4BE1CE at 46.41,6.90
[SERVER] Received aircraft: 566A02 at 51.40,8.50
[SERVER] Received aircraft: 049452 at 52.08,4.01
[SERVER] Received aircraft: 08DF81 at 50.52,8.07
[SERVER] Received aircraft: C2FB51 at 47.19,6.88
[SERVER] Received aircraft: 356ED1 at 51.79,8.42
[SERVER] Received aircraft: A8269C at 49.91,7.31
[SERVER] Received aircraft: 6317DF at 47.56,4.21
[SERVER] Received aircraft: 58E57F at 48.79,11.76
[SERVER] Received aircraft: 3AB297 at 52.84,8.42
[SERVER] Received aircraft: 893F64 at 48.59,5.96
[SERVER] Received aircraft: 8683B3 at 51.14,10.75
[SERVER] Received aircraft: 95A8C5 at 50.83,9.62
[SERVER] Received aircraft: 16293A at 50.15,8.62
[SERVER] Received aircraft: A8E487 at 52.62,7.25
[SERVER] Received aircraft: A01356 at 52.39,8.01
[SORT-DEBUG] Received sort='alt', asc='false', ascending=false, count=18
[SORT-DEBUG] After sorting by alt (asc=false):
  [0] ICAO=C2FB51 Callsign=DM149 Alt=30616 Spd=421
  [1] ICAO=A01356 Callsign=F3 Alt=30413 Spd=537
  [2] ICAO=893F64 Callsign=VP177 Alt=28725 Spd=227
[SERVER] Received aircraft: 77DCC7 at 50.74,6.91
[SERVER] Received aircraft: 74C3B8 at 51.67,10.59
[SERVER] Received aircraft: 4BE1CE at 46.41,6.90
[SERVER] Received aircraft: 566A02 at 51.40,8.50
[SERVER] Received aircraft: 049452 at 52.08,4.01
[SERVER] Received aircraft: 08DF81 at 50.53,8.07
[SERVER] Received aircraft: C2FB51 at 47.19,6.88
[SERVER] Received aircraft: 356ED1 at 51.79,8.42
[SERVER] Received aircraft: A8269C at 49.91,7.31
[SERVER] Received aircraft: 6317DF at 47.55,4.21
[SERVER] Received aircraft: 58E57F at 48.79,11.76
[SERVER] Received aircraft: 3AB297 at 52.84,8.42
[SERVER] Received aircraft: 893F64 at 48.59,5.96
[SERVER] Received aircraft: 8683B3 at 51.14,10.75
[SERVER] Received aircraft: 95A8C5 at 50.83,9.62
[SERVER] Received aircraft: 16293A at 50.15,8.63
[SERVER] Received aircraft: A8E487 at 52.62,7.25
[SERVER] Received aircraft: A01356 at 52.39,8.01
[SORT-DEBUG] Received sort='alt', asc='false', ascending=false, count=18
[SORT-DEBUG] After sorting by alt (asc=false):
  [0] ICAO=C2FB51 Callsign=DM149 Alt=30616 Spd=418
  [1] ICAO=893F64 Callsign=VP177 Alt=28725 Spd=227
  [2] ICAO=A01356 Callsign=F3 Alt=28527 Spd=537
[SERVER] Received aircraft: 77DCC7 at 50.74,6.91
[SERVER] Received aircraft: 74C3B8 at 51.67,10.59
[SERVER] Received aircraft: 4BE1CE at 46.41,6.90
[SERVER] Received aircraft: 566A02 at 51.40,8.50
[SERVER] Received aircraft: 049452 at 52.08,4.01
[SERVER] Received aircraft: 08DF81 at 50.53,8.07
[SERVER] Received aircraft: C2FB51 at 47.19,6.88
[SERVER] Received aircraft: 356ED1 at 51.79,8.42
[SERVER] Received aircraft: A8269C at 49.91,7.31
[SERVER] Received aircraft: 6317DF at 47.55,4.21
[SERVER] Received aircraft: 58E57F at 48.79,11.76
[SERVER] Received aircraft: 3AB297 at 52.84,8.42
[SERVER] Received aircraft: 893F64 at 48.59,5.96
[SERVER] Received aircraft: 8683B3 at 51.14,10.75
[SERVER] Received aircraft: 95A8C5 at 50.84,9.62
[SERVER] Received aircraft: 16293A at 50.16,8.63
[SERVER] Received aircraft: A8E487 at 52.62,7.25
[SERVER] Received aircraft: A01356 at 52.39,8.02
[SORT-DEBUG] Received sort='alt', asc='false', ascending=false, count=18
[SORT-DEBUG] After sorting by alt (asc=false):
  [0] ICAO=C2FB51 Callsign=DM149 Alt=30616 Spd=418
  [1] ICAO=893F64 Callsign=VP177 Alt=28725 Spd=227
  [2] ICAO=6317DF Callsign=AJ385 Alt=28478 Spd=452
[SERVER] Received aircraft: 77DCC7 at 50.74,6.91
[SERVER] Received aircraft: 74C3B8 at 51.68,10.59
[SERVER] Received aircraft: 4BE1CE at 46.41,6.90
[SERVER] Received aircraft: 566A02 at 51.40,8.50
[SERVER] Received aircraft: 049452 at 52.08,4.01
[SERVER] Received aircraft: 08DF81 at 50.53,8.07
[SERVER] Received aircraft: C2FB51 at 47.19,6.87
[SERVER] Received aircraft: 356ED1 at 51.79,8.42
[SERVER] Received aircraft: A8269C at 49.91,7.30
[SERVER] Received aircraft: 6317DF at 47.55,4.21
[SERVER] Received aircraft: 58E57F at 48.79,11.76
[SERVER] Received aircraft: 3AB297 at 52.84,8.42
[SERVER] Received aircraft: 893F64 at 48.59,5.97
[SERVER] Received aircraft: 8683B3 at 51.13,10.75
[SERVER] Received aircraft: 95A8C5 at 50.84,9.61
[SERVER] Received aircraft: 16293A at 50.16,8.63
[SERVER] Received aircraft: A8E487 at 52.62,7.26
[SERVER] Received aircraft: A01356 at 52.39,8.02
[SORT-DEBUG] Received sort='alt', asc='false', ascending=false, count=18
[SORT-DEBUG] After sorting by alt (asc=false):
  [0] ICAO=C2FB51 Callsign=DM149 Alt=30616 Spd=418
  [1] ICAO=A01356 Callsign=F3 Alt=29154 Spd=537
  [2] ICAO=893F64 Callsign=VP177 Alt=28696 Spd=227
[SERVER] Received aircraft: 77DCC7 at 50.74,6.91
[SERVER] Received aircraft: 74C3B8 at 51.68,10.59
[SERVER] Received aircraft: 4BE1CE at 46.40,6.89
[SERVER] Received aircraft: 566A02 at 51.40,8.50
[SERVER] Received aircraft: 049452 at 52.09,4.01
[SERVER] Received aircraft: 08DF81 at 50.53,8.07
[SERVER] Received aircraft: C2FB51 at 47.18,6.87
[SERVER] Received aircraft: 356ED1 at 51.79,8.42
[SERVER] Received aircraft: A8269C at 49.91,7.30
[SERVER] Received aircraft: 6317DF at 47.55,4.21
[SERVER] Received aircraft: 58E57F at 48.79,11.76
[SERVER] Received aircraft: 3AB297 at 52.84,8.43
[SERVER] Received aircraft: 893F64 at 48.59,5.97
[SERVER] Received aircraft: 8683B3 at 51.13,10.75
[SERVER] Received aircraft: 95A8C5 at 50.84,9.61
[SERVER] Received aircraft: 16293A at 50.16,8.64
[SERVER] Received aircraft: A8E487 at 52.62,7.26
[SERVER] Received aircraft: A01356 at 52.39,8.02
[SORT-DEBUG] Received sort='alt', asc='false', ascending=false, count=18
[SORT-DEBUG] After sorting by alt (asc=false):
  [0] ICAO=C2FB51 Callsign=DM149 Alt=30616 Spd=418
  [1] ICAO=893F64 Callsign=VP177 Alt=28696 Spd=227
  [2] ICAO=6317DF Callsign=AJ385 Alt=28478 Spd=452
[SERVER] Received aircraft: 77DCC7 at 50.74,6.91
[SERVER] Received aircraft: 74C3B8 at 51.68,10.58
[SERVER] Received aircraft: 4BE1CE at 46.40,6.89
[SERVER] Received aircraft: 566A02 at 51.40,8.50
[SERVER] Received aircraft: 049452 at 52.09,4.01
[SERVER] Received aircraft: 08DF81 at 50.53,8.06
[SERVER] Received aircraft: C2FB51 at 47.18,6.87
[SERVER] Received aircraft: 356ED1 at 51.79,8.42
[SERVER] Received aircraft: A8269C at 49.91,7.29
[SERVER] Received aircraft: 6317DF at 47.55,4.21
[SERVER] Received aircraft: 58E57F at 48.79,11.76
[SERVER] Received aircraft: 3AB297 at 52.84,8.43
[SERVER] Received aircraft: 893F64 at 48.59,5.97
[SERVER] Received aircraft: 8683B3 at 51.13,10.75
[SERVER] Received aircraft: 95A8C5 at 50.84,9.61
[SERVER] Received aircraft: 16293A at 50.16,8.64
[SERVER] Received aircraft: A8E487 at 52.62,7.26
[SERVER] Received aircraft: A01356 at 52.39,8.03
[SORT-DEBUG] Received sort='alt', asc='false', ascending=false, count=18
[SORT-DEBUG] After sorting by alt (asc=false):
  [0] ICAO=C2FB51 Callsign=DM149 Alt=30616 Spd=418
  [1] ICAO=893F64 Callsign=VP177 Alt=28696 Spd=227
  [2] ICAO=6317DF Callsign=AJ385 Alt=28478 Spd=453
[SERVER] Received aircraft: 77DCC7 at 50.74,6.92
[SERVER] Received aircraft: 74C3B8 at 51.68,10.58
[SERVER] Received aircraft: 4BE1CE at 46.40,6.89
[SERVER] Received aircraft: 566A02 at 51.40,8.51
[SERVER] Received aircraft: 049452 at 52.09,4.01
[SERVER] Received aircraft: 08DF81 at 50.53,8.06
[SERVER] Received aircraft: C2FB51 at 47.18,6.87
[SERVER] Received aircraft: 356ED1 at 51.79,8.43
[SERVER] Received aircraft: A8269C at 49.91,7.29
[SERVER] Received aircraft: 6317DF at 47.54,4.21
[SERVER] Received aircraft: 58E57F at 48.79,11.76
[SERVER] Received aircraft: 3AB297 at 52.84,8.43
[SERVER] Received aircraft: 893F64 at 48.60,5.97
[SERVER] Received aircraft: 8683B3 at 51.13,10.75
[SERVER] Received aircraft: 95A8C5 at 50.84,9.61
[SERVER] Received aircraft: 16293A at 50.16,8.65
[SERVER] Received aircraft: A8E487 at 52.62,7.27
[SERVER] Received aircraft: A01356 at 52.39,8.03
[SORT-DEBUG] Received sort='alt', asc='false', ascending=false, count=18
[SORT-DEBUG] After sorting by alt (asc=false):
  [0] ICAO=C2FB51 Callsign=DM149 Alt=30616 Spd=418
  [1] ICAO=893F64 Callsign=VP177 Alt=28696 Spd=229
  [2] ICAO=6317DF Callsign=AJ385 Alt=28478 Spd=453
[SERVER] Received aircraft: 77DCC7 at 50.74,6.92
[SERVER] Received aircraft: 74C3B8 at 51.68,10.58
[SERVER] Received aircraft: 4BE1CE at 46.40,6.89
[SERVER] Received aircraft: 566A02 at 51.40,8.51
[SERVER] Received aircraft: 049452 at 52.09,4.01
[SERVER] Received aircraft: 08DF81 at 50.53,8.06
[SERVER] Received aircraft: C2FB51 at 47.18,6.87
[SERVER] Received aircraft: 356ED1 at 51.79,8.43
[SERVER] Received aircraft: A8269C at 49.91,7.29
[SERVER] Received aircraft: 6317DF at 47.54,4.21
[SERVER] Received aircraft: 58E57F at 48.79,11.76
[SERVER] Received aircraft: 3AB297 at 52.84,8.43
[SERVER] Received aircraft: 893F64 at 48.60,5.97
[SERVER] Received aircraft: 8683B3 at 51.13,10.75
[SERVER] Received aircraft: 95A8C5 at 50.84,9.61
[SERVER] Received aircraft: 16293A at 50.16,8.65
[SERVER] Received aircraft: A8E487 at 52.62,7.27
[SERVER] Received aircraft: A01356 at 52.39,8.03
[SORT-DEBUG] Received sort='alt', asc='false', ascending=false, count=18
[SORT-DEBUG] After sorting by alt (asc=false):
  [0] ICAO=C2FB51 Callsign=DM149 Alt=30616 Spd=418
  [1] ICAO=893F64 Callsign=VP177 Alt=28617 Spd=229
  [2] ICAO=6317DF Callsign=AJ385 Alt=28478 Spd=453
[SERVER] Received aircraft: 77DCC7 at 50.74,6.92
[SERVER] Received aircraft: 74C3B8 at 51.68,10.58
[SERVER] Received aircraft: 4BE1CE at 46.40,6.89
[SERVER] Received aircraft: 566A02 at 51.40,8.51
[SERVER] Received aircraft: 049452 at 52.09,4.01
[SERVER] Received aircraft: 08DF81 at 50.53,8.06
[SERVER] Received aircraft: C2FB51 at 47.18,6.87
[SERVER] Received aircraft: 356ED1 at 51.79,8.43
[SERVER] Received aircraft: A8269C at 49.91,7.28
[SERVER] Received aircraft: 6317DF at 47.54,4.21
[SERVER] Received aircraft: 58E57F at 48.79,11.76
[SERVER] Received aircraft: 3AB297 at 52.85,8.44
[SERVER] Received aircraft: 893F64 at 48.60,5.97
[SERVER] Received aircraft: 8683B3 at 51.13,10.75
[SERVER] Received aircraft: 95A8C5 at 50.85,9.61
[SERVER] Received aircraft: 16293A at 50.17,8.65
[SERVER] Received aircraft: A8E487 at 52.62,7.27
[SERVER] Received aircraft: A01356 at 52.39,8.04
[SORT-DEBUG] Received sort='alt', asc='false', ascending=false, count=18
[SORT-DEBUG] After sorting by alt (asc=false):
  [0] ICAO=C2FB51 Callsign=DM149 Alt=30616 Spd=418
  [1] ICAO=893F64 Callsign=VP177 Alt=28617 Spd=229
  [2] ICAO=6317DF Callsign=AJ385 Alt=28478 Spd=453
[SERVER] Received aircraft: 77DCC7 at 50.74,6.92
[SERVER] Received aircraft: 74C3B8 at 51.68,10.58
[SERVER] Received aircraft: 4BE1CE at 46.40,6.89
[SERVER] Received aircraft: 566A02 at 51.40,8.51
[SERVER] Received aircraft: 049452 at 52.09,4.01
[SERVER] Received aircraft: 08DF81 at 50.54,8.06
[SERVER] Received aircraft: C2FB51 at 47.17,6.87
[SERVER] Received aircraft: 356ED1 at 51.79,8.43
[SERVER] Received aircraft: A8269C at 49.91,7.28
[SERVER] Received aircraft: 6317DF at 47.54,4.21
[SERVER] Received aircraft: 58E57F at 48.79,11.76
[SERVER] Received aircraft: 3AB297 at 52.85,8.44
[SERVER] Received aircraft: 893F64 at 48.60,5.97
[SERVER] Received aircraft: 8683B3 at 51.13,10.75
[SERVER] Received aircraft: 95A8C5 at 50.85,9.61
[SERVER] Received aircraft: 16293A at 50.17,8.66
[SERVER] Received aircraft: A8E487 at 52.62,7.28
[SERVER] Received aircraft: A01356 at 52.40,8.04
[SORT-DEBUG] Received sort='alt', asc='false', ascending=false, count=18
[SORT-DEBUG] After sorting by alt (asc=false):
  [0] ICAO=C2FB51 Callsign=DM149 Alt=30616 Spd=418
  [1] ICAO=A01356 Callsign=F3 Alt=29389 Spd=537
  [2] ICAO=893F64 Callsign=VP177 Alt=28617 Spd=229
[SERVER] Received aircraft: 77DCC7 at 50.74,6.92
[SERVER] Received aircraft: 74C3B8 at 51.68,10.58
[SERVER] Received aircraft: 4BE1CE at 46.39,6.88
[SERVER] Received aircraft: 566A02 at 51.40,8.51
[SERVER] Received aircraft: 049452 at 52.09,4.01
[SERVER] Received aircraft: 08DF81 at 50.54,8.06
[SERVER] Received aircraft: C2FB51 at 47.17,6.87
[SERVER] Received aircraft: 356ED1 at 51.79,8.43
[SERVER] Received aircraft: A8269C at 49.91,7.28
[SERVER] Received aircraft: 6317DF at 47.53,4.21
[SERVER] Received aircraft: 58E57F at 48.79,11.76
[SERVER] Received aircraft: 3AB297 at 52.85,8.44
[SERVER] Received aircraft: 893F64 at 48.60,5.97
[SERVER] Received aircraft: 8683B3 at 51.12,10.75
[SERVER] Received aircraft: 95A8C5 at 50.85,9.61
[SERVER] Received aircraft: 16293A at 50.17,8.66
[SERVER] Received aircraft: A8E487 at 52.62,7.28
[SERVER] Received aircraft: A01356 at 52.40,8.05
[SORT-DEBUG] Received sort='alt', asc='false', ascending=false, count=18
[SORT-DEBUG] After sorting by alt (asc=false):
  [0] ICAO=A01356 Callsign=F3 Alt=30789 Spd=537
  [1] ICAO=C2FB51 Callsign=DM149 Alt=30616 Spd=418
  [2] ICAO=893F64 Callsign=VP177 Alt=28617 Spd=229
[SERVER] Received aircraft: 77DCC7 at 50.74,6.92
[SERVER] Received aircraft: 74C3B8 at 51.68,10.58
[SERVER] Received aircraft: 4BE1CE at 46.39,6.88
[SERVER] Received aircraft: 566A02 at 51.40,8.51
[SERVER] Received aircraft: 049452 at 52.10,4.00
[SERVER] Received aircraft: 08DF81 at 50.54,8.06
[SERVER] Received aircraft: C2FB51 at 47.17,6.87
[SERVER] Received aircraft: 356ED1 at 51.79,8.43
[SERVER] Received aircraft: A8269C at 49.91,7.27
[SERVER] Received aircraft: 6317DF at 47.53,4.21
[SERVER] Received aircraft: 58E57F at 48.80,11.76
[SERVER] Received aircraft: 3AB297 at 52.85,8.44
[SERVER] Received aircraft: 893F64 at 48.60,5.97
[SERVER] Received aircraft: 8683B3 at 51.12,10.75
[SERVER] Received aircraft: 95A8C5 at 50.85,9.61
[SERVER] Received aircraft: 16293A at 50.17,8.66
[SERVER] Received aircraft: A8E487 at 52.62,7.28
[SERVER] Received aircraft: A01356 at 52.40,8.05
[SORT-DEBUG] Received sort='alt', asc='false', ascending=false, count=18
[SORT-DEBUG] After sorting by alt (asc=false):
  [0] ICAO=A01356 Callsign=F3 Alt=32154 Spd=537
  [1] ICAO=C2FB51 Callsign=DM149 Alt=30616 Spd=418
  [2] ICAO=893F64 Callsign=VP177 Alt=28617 Spd=229
[SERVER] Received aircraft: 77DCC7 at 50.74,6.93
[SERVER] Received aircraft: 74C3B8 at 51.68,10.58
[SERVER] Received aircraft: 4BE1CE at 46.39,6.88
[SERVER] Received aircraft: 566A02 at 51.39,8.51
[SERVER] Received aircraft: 049452 at 52.10,4.00
[SERVER] Received aircraft: 08DF81 at 50.54,8.06
[SERVER] Received aircraft: C2FB51 at 47.17,6.87
[SERVER] Received aircraft: 356ED1 at 51.79,8.43
[SERVER] Received aircraft: A8269C at 49.91,7.27
[SERVER] Received aircraft: 6317DF at 47.53,4.21
[SERVER] Received aircraft: 58E57F at 48.80,11.77
[SERVER] Received aircraft: 3AB297 at 52.85,8.45
[SERVER] Received aircraft: 893F64 at 48.60,5.97
[SERVER] Received aircraft: 8683B3 at 51.12,10.75
[SERVER] Received aircraft: 95A8C5 at 50.85,9.61
[SERVER] Received aircraft: 16293A at 50.17,8.67
[SERVER] Received aircraft: A8E487 at 52.62,7.29
[SERVER] Received aircraft: A01356 at 52.40,8.05
[SORT-DEBUG] Received sort='alt', asc='false', ascending=false, count=18
[SORT-DEBUG] After sorting by alt (asc=false):
  [0] ICAO=A01356 Callsign=F3 Alt=31919 Spd=537
  [1] ICAO=C2FB51 Callsign=DM149 Alt=30616 Spd=419
  [2] ICAO=893F64 Callsign=VP177 Alt=28617 Spd=229
[SERVER] Received aircraft: 77DCC7 at 50.74,6.93
[SERVER] Received aircraft: 74C3B8 at 51.68,10.58
[SERVER] Received aircraft: 4BE1CE at 46.39,6.88
[SERVER] Received aircraft: 566A02 at 51.39,8.51
[SERVER] Received aircraft: 049452 at 52.10,4.00
[SERVER] Received aircraft: 08DF81 at 50.54,8.06
[SERVER] Received aircraft: C2FB51 at 47.17,6.87
[SERVER] Received aircraft: 356ED1 at 51.79,8.44
[SERVER] Received aircraft: A8269C at 49.91,7.27
[SERVER] Received aircraft: 6317DF at 47.53,4.21
[SERVER] Received aircraft: 58E57F at 48.80,11.77
[SERVER] Received aircraft: 3AB297 at 52.85,8.45
[SERVER] Received aircraft: 893F64 at 48.60,5.97
[SERVER] Received aircraft: 8683B3 at 51.12,10.75
[SERVER] Received aircraft: 95A8C5 at 50.85,9.60
[SERVER] Received aircraft: 16293A at 50.17,8.67
[SERVER] Received aircraft: A8E487 at 52.62,7.29
[SERVER] Received aircraft: A01356 at 52.40,8.06
[SORT-DEBUG] Received sort='alt', asc='false', ascending=false, count=18
[SORT-DEBUG] After sorting by alt (asc=false):
  [0] ICAO=C2FB51 Callsign=DM149 Alt=30605 Spd=419
  [1] ICAO=A01356 Callsign=F3 Alt=30273 Spd=537
  [2] ICAO=893F64 Callsign=VP177 Alt=28617 Spd=229
[SERVER] Received aircraft: 77DCC7 at 50.74,6.93
[SERVER] Received aircraft: 74C3B8 at 51.69,10.57
[SERVER] Received aircraft: 4BE1CE at 46.39,6.88
[SERVER] Received aircraft: 566A02 at 51.39,8.51
[SERVER] Received aircraft: 049452 at 52.10,4.00
[SERVER] Received aircraft: 08DF81 at 50.54,8.06
[SERVER] Received aircraft: C2FB51 at 47.17,6.87
[SERVER] Received aircraft: 356ED1 at 51.79,8.44
[SERVER] Received aircraft: A8269C at 49.91,7.26
[SERVER] Received aircraft: 6317DF at 47.53,4.21
[SERVER] Received aircraft: 58E57F at 48.80,11.77
[SERVER] Received aircraft: 3AB297 at 52.85,8.45
[SERVER] Received aircraft: 893F64 at 48.60,5.97
[SERVER] Received aircraft: 8683B3 at 51.12,10.74
[SERVER] Received aircraft: 95A8C5 at 50.86,9.60
[SERVER] Received aircraft: 16293A at 50.18,8.67
[SERVER] Received aircraft: A8E487 at 52.62,7.29
[SERVER] Received aircraft: A01356 at 52.40,8.06
[SORT-DEBUG] Received sort='alt', asc='false', ascending=false, count=18
[SORT-DEBUG] After sorting by alt (asc=false):
  [0] ICAO=A01356 Callsign=F3 Alt=31863 Spd=537
  [1] ICAO=C2FB51 Callsign=DM149 Alt=30605 Spd=419
  [2] ICAO=893F64 Callsign=VP177 Alt=28617 Spd=229
[SERVER] Received aircraft: 77DCC7 at 50.74,6.93
[SERVER] Received aircraft: 74C3B8 at 51.69,10.57
[SERVER] Received aircraft: 4BE1CE at 46.39,6.88
[SERVER] Received aircraft: 566A02 at 51.39,8.51
[SERVER] Received aircraft: 049452 at 52.10,4.00
[SERVER] Received aircraft: 08DF81 at 50.54,8.06
[SERVER] Received aircraft: C2FB51 at 47.16,6.87
[SERVER] Received aircraft: 356ED1 at 51.79,8.44
[SERVER] Received aircraft: A8269C at 49.91,7.26
[SERVER] Received aircraft: 6317DF at 47.52,4.21
[SERVER] Received aircraft: 58E57F at 48.80,11.77
[SERVER] Received aircraft: 3AB297 at 52.85,8.45
[SERVER] Received aircraft: 893F64 at 48.61,5.97
[SERVER] Received aircraft: 8683B3 at 51.12,10.74
[SERVER] Received aircraft: 95A8C5 at 50.86,9.60
[SERVER] Received aircraft: 16293A at 50.18,8.68
[SERVER] Received aircraft: A8E487 at 52.62,7.29
[SERVER] Received aircraft: A01356 at 52.40,8.07
[SORT-DEBUG] Received sort='alt', asc='false', ascending=false, count=18
[SORT-DEBUG] After sorting by alt (asc=false):
  [0] ICAO=A01356 Callsign=F3 Alt=31677 Spd=537
  [1] ICAO=C2FB51 Callsign=DM149 Alt=30605 Spd=419
  [2] ICAO=893F64 Callsign=VP177 Alt=28551 Spd=229
[SERVER] Received aircraft: 77DCC7 at 50.74,6.93
[SERVER] Received aircraft: 74C3B8 at 51.69,10.57
[SERVER] Received aircraft: 4BE1CE at 46.38,6.88
[SERVER] Received aircraft: 566A02 at 51.39,8.51
[SERVER] Received aircraft: 049452 at 52.10,4.00
[SERVER] Received aircraft: 08DF81 at 50.55,8.06
[SERVER] Received aircraft: C2FB51 at 47.16,6.87
[SERVER] Received aircraft: 356ED1 at 51.79,8.44
[SERVER] Received aircraft: A8269C at 49.91,7.26
[SERVER] Received aircraft: 6317DF at 47.52,4.21
[SERVER] Received aircraft: 58E57F at 48.80,11.77
[SERVER] Received aircraft: 3AB297 at 52.85,8.46
[SERVER] Received aircraft: 893F64 at 48.61,5.97
[SERVER] Received aircraft: 8683B3 at 51.12,10.74
[SERVER] Received aircraft: 95A8C5 at 50.86,9.60
[SERVER] Received aircraft: 16293A at 50.18,8.68
[SERVER] Received aircraft: A8E487 at 52.62,7.30
[SERVER] Received aircraft: A01356 at 52.40,8.07
[SORT-DEBUG] Received sort='alt', asc='false', ascending=false, count=18
[SORT-DEBUG] After sorting by alt (asc=false):
  [0] ICAO=A01356 Callsign=F3 Alt=30994 Spd=537
  [1] ICAO=C2FB51 Callsign=DM149 Alt=30605 Spd=419
  [2] ICAO=893F64 Callsign=VP177 Alt=28551 Spd=229
[SERVER] Received aircraft: 77DCC7 at 50.74,6.93
[SERVER] Received aircraft: 74C3B8 at 51.69,10.57
[SERVER] Received aircraft: 4BE1CE at 46.38,6.87
[SERVER] Received aircraft: 566A02 at 51.39,8.51
[SERVER] Received aircraft: 049452 at 52.11,4.00
[SERVER] Received aircraft: 08DF81 at 50.55,8.06
[SERVER] Received aircraft: C2FB51 at 47.16,6.87
[SERVER] Received aircraft: 356ED1 at 51.80,8.44
[SERVER] Received aircraft: A8269C at 49.91,7.25
[SERVER] Received aircraft: 6317DF at 47.52,4.21
[SERVER] Received aircraft: 58E57F at 48.80,11.77
[SERVER] Received aircraft: 3AB297 at 52.85,8.46
[SERVER] Received aircraft: 893F64 at 48.61,5.97
[SERVER] Received aircraft: 8683B3 at 51.12,10.74
[SERVER] Received aircraft: 95A8C5 at 50.86,9.60
[SERVER] Received aircraft: 16293A at 50.18,8.68
[SERVER] Received aircraft: A8E487 at 52.62,7.30
[SERVER] Received aircraft: A01356 at 52.40,8.07
[SORT-DEBUG] Received sort='alt', asc='false', ascending=false, count=18
[SORT-DEBUG] After sorting by alt (asc=false):
  [0] ICAO=C2FB51 Callsign=DM149 Alt=30618 Spd=419
  [1] ICAO=A01356 Callsign=F3 Alt=29934 Spd=537
  [2] ICAO=893F64 Callsign=VP177 Alt=28551 Spd=229
[SERVER] Received aircraft: 77DCC7 at 50.74,6.94
[SERVER] Received aircraft: 74C3B8 at 51.69,10.57
[SERVER] Received aircraft: 4BE1CE at 46.38,6.87
[SERVER] Received aircraft: 566A02 at 51.39,8.51
[SERVER] Received aircraft: 049452 at 52.11,4.00
[SERVER] Received aircraft: 08DF81 at 50.55,8.06
[SERVER] Received aircraft: C2FB51 at 47.16,6.87
[SERVER] Received aircraft: 356ED1 at 51.80,8.44
[SERVER] Received aircraft: A8269C at 49.91,7.25
[SERVER] Received aircraft: 6317DF at 47.52,4.21
[SERVER] Received aircraft: 58E57F at 48.80,11.77
[SERVER] Received aircraft: 3AB297 at 52.85,8.46
[SERVER] Received aircraft: 893F64 at 48.61,5.97
[SERVER] Received aircraft: 8683B3 at 51.11,10.74
[SERVER] Received aircraft: 95A8C5 at 50.86,9.60
[SERVER] Received aircraft: 16293A at 50.18,8.69
[SERVER] Received aircraft: A8E487 at 52.62,7.30
[SERVER] Received aircraft: A01356 at 52.40,8.08
[SORT-DEBUG] Received sort='alt', asc='false', ascending=false, count=18
[SORT-DEBUG] After sorting by alt (asc=false):
  [0] ICAO=A01356 Callsign=F3 Alt=30802 Spd=537
  [1] ICAO=C2FB51 Callsign=DM149 Alt=30618 Spd=419
  [2] ICAO=893F64 Callsign=VP177 Alt=28551 Spd=229
[SERVER] Received aircraft: 77DCC7 at 50.74,6.94
[SERVER] Received aircraft: 74C3B8 at 51.69,10.57
[SERVER] Received aircraft: 4BE1CE at 46.38,6.87
[SERVER] Received aircraft: 566A02 at 51.39,8.51
[SERVER] Received aircraft: 049452 at 52.11,4.00
[SERVER] Received aircraft: 08DF81 at 50.55,8.06
[SERVER] Received aircraft: C2FB51 at 47.16,6.87
[SERVER] Received aircraft: 356ED1 at 51.80,8.44
[SERVER] Received aircraft: A8269C at 49.91,7.25
[SERVER] Received aircraft: 6317DF at 47.52,4.21
[SERVER] Received aircraft: 58E57F at 48.80,11.77
[SERVER] Received aircraft: 3AB297 at 52.85,8.46
[SERVER] Received aircraft: 893F64 at 48.61,5.97
[SERVER] Received aircraft: 8683B3 at 51.11,10.74
[SERVER] Received aircraft: 95A8C5 at 50.86,9.60
[SERVER] Received aircraft: 16293A at 50.18,8.69
[SERVER] Received aircraft: A8E487 at 52.62,7.31
[SERVER] Received aircraft: A01356 at 52.40,8.08
[SORT-DEBUG] Received sort='alt', asc='false', ascending=false, count=18
[SORT-DEBUG] After sorting by alt (asc=false):
  [0] ICAO=A01356 Callsign=F3 Alt=31994 Spd=537
  [1] ICAO=C2FB51 Callsign=DM149 Alt=30618 Spd=419
  [2] ICAO=893F64 Callsign=VP177 Alt=28551 Spd=229
[SERVER] Received aircraft: 77DCC7 at 50.74,6.94
[SERVER] Received aircraft: 74C3B8 at 51.69,10.57
[SERVER] Received aircraft: 4BE1CE at 46.38,6.87
[SERVER] Received aircraft: 566A02 at 51.39,8.51
[SERVER] Received aircraft: 049452 at 52.11,4.00
[SERVER] Received aircraft: 08DF81 at 50.55,8.06
[SERVER] Received aircraft: C2FB51 at 47.15,6.87
[SERVER] Received aircraft: 356ED1 at 51.80,8.45
[SERVER] Received aircraft: A8269C at 49.91,7.24
[SERVER] Received aircraft: 6317DF at 47.51,4.21
[SERVER] Received aircraft: 58E57F at 48.80,11.77
[SERVER] Received aircraft: 3AB297 at 52.85,8.47
[SERVER] Received aircraft: 893F64 at 48.61,5.97
[SERVER] Received aircraft: 8683B3 at 51.11,10.74
[SERVER] Received aircraft: 95A8C5 at 50.87,9.60
[SERVER] Received aircraft: 16293A at 50.19,8.69
[SERVER] Received aircraft: A8E487 at 52.62,7.31
[SERVER] Received aircraft: A01356 at 52.40,8.08
[SORT-DEBUG] Received sort='alt', asc='false', ascending=false, count=18
[SORT-DEBUG] After sorting by alt (asc=false):
  [0] ICAO=A01356 Callsign=F3 Alt=33139 Spd=537
  [1] ICAO=C2FB51 Callsign=DM149 Alt=30618 Spd=419
  [2] ICAO=893F64 Callsign=VP177 Alt=28551 Spd=229
[SERVER] Received aircraft: 77DCC7 at 50.74,6.94
[SERVER] Received aircraft: 74C3B8 at 51.69,10.57
[SERVER] Received aircraft: 4BE1CE at 46.38,6.87
[SERVER] Received aircraft: 566A02 at 51.39,8.51
[SERVER] Received aircraft: 049452 at 52.11,4.00
[SERVER] Received aircraft: 08DF81 at 50.55,8.05
[SERVER] Received aircraft: C2FB51 at 47.15,6.87
[SERVER] Received aircraft: 356ED1 at 51.80,8.45
[SERVER] Received aircraft: A8269C at 49.91,7.24
[SERVER] Received aircraft: 6317DF at 47.51,4.21
[SERVER] Received aircraft: 58E57F at 48.80,11.77
[SERVER] Received aircraft: 3AB297 at 52.85,8.47
[SERVER] Received aircraft: 893F64 at 48.61,5.97
[SERVER] Received aircraft: 8683B3 at 51.11,10.74
[SERVER] Received aircraft: 95A8C5 at 50.87,9.60
[SERVER] Received aircraft: 16293A at 50.19,8.70
[SERVER] Received aircraft: A8E487 at 52.62,7.31
[SERVER] Received aircraft: A01356 at 52.41,8.09
[SORT-DEBUG] Received sort='alt', asc='false', ascending=false, count=18
[SORT-DEBUG] After sorting by alt (asc=false):
  [0] ICAO=A01356 Callsign=F3 Alt=32683 Spd=532
  [1] ICAO=C2FB51 Callsign=DM149 Alt=30618 Spd=419
  [2] ICAO=893F64 Callsign=VP177 Alt=28618 Spd=229
[SERVER] Received aircraft: 77DCC7 at 50.75,6.94
[SERVER] Received aircraft: 74C3B8 at 51.69,10.57
[SERVER] Received aircraft: 4BE1CE at 46.37,6.87
[SERVER] Received aircraft: 566A02 at 51.39,8.51
[SERVER] Received aircraft: 049452 at 52.11,4.00
[SERVER] Received aircraft: 08DF81 at 50.55,8.05
[SERVER] Received aircraft: C2FB51 at 47.15,6.87
[SERVER] Received aircraft: 356ED1 at 51.80,8.45
[SERVER] Received aircraft: A8269C at 49.91,7.23
[SERVER] Received aircraft: 6317DF at 47.51,4.21
[SERVER] Received aircraft: 58E57F at 48.80,11.77
[SERVER] Received aircraft: 3AB297 at 52.86,8.47
[SERVER] Received aircraft: 893F64 at 48.61,5.97
[SERVER] Received aircraft: 8683B3 at 51.11,10.74
[SERVER] Received aircraft: 95A8C5 at 50.87,9.60
[SERVER] Received aircraft: 16293A at 50.19,8.70
[SERVER] Received aircraft: A8E487 at 52.62,7.32
[SERVER] Received aircraft: A01356 at 52.41,8.09
[SORT-DEBUG] Received sort='alt', asc='false', ascending=false, count=18
[SORT-DEBUG] After sorting by alt (asc=false):
  [0] ICAO=A01356 Callsign=F3 Alt=32751 Spd=532
  [1] ICAO=C2FB51 Callsign=DM149 Alt=30618 Spd=419
  [2] ICAO=893F64 Callsign=VP177 Alt=28618 Spd=229
[SERVER] Received aircraft: 77DCC7 at 50.75,6.94
[SERVER] Received aircraft: 74C3B8 at 51.69,10.56
[SERVER] Received aircraft: 4BE1CE at 46.37,6.86
[SERVER] Received aircraft: 566A02 at 51.39,8.51
[SERVER] Received aircraft: 049452 at 52.11,4.00
[SERVER] Received aircraft: 08DF81 at 50.55,8.05
[SERVER] Received aircraft: C2FB51 at 47.15,6.87
[SERVER] Received aircraft: 356ED1 at 51.80,8.45
[SERVER] Received aircraft: A8269C at 49.91,7.23
[SERVER] Received aircraft: 6317DF at 47.51,4.21
[SERVER] Received aircraft: 58E57F at 48.80,11.77
[SERVER] Received aircraft: 3AB297 at 52.86,8.47
[SERVER] Received aircraft: 893F64 at 48.61,5.97
[SERVER] Received aircraft: 8683B3 at 51.11,10.74
[SERVER] Received aircraft: 95A8C5 at 50.87,9.60
[SERVER] Received aircraft: 16293A at 50.19,8.71
[SERVER] Received aircraft: A8E487 at 52.62,7.32
[SERVER] Received aircraft: A01356 at 52.41,8.10
[SORT-DEBUG] Received sort='alt', asc='false', ascending=false, count=18
[SORT-DEBUG] After sorting by alt (asc=false):
  [0] ICAO=A01356 Callsign=F3 Alt=30943 Spd=532
  [1] ICAO=C2FB51 Callsign=DM149 Alt=30618 Spd=419
  [2] ICAO=893F64 Callsign=VP177 Alt=28618 Spd=229
[SERVER] Received aircraft: 77DCC7 at 50.75,6.95
[SERVER] Received aircraft: 74C3B8 at 51.70,10.56
[SERVER] Received aircraft: 4BE1CE at 46.37,6.86
[SERVER] Received aircraft: 566A02 at 51.39,8.51
[SERVER] Received aircraft: 049452 at 52.12,4.00
[SERVER] Received aircraft: 08DF81 at 50.56,8.05
[SERVER] Received aircraft: C2FB51 at 47.15,6.87
[SERVER] Received aircraft: 356ED1 at 51.80,8.45
[SERVER] Received aircraft: A8269C at 49.91,7.23
[SERVER] Received aircraft: 6317DF at 47.51,4.21
[SERVER] Received aircraft: 58E57F at 48.80,11.77
[SERVER] Received aircraft: 3AB297 at 52.86,8.48
[SERVER] Received aircraft: 893F64 at 48.61,5.97
[SERVER] Received aircraft: 8683B3 at 51.11,10.74
[SERVER] Received aircraft: 95A8C5 at 50.87,9.59
[SERVER] Received aircraft: 16293A at 50.19,8.71
[SERVER] Received aircraft: A8E487 at 52.62,7.32
[SERVER] Received aircraft: A01356 at 52.41,8.10
[SORT-DEBUG] Received sort='alt', asc='false', ascending=false, count=18
[SORT-DEBUG] After sorting by alt (asc=false):
  [0] ICAO=A01356 Callsign=F3 Alt=31428 Spd=532
  [1] ICAO=C2FB51 Callsign=DM149 Alt=30618 Spd=419
  [2] ICAO=893F64 Callsign=VP177 Alt=28556 Spd=229
[SERVER] Received aircraft: 77DCC7 at 50.75,6.95
[SERVER] Received aircraft: 74C3B8 at 51.70,10.56
[SERVER] Received aircraft: 4BE1CE at 46.37,6.86
[SERVER] Received aircraft: 566A02 at 51.39,8.51
[SERVER] Received aircraft: 049452 at 52.12,4.00
[SERVER] Received aircraft: 08DF81 at 50.56,8.05
[SERVER] Received aircraft: C2FB51 at 47.14,6.87
[SERVER] Received aircraft: 356ED1 at 51.80,8.45
[SERVER] Received aircraft: A8269C at 49.91,7.22
[SERVER] Received aircraft: 6317DF at 47.50,4.21
[SERVER] Received aircraft: 58E57F at 48.80,11.78
[SERVER] Received aircraft: 3AB297 at 52.86,8.48
[SERVER] Received aircraft: 893F64 at 48.62,5.97
[SERVER] Received aircraft: 8683B3 at 51.10,10.74
[SERVER] Received aircraft: 95A8C5 at 50.87,9.59
[SERVER] Received aircraft: 16293A at 50.19,8.71
[SERVER] Received aircraft: A8E487 at 52.62,7.33
[SERVER] Received aircraft: A01356 at 52.41,8.10
[SERVER] Received aircraft: 77DCC7 at 50.75,6.95
[SERVER] Received aircraft: 74C3B8 at 51.70,10.56
[SERVER] Received aircraft: 4BE1CE at 46.37,6.86
[SERVER] Received aircraft: 566A02 at 51.39,8.51
[SERVER] Received aircraft: 049452 at 52.12,4.00
[SERVER] Received aircraft: 08DF81 at 50.56,8.05
[SERVER] Received aircraft: C2FB51 at 47.14,6.87
[SERVER] Received aircraft: 356ED1 at 51.80,8.45
[SERVER] Received aircraft: A8269C at 49.91,7.22
[SERVER] Received aircraft: 6317DF at 47.50,4.21
[SERVER] Received aircraft: 58E57F at 48.80,11.78
[SERVER] Received aircraft: 3AB297 at 52.86,8.48
[SERVER] Received aircraft: 893F64 at 48.62,5.97
[SERVER] Received aircraft: 8683B3 at 51.10,10.74
[SERVER] Received aircraft: 95A8C5 at 50.88,9.59
[SERVER] Received aircraft: 16293A at 50.20,8.72
[SERVER] Received aircraft: A8E487 at 52.62,7.33
[SERVER] Received aircraft: A01356 at 52.41,8.11
[SERVER] Received aircraft: 77DCC7 at 50.75,6.95
[SERVER] Received aircraft: 74C3B8 at 51.70,10.56
[SERVER] Received aircraft: 4BE1CE at 46.37,6.86
[SERVER] Received aircraft: 566A02 at 51.38,8.51
[SERVER] Received aircraft: 049452 at 52.12,4.00
[SERVER] Received aircraft: 08DF81 at 50.56,8.05
[SERVER] Received aircraft: C2FB51 at 47.14,6.87
[SERVER] Received aircraft: 356ED1 at 51.80,8.46
[SERVER] Received aircraft: A8269C at 49.92,7.22
[SERVER] Received aircraft: 6317DF at 47.50,4.21
[SERVER] Received aircraft: 58E57F at 48.80,11.78
[SERVER] Received aircraft: 3AB297 at 52.86,8.48
[SERVER] Received aircraft: 893F64 at 48.62,5.97
[SERVER] Received aircraft: 8683B3 at 51.10,10.74
[SERVER] Received aircraft: 95A8C5 at 50.88,9.59
[SERVER] Received aircraft: 16293A at 50.20,8.72
[SERVER] Received aircraft: A8E487 at 52.62,7.33
[SERVER] Received aircraft: A01356 at 52.41,8.11
[SERVER] Received aircraft: 77DCC7 at 50.75,6.95
[SERVER] Received aircraft: 74C3B8 at 51.70,10.56
[SERVER] Received aircraft: 4BE1CE at 46.36,6.85
[SERVER] Received aircraft: 566A02 at 51.38,8.51
[SERVER] Received aircraft: 049452 at 52.12,3.99
[SERVER] Received aircraft: 08DF81 at 50.56,8.05
[SERVER] Received aircraft: C2FB51 at 47.14,6.87
[SERVER] Received aircraft: 356ED1 at 51.80,8.46
[SERVER] Received aircraft: A8269C at 49.92,7.21
[SERVER] Received aircraft: 6317DF at 47.50,4.21
[SERVER] Received aircraft: 58E57F at 48.80,11.78
[SERVER] Received aircraft: 3AB297 at 52.86,8.49
[SERVER] Received aircraft: 893F64 at 48.62,5.98
[SERVER] Received aircraft: 8683B3 at 51.10,10.74
[SERVER] Received aircraft: 95A8C5 at 50.88,9.59
[SERVER] Received aircraft: 16293A at 50.20,8.72
[SERVER] Received aircraft: A8E487 at 52.62,7.33
[SERVER] Received aircraft: A01356 at 52.41,8.12
[SERVER] Received aircraft: 77DCC7 at 50.75,6.96
[SERVER] Received aircraft: 74C3B8 at 51.70,10.56
[SERVER] Received aircraft: 4BE1CE at 46.36,6.85
[SERVER] Received aircraft: 566A02 at 51.38,8.51
[SERVER] Received aircraft: 049452 at 52.12,3.99
[SERVER] Received aircraft: 08DF81 at 50.56,8.05
[SERVER] Received aircraft: C2FB51 at 47.14,6.87
[SERVER] Received aircraft: 356ED1 at 51.80,8.46
[SERVER] Received aircraft: A8269C at 49.92,7.21
[SERVER] Received aircraft: 6317DF at 47.50,4.21
[SERVER] Received aircraft: 58E57F at 48.80,11.78
[SERVER] Received aircraft: 3AB297 at 52.86,8.49
[SERVER] Received aircraft: 893F64 at 48.62,5.98
[SERVER] Received aircraft: 8683B3 at 51.10,10.74
[SERVER] Received aircraft: 95A8C5 at 50.88,9.59
[SERVER] Received aircraft: 16293A at 50.20,8.73
[SERVER] Received aircraft: A8E487 at 52.63,7.34
[SERVER] Received aircraft: A01356 at 52.41,8.12
[SERVER] Received aircraft: 77DCC7 at 50.75,6.96
[SERVER] Received aircraft: 74C3B8 at 51.70,10.56
[SERVER] Received aircraft: 4BE1CE at 46.36,6.85
[SERVER] Received aircraft: 566A02 at 51.38,8.51
[SERVER] Received aircraft: 049452 at 52.13,3.99
[SERVER] Received aircraft: 08DF81 at 50.56,8.05
[SERVER] Received aircraft: C2FB51 at 47.13,6.87
[SERVER] Received aircraft: 356ED1 at 51.80,8.46
[SERVER] Received aircraft: A8269C at 49.92,7.21
[SERVER] Received aircraft: 6317DF at 47.49,4.21
[SERVER] Received aircraft: 58E57F at 48.80,11.78
[SERVER] Received aircraft: 3AB297 at 52.86,8.49
[SERVER] Received aircraft: 893F64 at 48.62,5.98
[SERVER] Received aircraft: 8683B3 at 51.10,10.74
[SERVER] Received aircraft: 95A8C5 at 50.88,9.59
[SERVER] Received aircraft: 16293A at 50.20,8.73
[SERVER] Received aircraft: A8E487 at 52.63,7.34
[SERVER] Received aircraft: A01356 at 52.41,8.12
[SERVER] Received aircraft: 77DCC7 at 50.75,6.96
[SERVER] Received aircraft: 74C3B8 at 51.70,10.56
[SERVER] Received aircraft: 4BE1CE at 46.36,6.85
[SERVER] Received aircraft: 566A02 at 51.38,8.51
[SERVER] Received aircraft: 049452 at 52.13,3.99
[SERVER] Received aircraft: 08DF81 at 50.57,8.05
[SERVER] Received aircraft: C2FB51 at 47.13,6.87
[SERVER] Received aircraft: 356ED1 at 51.80,8.46
[SERVER] Received aircraft: A8269C at 49.92,7.20
[SERVER] Received aircraft: 6317DF at 47.49,4.21
[SERVER] Received aircraft: 58E57F at 48.80,11.78
[SERVER] Received aircraft: 3AB297 at 52.86,8.49
[SERVER] Received aircraft: 893F64 at 48.62,5.98
[SERVER] Received aircraft: 8683B3 at 51.10,10.74
[SERVER] Received aircraft: 95A8C5 at 50.88,9.59
[SERVER] Received aircraft: 16293A at 50.20,8.73
[SERVER] Received aircraft: A8E487 at 52.63,7.34
[SERVER] Received aircraft: A01356 at 52.41,8.13
[SERVER] Received aircraft: 77DCC7 at 50.75,6.96
[SERVER] Received aircraft: 74C3B8 at 51.70,10.55
[SERVER] Received aircraft: 4BE1CE at 46.36,6.85
[SERVER] Received aircraft: 566A02 at 51.38,8.51
[SERVER] Received aircraft: 049452 at 52.13,3.99
[SERVER] Received aircraft: 08DF81 at 50.57,8.05
[SERVER] Received aircraft: C2FB51 at 47.13,6.87
[SERVER] Received aircraft: 356ED1 at 51.80,8.46
[SERVER] Received aircraft: A8269C at 49.92,7.20
[SERVER] Received aircraft: 6317DF at 47.49,4.21
[SERVER] Received aircraft: 58E57F at 48.80,11.78
[SERVER] Received aircraft: 3AB297 at 52.86,8.50
[SERVER] Received aircraft: 893F64 at 48.62,5.98
[SERVER] Received aircraft: 8683B3 at 51.10,10.74
[SERVER] Received aircraft: 95A8C5 at 50.89,9.59
[SERVER] Received aircraft: 16293A at 50.21,8.74
[SERVER] Received aircraft: A8E487 at 52.63,7.35
[SERVER] Received aircraft: A01356 at 52.41,8.13
[SERVER] Received aircraft: 77DCC7 at 50.75,6.96
[SERVER] Received aircraft: 74C3B8 at 51.70,10.55
[SERVER] Received aircraft: 4BE1CE at 46.36,6.85
[SERVER] Received aircraft: 566A02 at 51.38,8.51
[SERVER] Received aircraft: 049452 at 52.13,3.99
[SERVER] Received aircraft: 08DF81 at 50.57,8.05
[SERVER] Received aircraft: C2FB51 at 47.13,6.87
[SERVER] Received aircraft: 356ED1 at 51.80,8.46
[SERVER] Received aircraft: A8269C at 49.92,7.20
[SERVER] Received aircraft: 6317DF at 47.49,4.21
[SERVER] Received aircraft: 58E57F at 48.80,11.78
[SERVER] Received aircraft: 3AB297 at 52.86,8.50
[SERVER] Received aircraft: 893F64 at 48.62,5.98
[SERVER] Received aircraft: 8683B3 at 51.09,10.74
[SERVER] Received aircraft: 95A8C5 at 50.89,9.59
[SERVER] Received aircraft: 16293A at 50.21,8.74
[SERVER] Received aircraft: A8E487 at 52.63,7.35
[SERVER] Received aircraft: A01356 at 52.41,8.14
[SERVER] Received aircraft: 77DCC7 at 50.75,6.96
[SERVER] Received aircraft: 74C3B8 at 51.70,10.55
[SERVER] Received aircraft: 4BE1CE at 46.36,6.84
[SERVER] Received aircraft: 566A02 at 51.38,8.51
[SERVER] Received aircraft: 049452 at 52.13,3.99
[SERVER] Received aircraft: 08DF81 at 50.57,8.05
[SERVER] Received aircraft: C2FB51 at 47.13,6.87
[SERVER] Received aircraft: 356ED1 at 51.80,8.47
[SERVER] Received aircraft: A8269C at 49.92,7.19
[SERVER] Received aircraft: 6317DF at 47.48,4.21
[SERVER] Received aircraft: 58E57F at 48.80,11.78
[SERVER] Received aircraft: 3AB297 at 52.86,8.50
[SERVER] Received aircraft: 893F64 at 48.62,5.98
[SERVER] Received aircraft: 8683B3 at 51.09,10.74
[SERVER] Received aircraft: 95A8C5 at 50.89,9.59
[SERVER] Received aircraft: 16293A at 50.21,8.74
[SERVER] Received aircraft: A8E487 at 52.63,7.35
[SERVER] Received aircraft: A01356 at 52.41,8.14
[SERVER] Received aircraft: 77DCC7 at 50.75,6.97
[SERVER] Received aircraft: 74C3B8 at 51.71,10.55
[SERVER] Received aircraft: 4BE1CE at 46.35,6.84
[SERVER] Received aircraft: 566A02 at 51.38,8.51
[SERVER] Received aircraft: 049452 at 52.13,3.99
[SERVER] Received aircraft: 08DF81 at 50.57,8.04
[SERVER] Received aircraft: C2FB51 at 47.12,6.87
[SERVER] Received aircraft: 356ED1 at 51.80,8.47
[SERVER] Received aircraft: A8269C at 49.92,7.19
[SERVER] Received aircraft: 6317DF at 47.48,4.21
[SERVER] Received aircraft: 58E57F at 48.80,11.78
[SERVER] Received aircraft: 3AB297 at 52.86,8.51
[SERVER] Received aircraft: 893F64 at 48.63,5.98
[SERVER] Received aircraft: 8683B3 at 51.09,10.74
[SERVER] Received aircraft: 95A8C5 at 50.89,9.58
[SERVER] Received aircraft: 16293A at 50.21,8.75
[SERVER] Received aircraft: A8E487 at 52.63,7.36
[SERVER] Received aircraft: A01356 at 52.41,8.14
[SERVER] Received aircraft: 77DCC7 at 50.75,6.97
[SERVER] Received aircraft: 74C3B8 at 51.71,10.55
[SERVER] Received aircraft: 4BE1CE at 46.35,6.84
[SERVER] Received aircraft: 566A02 at 51.38,8.51
[SERVER] Received aircraft: 049452 at 52.13,3.99
[SERVER] Received aircraft: 08DF81 at 50.57,8.04
[SERVER] Received aircraft: C2FB51 at 47.12,6.87
[SERVER] Received aircraft: 356ED1 at 51.80,8.47
[SERVER] Received aircraft: A8269C at 49.92,7.18
[SERVER] Received aircraft: 6317DF at 47.48,4.21
[SERVER] Received aircraft: 58E57F at 48.80,11.78
[SERVER] Received aircraft: 3AB297 at 52.86,8.51
[SERVER] Received aircraft: 893F64 at 48.63,5.98
[SERVER] Received aircraft: 8683B3 at 51.09,10.74
[SERVER] Received aircraft: 95A8C5 at 50.89,9.58
[SERVER] Received aircraft: 16293A at 50.21,8.75
[SERVER] Received aircraft: A8E487 at 52.63,7.36
[SERVER] Received aircraft: A01356 at 52.41,8.15
[SERVER] Received aircraft: 77DCC7 at 50.75,6.97
[SERVER] Received aircraft: 74C3B8 at 51.71,10.55
[SERVER] Received aircraft: 4BE1CE at 46.35,6.84
[SERVER] Received aircraft: 566A02 at 51.38,8.51
[SERVER] Received aircraft: 049452 at 52.14,3.99
[SERVER] Received aircraft: 08DF81 at 50.57,8.04
[SERVER] Received aircraft: C2FB51 at 47.12,6.87
[SERVER] Received aircraft: 356ED1 at 51.81,8.47
[SERVER] Received aircraft: A8269C at 49.92,7.18
[SERVER] Received aircraft: 6317DF at 47.48,4.21
[SERVER] Received aircraft: 58E57F at 48.80,11.78
[SERVER] Received aircraft: 3AB297 at 52.86,8.51
[SERVER] Received aircraft: 893F64 at 48.63,5.98
[SERVER] Received aircraft: 8683B3 at 51.09,10.74
[SERVER] Received aircraft: 95A8C5 at 50.89,9.58
[SERVER] Received aircraft: 16293A at 50.22,8.76
[SERVER] Received aircraft: A8E487 at 52.63,7.36
[SERVER] Received aircraft: A01356 at 52.41,8.15
[SERVER] Received aircraft: 77DCC7 at 50.75,6.97
[SERVER] Received aircraft: 74C3B8 at 51.71,10.55
[SERVER] Received aircraft: 4BE1CE at 46.35,6.84
[SERVER] Received aircraft: 566A02 at 51.38,8.51
[SERVER] Received aircraft: 049452 at 52.14,3.99
[SERVER] Received aircraft: 08DF81 at 50.57,8.04
[SERVER] Received aircraft: C2FB51 at 47.12,6.87
[SERVER] Received aircraft: 356ED1 at 51.81,8.47
[SERVER] Received aircraft: A8269C at 49.92,7.18
[SERVER] Received aircraft: 6317DF at 47.48,4.21
[SERVER] Received aircraft: 58E57F at 48.80,11.78
[SERVER] Received aircraft: 3AB297 at 52.87,8.51
[SERVER] Received aircraft: 893F64 at 48.63,5.98
[SERVER] Received aircraft: 8683B3 at 51.09,10.74
[SERVER] Received aircraft: 95A8C5 at 50.90,9.58
[SERVER] Received aircraft: 16293A at 50.22,8.76
[SERVER] Received aircraft: A8E487 at 52.63,7.37
[SERVER] Received aircraft: A01356 at 52.42,8.15
[SERVER] Received aircraft: 77DCC7 at 50.75,6.97
[SERVER] Received aircraft: 74C3B8 at 51.71,10.55
[SERVER] Received aircraft: 4BE1CE at 46.35,6.83
[SERVER] Received aircraft: 566A02 at 51.38,8.51
[SERVER] Received aircraft: 049452 at 52.14,3.99
[SERVER] Received aircraft: 08DF81 at 50.58,8.04
[SERVER] Received aircraft: C2FB51 at 47.12,6.87
[SERVER] Received aircraft: 356ED1 at 51.81,8.47
[SERVER] Received aircraft: A8269C at 49.92,7.17
[SERVER] Received aircraft: 6317DF at 47.47,4.21
[SERVER] Received aircraft: 58E57F at 48.80,11.79
[SERVER] Received aircraft: 3AB297 at 52.87,8.52
[SERVER] Received aircraft: 893F64 at 48.63,5.98
[SERVER] Received aircraft: 8683B3 at 51.09,10.74
[SERVER] Received aircraft: 95A8C5 at 50.90,9.58
[SERVER] Received aircraft: 16293A at 50.22,8.76
[SERVER] Received aircraft: A8E487 at 52.63,7.37
[SERVER] Received aircraft: A01356 at 52.42,8.16
[SERVER] Received aircraft: 77DCC7 at 50.75,6.97
[SERVER] Received aircraft: 74C3B8 at 51.71,10.55
[SERVER] Received aircraft: 4BE1CE at 46.35,6.83
[SERVER] Received aircraft: 566A02 at 51.38,8.51
[SERVER] Received aircraft: 049452 at 52.14,3.99
[SERVER] Received aircraft: 08DF81 at 50.58,8.04
[SERVER] Received aircraft: C2FB51 at 47.11,6.87
[SERVER] Received aircraft: 356ED1 at 51.81,8.47
[SERVER] Received aircraft: A8269C at 49.92,7.17
[SERVER] Received aircraft: 6317DF at 47.47,4.21
[SERVER] Received aircraft: 58E57F at 48.80,11.79
[SERVER] Received aircraft: 3AB297 at 52.87,8.52
[SERVER] Received aircraft: 893F64 at 48.63,5.98
[SERVER] Received aircraft: 8683B3 at 51.08,10.74
[SERVER] Received aircraft: 95A8C5 at 50.90,9.58
[SERVER] Received aircraft: 16293A at 50.22,8.77
[SERVER] Received aircraft: A8E487 at 52.63,7.37
[SERVER] Received aircraft: A01356 at 52.42,8.16
[SERVER] Received aircraft: 77DCC7 at 50.75,6.97
[SERVER] Received aircraft: 74C3B8 at 51.71,10.54
[SERVER] Received aircraft: 4BE1CE at 46.35,6.83
[SERVER] Received aircraft: 566A02 at 51.38,8.51
[SERVER] Received aircraft: 049452 at 52.14,3.99
[SERVER] Received aircraft: 08DF81 at 50.58,8.04
[SERVER] Received aircraft: C2FB51 at 47.11,6.87
[SERVER] Received aircraft: 356ED1 at 51.81,8.47
[SERVER] Received aircraft: A8269C at 49.92,7.17
[SERVER] Received aircraft: 6317DF at 47.47,4.21
[SERVER] Received aircraft: 58E57F at 48.80,11.79
[SERVER] Received aircraft: 3AB297 at 52.87,8.52
[SERVER] Received aircraft: 893F64 at 48.63,5.98
[SERVER] Received aircraft: 8683B3 at 51.08,10.73
[SERVER] Received aircraft: 95A8C5 at 50.90,9.58
[SERVER] Received aircraft: 16293A at 50.22,8.77
[SERVER] Received aircraft: A8E487 at 52.63,7.38
[SERVER] Received aircraft: A01356 at 52.42,8.17
[SERVER] Received aircraft: 77DCC7 at 50.75,6.98
[SERVER] Received aircraft: 74C3B8 at 51.71,10.54
[SERVER] Received aircraft: 4BE1CE at 46.34,6.83
[SERVER] Received aircraft: 566A02 at 51.37,8.51
[SERVER] Received aircraft: 049452 at 52.14,3.99
[SERVER] Received aircraft: 08DF81 at 50.58,8.04
[SERVER] Received aircraft: C2FB51 at 47.11,6.87
[SERVER] Received aircraft: 356ED1 at 51.81,8.48
[SERVER] Received aircraft: A8269C at 49.92,7.16
[SERVER] Received aircraft: 6317DF at 47.47,4.21
[SERVER] Received aircraft: 58E57F at 48.80,11.79
[SERVER] Received aircraft: 3AB297 at 52.87,8.52
[SERVER] Received aircraft: 893F64 at 48.63,5.98
[SERVER] Received aircraft: 8683B3 at 51.08,10.73
[SERVER] Received aircraft: 95A8C5 at 50.90,9.58
[SERVER] Received aircraft: 16293A at 50.22,8.77
[SERVER] Received aircraft: A8E487 at 52.63,7.38
[SERVER] Received aircraft: A01356 at 52.42,8.17
[SERVER] Received aircraft: 77DCC7 at 50.75,6.98
[SERVER] Received aircraft: 74C3B8 at 51.71,10.54
[SERVER] Received aircraft: 4BE1CE at 46.34,6.83
[SERVER] Received aircraft: 566A02 at 51.37,8.51
[SERVER] Received aircraft: 049452 at 52.15,3.99
[SERVER] Received aircraft: 08DF81 at 50.58,8.04
[SERVER] Received aircraft: C2FB51 at 47.11,6.87
[SERVER] Received aircraft: 356ED1 at 51.81,8.48
[SERVER] Received aircraft: A8269C at 49.92,7.16
[SERVER] Received aircraft: 6317DF at 47.47,4.21
[SERVER] Received aircraft: 58E57F at 48.80,11.79
[SERVER] Received aircraft: 3AB297 at 52.87,8.53
[SERVER] Received aircraft: 893F64 at 48.63,5.98
[SERVER] Received aircraft: 8683B3 at 51.08,10.73
[SERVER] Received aircraft: 95A8C5 at 50.90,9.58
[SERVER] Received aircraft: 16293A at 50.23,8.78
[SERVER] Received aircraft: A8E487 at 52.63,7.38
[SERVER] Received aircraft: A01356 at 52.42,8.17
[SERVER] Received aircraft: 77DCC7 at 50.75,6.98
[SERVER] Received aircraft: 74C3B8 at 51.71,10.54
[SERVER] Received aircraft: 4BE1CE at 46.34,6.82
[SERVER] Received aircraft: 566A02 at 51.37,8.51
[SERVER] Received aircraft: 049452 at 52.15,3.98
[SERVER] Received aircraft: 08DF81 at 50.58,8.04
[SERVER] Received aircraft: C2FB51 at 47.11,6.87
[SERVER] Received aircraft: 356ED1 at 51.81,8.48
[SERVER] Received aircraft: A8269C at 49.92,7.16
[SERVER] Received aircraft: 6317DF at 47.46,4.21
[SERVER] Received aircraft: 58E57F at 48.81,11.79
[SERVER] Received aircraft: 3AB297 at 52.87,8.53
[SERVER] Received aircraft: 893F64 at 48.63,5.98
[SERVER] Received aircraft: 8683B3 at 51.08,10.73
[SERVER] Received aircraft: 95A8C5 at 50.91,9.58
[SERVER] Received aircraft: 16293A at 50.23,8.78
[SERVER] Received aircraft: A8E487 at 52.63,7.38
[SERVER] Received aircraft: A01356 at 52.42,8.18
[SERVER] Received aircraft: 77DCC7 at 50.75,6.98
[SERVER] Received aircraft: 74C3B8 at 51.71,10.54
[SERVER] Received aircraft: 4BE1CE at 46.34,6.82
[SERVER] Received aircraft: 566A02 at 51.37,8.51
[SERVER] Received aircraft: 049452 at 52.15,3.98
[SERVER] Received aircraft: 08DF81 at 50.58,8.04
[SERVER] Received aircraft: C2FB51 at 47.11,6.87
[SERVER] Received aircraft: 356ED1 at 51.81,8.48
[SERVER] Received aircraft: A8269C at 49.92,7.15
[SERVER] Received aircraft: 6317DF at 47.46,4.21
[SERVER] Received aircraft: 58E57F at 48.81,11.79
[SERVER] Received aircraft: 3AB297 at 52.87,8.53
[SERVER] Received aircraft: 893F64 at 48.64,5.98
[SERVER] Received aircraft: 8683B3 at 51.08,10.73
[SERVER] Received aircraft: 95A8C5 at 50.91,9.58
[SERVER] Received aircraft: 16293A at 50.23,8.78
[SERVER] Received aircraft: A8E487 at 52.63,7.39
[SERVER] Received aircraft: A01356 at 52.42,8.18
[SERVER] Received aircraft: 77DCC7 at 50.75,6.98
[SERVER] Received aircraft: 74C3B8 at 51.72,10.54
[SERVER] Received aircraft: 4BE1CE at 46.34,6.82
[SERVER] Received aircraft: 566A02 at 51.37,8.51
[SERVER] Received aircraft: 049452 at 52.15,3.98
[SERVER] Received aircraft: 08DF81 at 50.59,8.04
[SERVER] Received aircraft: C2FB51 at 47.10,6.87
[SERVER] Received aircraft: 356ED1 at 51.81,8.48
[SERVER] Received aircraft: A8269C at 49.92,7.15
[SERVER] Received aircraft: 6317DF at 47.46,4.21
[SERVER] Received aircraft: 58E57F at 48.81,11.79
[SERVER] Received aircraft: 3AB297 at 52.87,8.53
[SERVER] Received aircraft: 893F64 at 48.64,5.98
[SERVER] Received aircraft: 8683B3 at 51.08,10.73
[SERVER] Received aircraft: 95A8C5 at 50.91,9.57
[SERVER] Received aircraft: 16293A at 50.23,8.79
[SERVER] Received aircraft: A8E487 at 52.63,7.39
[SERVER] Received aircraft: A01356 at 52.42,8.19
[SERVER] Received aircraft: 77DCC7 at 50.75,6.98
[SERVER] Received aircraft: 74C3B8 at 51.72,10.54
[SERVER] Received aircraft: 4BE1CE at 46.34,6.82
[SERVER] Received aircraft: 566A02 at 51.37,8.51
[SERVER] Received aircraft: 049452 at 52.15,3.98
[SERVER] Received aircraft: 08DF81 at 50.59,8.04
[SERVER] Received aircraft: C2FB51 at 47.10,6.87
[SERVER] Received aircraft: 356ED1 at 51.81,8.48
[SERVER] Received aircraft: A8269C at 49.92,7.15
[SERVER] Received aircraft: 6317DF at 47.46,4.21
[SERVER] Received aircraft: 58E57F at 48.81,11.79
[SERVER] Received aircraft: 3AB297 at 52.87,8.54
[SERVER] Received aircraft: 893F64 at 48.64,5.98
[SERVER] Received aircraft: 8683B3 at 51.08,10.73
[SERVER] Received aircraft: 95A8C5 at 50.91,9.57
[SERVER] Received aircraft: 16293A at 50.23,8.79
[SERVER] Received aircraft: A8E487 at 52.63,7.39
[SERVER] Received aircraft: A01356 at 52.42,8.19
[SERVER] Received aircraft: 77DCC7 at 50.75,6.99
[SERVER] Received aircraft: 74C3B8 at 51.72,10.54
[SERVER] Received aircraft: 4BE1CE at 46.33,6.82
[SERVER] Received aircraft: 566A02 at 51.37,8.51
[SERVER] Received aircraft: 049452 at 52.15,3.98
[SERVER] Received aircraft: 08DF81 at 50.59,8.04
[SERVER] Received aircraft: C2FB51 at 47.10,6.87
[SERVER] Received aircraft: 356ED1 at 51.81,8.48
[SERVER] Received aircraft: A8269C at 49.92,7.14
[SERVER] Received aircraft: 6317DF at 47.46,4.21
[SERVER] Received aircraft: 58E57F at 48.81,11.79
[SERVER] Received aircraft: 3AB297 at 52.87,8.54
[SERVER] Received aircraft: 893F64 at 48.64,5.98
[SERVER] Received aircraft: 8683B3 at 51.07,10.73
[SERVER] Received aircraft: 95A8C5 at 50.91,9.57
[SERVER] Received aircraft: 16293A at 50.23,8.79
[SERVER] Received aircraft: A8E487 at 52.63,7.40
[SERVER] Received aircraft: A01356 at 52.42,8.19
[SERVER] Received aircraft: 77DCC7 at 50.75,6.99
[SERVER] Received aircraft: 74C3B8 at 51.72,10.54
[SERVER] Received aircraft: 4BE1CE at 46.33,6.81
[SERVER] Received aircraft: 566A02 at 51.37,8.52
[SERVER] Received aircraft: 049452 at 52.15,3.98
[SERVER] Received aircraft: 08DF81 at 50.59,8.04
[SERVER] Received aircraft: C2FB51 at 47.10,6.87
[SERVER] Received aircraft: 356ED1 at 51.81,8.49
[SERVER] Received aircraft: A8269C at 49.92,7.14
[SERVER] Received aircraft: 6317DF at 47.45,4.21
[SERVER] Received aircraft: 58E57F at 48.81,11.79
[SERVER] Received aircraft: 3AB297 at 52.87,8.54
[SERVER] Received aircraft: 893F64 at 48.64,5.98
[SERVER] Received aircraft: 8683B3 at 51.07,10.73
[SERVER] Received aircraft: 95A8C5 at 50.91,9.57
[SERVER] Received aircraft: 16293A at 50.24,8.80
[SERVER] Received aircraft: A8E487 at 52.63,7.40
[SERVER] Received aircraft: A01356 at 52.42,8.20
[SERVER] Received aircraft: 77DCC7 at 50.75,6.99
[SERVER] Received aircraft: 74C3B8 at 51.72,10.53
[SERVER] Received aircraft: 4BE1CE at 46.33,6.81
[SERVER] Received aircraft: 566A02 at 51.37,8.52
[SERVER] Received aircraft: 049452 at 52.16,3.98
[SERVER] Received aircraft: 08DF81 at 50.59,8.04
[SERVER] Received aircraft: C2FB51 at 47.10,6.87
[SERVER] Received aircraft: 356ED1 at 51.81,8.49
[SERVER] Received aircraft: A8269C at 49.92,7.14
[SERVER] Received aircraft: 6317DF at 47.45,4.22
[SERVER] Received aircraft: 58E57F at 48.81,11.79
[SERVER] Received aircraft: 3AB297 at 52.87,8.54
[SERVER] Received aircraft: 893F64 at 48.64,5.98
[SERVER] Received aircraft: 8683B3 at 51.07,10.73
[SERVER] Received aircraft: 95A8C5 at 50.92,9.57
[SERVER] Received aircraft: 16293A at 50.24,8.80
[SERVER] Received aircraft: A8E487 at 52.63,7.40
[SERVER] Received aircraft: A01356 at 52.42,8.20
[SERVER] Received aircraft: 77DCC7 at 50.75,6.99
[SERVER] Received aircraft: 74C3B8 at 51.72,10.53
[SERVER] Received aircraft: 4BE1CE at 46.33,6.81
[SERVER] Received aircraft: 566A02 at 51.37,8.52
[SERVER] Received aircraft: 049452 at 52.16,3.98
[SERVER] Received aircraft: 08DF81 at 50.59,8.04
[SERVER] Received aircraft: C2FB51 at 47.09,6.87
[SERVER] Received aircraft: 356ED1 at 51.81,8.49
[SERVER] Received aircraft: A8269C at 49.92,7.13
[SERVER] Received aircraft: 6317DF at 47.45,4.22
[SERVER] Received aircraft: 58E57F at 48.81,11.79
[SERVER] Received aircraft: 3AB297 at 52.87,8.55
[SERVER] Received aircraft: 893F64 at 48.64,5.98
[SERVER] Received aircraft: 8683B3 at 51.07,10.73
[SERVER] Received aircraft: 95A8C5 at 50.92,9.57
[SERVER] Received aircraft: 16293A at 50.24,8.80
[SERVER] Received aircraft: A8E487 at 52.63,7.41
[SERVER] Received aircraft: A01356 at 52.42,8.21
[SERVER] Received aircraft: 77DCC7 at 50.75,6.99
[SERVER] Received aircraft: 74C3B8 at 51.72,10.53
[SERVER] Received aircraft: 4BE1CE at 46.33,6.81
[SERVER] Received aircraft: 566A02 at 51.37,8.52
[SERVER] Received aircraft: 049452 at 52.16,3.98
[SERVER] Received aircraft: 08DF81 at 50.59,8.04
[SERVER] Received aircraft: C2FB51 at 47.09,6.87
[SERVER] Received aircraft: 356ED1 at 51.81,8.49
[SERVER] Received aircraft: A8269C at 49.92,7.13
[SERVER] Received aircraft: 6317DF at 47.45,4.22
[SERVER] Received aircraft: 58E57F at 48.81,11.79
[SERVER] Received aircraft: 3AB297 at 52.87,8.55
[SERVER] Received aircraft: 893F64 at 48.64,5.98
[SERVER] Received aircraft: 8683B3 at 51.07,10.73
[SERVER] Received aircraft: 95A8C5 at 50.92,9.57
[SERVER] Received aircraft: 16293A at 50.24,8.81
[SERVER] Received aircraft: A8E487 at 52.63,7.41
[SERVER] Received aircraft: A01356 at 52.42,8.21
[SERVER] Received aircraft: 77DCC7 at 50.75,6.99
[SERVER] Received aircraft: 74C3B8 at 51.72,10.53
[SERVER] Received aircraft: 4BE1CE at 46.33,6.81
[SERVER] Received aircraft: 566A02 at 51.37,8.52
[SERVER] Received aircraft: 049452 at 52.16,3.98
[SERVER] Received aircraft: 08DF81 at 50.60,8.04
[SERVER] Received aircraft: C2FB51 at 47.09,6.87
[SERVER] Received aircraft: 356ED1 at 51.81,8.49
[SERVER] Received aircraft: A8269C at 49.92,7.12
[SERVER] Received aircraft: 6317DF at 47.45,4.22
[SERVER] Received aircraft: 58E57F at 48.81,11.80
[SERVER] Received aircraft: 3AB297 at 52.88,8.55
[SERVER] Received aircraft: 893F64 at 48.64,5.99
[SERVER] Received aircraft: 8683B3 at 51.07,10.73
[SERVER] Received aircraft: 95A8C5 at 50.92,9.57
[SERVER] Received aircraft: 16293A at 50.24,8.81
[SERVER] Received aircraft: A8E487 at 52.63,7.41
[SERVER] Received aircraft: A01356 at 52.42,8.21
[SERVER] Received aircraft: 77DCC7 at 50.75,7.00
[SERVER] Received aircraft: 74C3B8 at 51.72,10.53
[SERVER] Received aircraft: 4BE1CE at 46.33,6.80
[SERVER] Received aircraft: 566A02 at 51.37,8.52
[SERVER] Received aircraft: 049452 at 52.16,3.98
[SERVER] Received aircraft: 08DF81 at 50.60,8.03
[SERVER] Received aircraft: C2FB51 at 47.09,6.87
[SERVER] Received aircraft: 356ED1 at 51.81,8.49
[SERVER] Received aircraft: A8269C at 49.92,7.12
[SERVER] Received aircraft: 6317DF at 47.44,4.22
[SERVER] Received aircraft: 58E57F at 48.81,11.80
[SERVER] Received aircraft: 3AB297 at 52.88,8.55
[SERVER] Received aircraft: 893F64 at 48.64,5.99
[SERVER] Received aircraft: 8683B3 at 51.07,10.73
[SERVER] Received aircraft: 95A8C5 at 50.92,9.57
[SERVER] Received aircraft: 16293A at 50.25,8.82
[SERVER] Received aircraft: A8E487 at 52.63,7.42
[SERVER] Received aircraft: A01356 at 52.42,8.22
[SERVER] Received aircraft: 77DCC7 at 50.75,7.00
[SERVER] Received aircraft: 74C3B8 at 51.72,10.53
[SERVER] Received aircraft: 4BE1CE at 46.32,6.80
[SERVER] Received aircraft: 566A02 at 51.37,8.52
[SERVER] Received aircraft: 049452 at 52.16,3.98
[SERVER] Received aircraft: 08DF81 at 50.60,8.03
[SERVER] Received aircraft: C2FB51 at 47.09,6.87
[SERVER] Received aircraft: 356ED1 at 51.82,8.49
[SERVER] Received aircraft: A8269C at 49.92,7.12
[SERVER] Received aircraft: 6317DF at 47.44,4.22
[SERVER] Received aircraft: 58E57F at 48.81,11.80
[SERVER] Received aircraft: 3AB297 at 52.88,8.56
[SERVER] Received aircraft: 893F64 at 48.64,5.99
[SERVER] Received aircraft: 8683B3 at 51.06,10.73
[SERVER] Received aircraft: 95A8C5 at 50.92,9.57
[SERVER] Received aircraft: 16293A at 50.25,8.82
[SERVER] Received aircraft: A8E487 at 52.63,7.42
[SERVER] Received aircraft: A01356 at 52.42,8.22
[SERVER] Received aircraft: 77DCC7 at 50.75,7.00
[SERVER] Received aircraft: 74C3B8 at 51.72,10.53
[SERVER] Received aircraft: 4BE1CE at 46.32,6.80
[SERVER] Received aircraft: 566A02 at 51.37,8.52
[SERVER] Received aircraft: 049452 at 52.17,3.98
[SERVER] Received aircraft: 08DF81 at 50.60,8.03
[SERVER] Received aircraft: C2FB51 at 47.08,6.87
[SERVER] Received aircraft: 356ED1 at 51.82,8.49
[SERVER] Received aircraft: A8269C at 49.92,7.11
[SERVER] Received aircraft: 6317DF at 47.44,4.22
[SERVER] Received aircraft: 58E57F at 48.81,11.80
[SERVER] Received aircraft: 3AB297 at 52.88,8.56
[SERVER] Received aircraft: 893F64 at 48.65,5.99
[SERVER] Received aircraft: 8683B3 at 51.06,10.73
[SERVER] Received aircraft: 95A8C5 at 50.93,9.57
[SERVER] Received aircraft: 16293A at 50.25,8.82
[SERVER] Received aircraft: A8E487 at 52.63,7.42
[SERVER] Received aircraft: A01356 at 52.43,8.22
[SERVER] Received aircraft: 77DCC7 at 50.75,7.00
[SERVER] Received aircraft: 74C3B8 at 51.73,10.53
[SERVER] Received aircraft: 4BE1CE at 46.32,6.80
[SERVER] Received aircraft: 566A02 at 51.37,8.52
[SERVER] Received aircraft: 049452 at 52.17,3.97
[SERVER] Received aircraft: 08DF81 at 50.60,8.03
[SERVER] Received aircraft: C2FB51 at 47.08,6.87
[SERVER] Received aircraft: 356ED1 at 51.82,8.49
[SERVER] Received aircraft: A8269C at 49.92,7.11
[SERVER] Received aircraft: 6317DF at 47.44,4.22
[SERVER] Received aircraft: 58E57F at 48.81,11.80
[SERVER] Received aircraft: 3AB297 at 52.88,8.56
[SERVER] Received aircraft: 893F64 at 48.65,5.99
[SERVER] Received aircraft: 8683B3 at 51.06,10.73
[SERVER] Received aircraft: 95A8C5 at 50.93,9.57
[SERVER] Received aircraft: 16293A at 50.25,8.83
[SERVER] Received aircraft: A8E487 at 52.63,7.43
[SERVER] Received aircraft: A01356 at 52.43,8.23
[SERVER] Received aircraft: 77DCC7 at 50.75,7.00
[SERVER] Received aircraft: 74C3B8 at 51.73,10.52
[SERVER] Received aircraft: 4BE1CE at 46.32,6.80
[SERVER] Received aircraft: 566A02 at 51.36,8.52
[SERVER] Received aircraft: 049452 at 52.17,3.97
[SERVER] Received aircraft: 08DF81 at 50.60,8.03
[SERVER] Received aircraft: C2FB51 at 47.08,6.87
[SERVER] Received aircraft: 356ED1 at 51.82,8.50
[SERVER] Received aircraft: A8269C at 49.92,7.11
[SERVER] Received aircraft: 6317DF at 47.43,4.22
[SERVER] Received aircraft: 58E57F at 48.81,11.80
[SERVER] Received aircraft: 3AB297 at 52.88,8.56
[SERVER] Received aircraft: 893F64 at 48.65,5.99
[SERVER] Received aircraft: 8683B3 at 51.06,10.73
[SERVER] Received aircraft: 95A8C5 at 50.93,9.57
[SERVER] Received aircraft: 16293A at 50.25,8.83
[SERVER] Received aircraft: A8E487 at 52.63,7.43
[SERVER] Received aircraft: A01356 at 52.43,8.23
[SERVER] Received aircraft: 77DCC7 at 50.75,7.00
[SERVER] Received aircraft: 74C3B8 at 51.73,10.52
[SERVER] Received aircraft: 4BE1CE at 46.32,6.79
[SERVER] Received aircraft: 566A02 at 51.36,8.52
[SERVER] Received aircraft: 049452 at 52.17,3.97
[SERVER] Received aircraft: 08DF81 at 50.60,8.03
[SERVER] Received aircraft: C2FB51 at 47.08,6.87
[SERVER] Received aircraft: 356ED1 at 51.82,8.50
[SERVER] Received aircraft: A8269C at 49.92,7.10
[SERVER] Received aircraft: 6317DF at 47.43,4.22
[SERVER] Received aircraft: 58E57F at 48.81,11.80
[SERVER] Received aircraft: 3AB297 at 52.88,8.57
[SERVER] Received aircraft: 893F64 at 48.65,5.99
[SERVER] Received aircraft: 8683B3 at 51.06,10.73
[SERVER] Received aircraft: 95A8C5 at 50.93,9.57
[SERVER] Received aircraft: 16293A at 50.25,8.83
[SERVER] Received aircraft: A8E487 at 52.63,7.43
[SERVER] Received aircraft: A01356 at 52.43,8.24
[SERVER] Received aircraft: 77DCC7 at 50.75,7.01
[SERVER] Received aircraft: 74C3B8 at 51.73,10.52
[SERVER] Received aircraft: 4BE1CE at 46.32,6.79
[SERVER] Received aircraft: 566A02 at 51.36,8.52
[SERVER] Received aircraft: 049452 at 52.17,3.97
[SERVER] Received aircraft: 08DF81 at 50.60,8.03
[SERVER] Received aircraft: C2FB51 at 47.08,6.87
[SERVER] Received aircraft: 356ED1 at 51.82,8.50
[SERVER] Received aircraft: A8269C at 49.93,7.10
[SERVER] Received aircraft: 6317DF at 47.43,4.22
[SERVER] Received aircraft: 58E57F at 48.81,11.80
[SERVER] Received aircraft: 3AB297 at 52.88,8.57
[SERVER] Received aircraft: 893F64 at 48.65,5.99
[SERVER] Received aircraft: 8683B3 at 51.06,10.73
[SERVER] Received aircraft: 95A8C5 at 50.93,9.57
[SERVER] Received aircraft: 16293A at 50.26,8.84
[SERVER] Received aircraft: A8E487 at 52.63,7.44
[SERVER] Received aircraft: A01356 at 52.43,8.24
[SERVER] Received aircraft: 77DCC7 at 50.75,7.01
[SERVER] Received aircraft: 74C3B8 at 51.73,10.52
[SERVER] Received aircraft: 4BE1CE at 46.32,6.79
[SERVER] Received aircraft: 566A02 at 51.36,8.52
[SERVER] Received aircraft: 049452 at 52.17,3.97
[SERVER] Received aircraft: 08DF81 at 50.61,8.03
[SERVER] Received aircraft: C2FB51 at 47.08,6.87
[SERVER] Received aircraft: 356ED1 at 51.82,8.50
[SERVER] Received aircraft: A8269C at 49.93,7.10
[SERVER] Received aircraft: 6317DF at 47.43,4.22
[SERVER] Received aircraft: 58E57F at 48.81,11.80
[SERVER] Received aircraft: 3AB297 at 52.88,8.57
[SERVER] Received aircraft: 893F64 at 48.65,5.99
[SERVER] Received aircraft: 8683B3 at 51.06,10.73
[SERVER] Received aircraft: 95A8C5 at 50.94,9.57
[SERVER] Received aircraft: 16293A at 50.26,8.84
[SERVER] Received aircraft: A8E487 at 52.63,7.44
[SERVER] Received aircraft: A01356 at 52.43,8.24
[SERVER] Received aircraft: 77DCC7 at 50.75,7.01
[SERVER] Received aircraft: 74C3B8 at 51.73,10.52
[SERVER] Received aircraft: 4BE1CE at 46.31,6.79
[SERVER] Received aircraft: 566A02 at 51.36,8.52
[SERVER] Received aircraft: 049452 at 52.17,3.97
[SERVER] Received aircraft: 08DF81 at 50.61,8.03
[SERVER] Received aircraft: C2FB51 at 47.07,6.87
[SERVER] Received aircraft: 356ED1 at 51.82,8.50
[SERVER] Received aircraft: A8269C at 49.93,7.09
[SERVER] Received aircraft: 6317DF at 47.43,4.22
[SERVER] Received aircraft: 58E57F at 48.81,11.80
[SERVER] Received aircraft: 3AB297 at 52.88,8.58
[SERVER] Received aircraft: 893F64 at 48.65,5.99
[SERVER] Received aircraft: 8683B3 at 51.05,10.73
[SERVER] Received aircraft: 95A8C5 at 50.94,9.57
[SERVER] Received aircraft: 16293A at 50.26,8.84
[SERVER] Received aircraft: A8E487 at 52.63,7.44
[SERVER] Received aircraft: A01356 at 52.43,8.25
[SERVER] Received aircraft: 77DCC7 at 50.75,7.01
[SERVER] Received aircraft: 74C3B8 at 51.73,10.52
[SERVER] Received aircraft: 4BE1CE at 46.31,6.79
[SERVER] Received aircraft: 566A02 at 51.36,8.52
[SERVER] Received aircraft: 049452 at 52.18,3.97
[SERVER] Received aircraft: 08DF81 at 50.61,8.03
[SERVER] Received aircraft: C2FB51 at 47.07,6.87
[SERVER] Received aircraft: 356ED1 at 51.82,8.50
[SERVER] Received aircraft: A8269C at 49.93,7.09
[SERVER] Received aircraft: 6317DF at 47.42,4.22
[SERVER] Received aircraft: 58E57F at 48.81,11.80
[SERVER] Received aircraft: 3AB297 at 52.88,8.58
[SERVER] Received aircraft: 893F64 at 48.65,5.99
[SERVER] Received aircraft: 8683B3 at 51.05,10.73
[SERVER] Received aircraft: 95A8C5 at 50.94,9.57
[SERVER] Received aircraft: 16293A at 50.26,8.85
[SERVER] Received aircraft: A8E487 at 52.63,7.44
[SERVER] Received aircraft: A01356 at 52.43,8.25
[SERVER] Received aircraft: 77DCC7 at 50.75,7.01
[SERVER] Received aircraft: 74C3B8 at 51.73,10.52
[SERVER] Received aircraft: 4BE1CE at 46.31,6.78
[SERVER] Received aircraft: 566A02 at 51.36,8.52
[SERVER] Received aircraft: 049452 at 52.18,3.97
[SERVER] Received aircraft: 08DF81 at 50.61,8.03
[SERVER] Received aircraft: C2FB51 at 47.07,6.87
[SERVER] Received aircraft: 356ED1 at 51.82,8.50
[SERVER] Received aircraft: A8269C at 49.93,7.09
[SERVER] Received aircraft: 6317DF at 47.42,4.22
[SERVER] Received aircraft: 58E57F at 48.81,11.80
[SERVER] Received aircraft: 3AB297 at 52.88,8.58
[SERVER] Received aircraft: 893F64 at 48.65,5.99
[SERVER] Received aircraft: 8683B3 at 51.05,10.73
[SERVER] Received aircraft: 95A8C5 at 50.94,9.57
[SERVER] Received aircraft: 16293A at 50.26,8.85
[SERVER] Received aircraft: A8E487 at 52.63,7.45
[SERVER] Received aircraft: A01356 at 52.43,8.26
[SERVER] Received aircraft: 77DCC7 at 50.75,7.01
[SERVER] Received aircraft: 74C3B8 at 51.73,10.52
[SERVER] Received aircraft: 4BE1CE at 46.31,6.78
[SERVER] Received aircraft: 566A02 at 51.36,8.52
[SERVER] Received aircraft: 049452 at 52.18,3.97
[SERVER] Received aircraft: 08DF81 at 50.61,8.03
[SERVER] Received aircraft: C2FB51 at 47.07,6.87
[SERVER] Received aircraft: 356ED1 at 51.82,8.50
[SERVER] Received aircraft: A8269C at 49.93,7.08
[SERVER] Received aircraft: 6317DF at 47.42,4.22
[SERVER] Received aircraft: 58E57F at 48.81,11.80
[SERVER] Received aircraft: 3AB297 at 52.88,8.58
[SERVER] Received aircraft: 893F64 at 48.65,5.99
[SERVER] Received aircraft: 8683B3 at 51.05,10.73
[SERVER] Received aircraft: 95A8C5 at 50.94,9.57
[SERVER] Received aircraft: 16293A at 50.27,8.85
[SERVER] Received aircraft: A8E487 at 52.63,7.45
[SERVER] Received aircraft: A01356 at 52.43,8.26
[SERVER] Received aircraft: 77DCC7 at 50.75,7.02
[SERVER] Received aircraft: 74C3B8 at 51.73,10.52
[SERVER] Received aircraft: 4BE1CE at 46.31,6.78
[SERVER] Received aircraft: 566A02 at 51.36,8.52
[SERVER] Received aircraft: 049452 at 52.18,3.97
[SERVER] Received aircraft: 08DF81 at 50.61,8.03
[SERVER] Received aircraft: C2FB51 at 47.07,6.87
[SERVER] Received aircraft: 356ED1 at 51.82,8.51
[SERVER] Received aircraft: A8269C at 49.93,7.08
[SERVER] Received aircraft: 6317DF at 47.42,4.22
[SERVER] Received aircraft: 58E57F at 48.81,11.80
[SERVER] Received aircraft: 3AB297 at 52.88,8.59
[SERVER] Received aircraft: 893F64 at 48.66,5.99
[SERVER] Received aircraft: 8683B3 at 51.05,10.73
[SERVER] Received aircraft: 95A8C5 at 50.94,9.57
[SERVER] Received aircraft: 16293A at 50.27,8.86
[SERVER] Received aircraft: A8E487 at 52.63,7.45
[SERVER] Received aircraft: A01356 at 52.43,8.26
[SERVER] Received aircraft: 77DCC7 at 50.75,7.02
[SERVER] Received aircraft: 74C3B8 at 51.73,10.51
[SERVER] Received aircraft: 4BE1CE at 46.31,6.78
[SERVER] Received aircraft: 566A02 at 51.36,8.52
[SERVER] Received aircraft: 049452 at 52.18,3.97
[SERVER] Received aircraft: 08DF81 at 50.61,8.03
[SERVER] Received aircraft: C2FB51 at 47.06,6.87
[SERVER] Received aircraft: 356ED1 at 51.82,8.51
[SERVER] Received aircraft: A8269C at 49.93,7.08
[SERVER] Received aircraft: 6317DF at 47.42,4.22
[SERVER] Received aircraft: 58E57F at 48.81,11.81
[SERVER] Received aircraft: 3AB297 at 52.88,8.59
[SERVER] Received aircraft: 893F64 at 48.66,5.99
[SERVER] Received aircraft: 8683B3 at 51.05,10.73
[SERVER] Received aircraft: 95A8C5 at 50.95,9.57
[SERVER] Received aircraft: 16293A at 50.27,8.86
[SERVER] Received aircraft: A8E487 at 52.63,7.46
[SERVER] Received aircraft: A01356 at 52.43,8.27
[SERVER] Received aircraft: 77DCC7 at 50.75,7.02
[SERVER] Received aircraft: 74C3B8 at 51.74,10.51
[SERVER] Received aircraft: 4BE1CE at 46.31,6.78
[SERVER] Received aircraft: 566A02 at 51.36,8.52
[SERVER] Received aircraft: 049452 at 52.18,3.97
[SERVER] Received aircraft: 08DF81 at 50.62,8.03
[SERVER] Received aircraft: C2FB51 at 47.06,6.87
[SERVER] Received aircraft: 356ED1 at 51.82,8.51
[SERVER] Received aircraft: A8269C at 49.93,7.07
[SERVER] Received aircraft: 6317DF at 47.41,4.22
[SERVER] Received aircraft: 58E57F at 48.81,11.81
[SERVER] Received aircraft: 3AB297 at 52.89,8.59
[SERVER] Received aircraft: 893F64 at 48.66,5.99
[SERVER] Received aircraft: 8683B3 at 51.05,10.73
[SERVER] Received aircraft: 95A8C5 at 50.95,9.56
[SERVER] Received aircraft: 16293A at 50.27,8.86
[SERVER] Received aircraft: A8E487 at 52.63,7.46
[SERVER] Received aircraft: A01356 at 52.43,8.27
[SERVER] Received aircraft: 77DCC7 at 50.75,7.02
[SERVER] Received aircraft: 74C3B8 at 51.74,10.51
[SERVER] Received aircraft: 4BE1CE at 46.30,6.77
[SERVER] Received aircraft: 566A02 at 51.36,8.52
[SERVER] Received aircraft: 049452 at 52.19,3.97
[SERVER] Received aircraft: 08DF81 at 50.62,8.03
[SERVER] Received aircraft: C2FB51 at 47.06,6.87
[SERVER] Received aircraft: 356ED1 at 51.83,8.51
[SERVER] Received aircraft: A8269C at 49.93,7.07
[SERVER] Received aircraft: 6317DF at 47.41,4.22
[SERVER] Received aircraft: 58E57F at 48.81,11.81
[SERVER] Received aircraft: 3AB297 at 52.89,8.59
[SERVER] Received aircraft: 893F64 at 48.66,5.99
[SERVER] Received aircraft: 8683B3 at 51.05,10.73
[SERVER] Received aircraft: 95A8C5 at 50.95,9.56
[SERVER] Received aircraft: 16293A at 50.27,8.87
[SERVER] Received aircraft: A8E487 at 52.63,7.46
[SERVER] Received aircraft: A01356 at 52.43,8.28
[SERVER] Received aircraft: 77DCC7 at 50.75,7.02
[SERVER] Received aircraft: 74C3B8 at 51.74,10.51
[SERVER] Received aircraft: 4BE1CE at 46.30,6.77
[SERVER] Received aircraft: 566A02 at 51.36,8.52
[SERVER] Received aircraft: 049452 at 52.19,3.96
[SERVER] Received aircraft: 08DF81 at 50.62,8.03
[SERVER] Received aircraft: C2FB51 at 47.06,6.87
[SERVER] Received aircraft: 356ED1 at 51.83,8.51
[SERVER] Received aircraft: A8269C at 49.93,7.07
[SERVER] Received aircraft: 6317DF at 47.41,4.22
[SERVER] Received aircraft: 58E57F at 48.81,11.81
[SERVER] Received aircraft: 3AB297 at 52.89,8.60
[SERVER] Received aircraft: 893F64 at 48.66,5.99
[SERVER] Received aircraft: 8683B3 at 51.04,10.73
[SERVER] Received aircraft: 95A8C5 at 50.95,9.56
[SERVER] Received aircraft: 16293A at 50.27,8.87
[SERVER] Received aircraft: A8E487 at 52.63,7.47
[SERVER] Received aircraft: A01356 at 52.43,8.28
[SERVER] Received aircraft: 77DCC7 at 50.75,7.02
[SERVER] Received aircraft: 74C3B8 at 51.74,10.51
[SERVER] Received aircraft: 4BE1CE at 46.30,6.77
[SERVER] Received aircraft: 566A02 at 51.36,8.52
[SERVER] Received aircraft: 049452 at 52.19,3.96
[SERVER] Received aircraft: 08DF81 at 50.62,8.03
[SERVER] Received aircraft: C2FB51 at 47.06,6.87
[SERVER] Received aircraft: 356ED1 at 51.83,8.51
[SERVER] Received aircraft: A8269C at 49.93,7.06
[SERVER] Received aircraft: 6317DF at 47.41,4.22
[SERVER] Received aircraft: 58E57F at 48.81,11.81
[SERVER] Received aircraft: 3AB297 at 52.89,8.60
[SERVER] Received aircraft: 893F64 at 48.66,5.99
[SERVER] Received aircraft: 8683B3 at 51.04,10.73
[SERVER] Received aircraft: 95A8C5 at 50.95,9.56
[SERVER] Received aircraft: 16293A at 50.28,8.87
[SERVER] Received aircraft: A8E487 at 52.63,7.47
[SERVER] Received aircraft: A01356 at 52.43,8.28
[SERVER] Received aircraft: 77DCC7 at 50.75,7.02
[SERVER] Received aircraft: 74C3B8 at 51.74,10.51
[SERVER] Received aircraft: 4BE1CE at 46.30,6.77
[SERVER] Received aircraft: 566A02 at 51.36,8.52
[SERVER] Received aircraft: 049452 at 52.19,3.96
[SERVER] Received aircraft: 08DF81 at 50.62,8.03
[SERVER] Received aircraft: C2FB51 at 47.05,6.87
[SERVER] Received aircraft: 356ED1 at 51.83,8.51
[SERVER] Received aircraft: A8269C at 49.93,7.06
[SERVER] Received aircraft: 6317DF at 47.41,4.22
[SERVER] Received aircraft: 58E57F at 48.81,11.81
[SERVER] Received aircraft: 3AB297 at 52.89,8.60
[SERVER] Received aircraft: 893F64 at 48.66,5.99
[SERVER] Received aircraft: 8683B3 at 51.04,10.73
[SERVER] Received aircraft: 95A8C5 at 50.95,9.56
[SERVER] Received aircraft: 16293A at 50.28,8.88
[SERVER] Received aircraft: A8E487 at 52.63,7.47
[SERVER] Received aircraft: A01356 at 52.44,8.29
[SERVER] Received aircraft: 77DCC7 at 50.75,7.03
[SERVER] Received aircraft: 74C3B8 at 51.74,10.51
[SERVER] Received aircraft: 4BE1CE at 46.30,6.77
[SERVER] Received aircraft: 566A02 at 51.35,8.52
[SERVER] Received aircraft: 049452 at 52.19,3.96
[SERVER] Received aircraft: 08DF81 at 50.62,8.03
[SERVER] Received aircraft: C2FB51 at 47.05,6.87
[SERVER] Received aircraft: 356ED1 at 51.83,8.51
[SERVER] Received aircraft: A8269C at 49.93,7.05
[SERVER] Received aircraft: 6317DF at 47.40,4.22
[SERVER] Received aircraft: 58E57F at 48.81,11.81
[SERVER] Received aircraft: 3AB297 at 52.89,8.60
[SERVER] Received aircraft: 893F64 at 48.66,5.99
[SERVER] Received aircraft: 8683B3 at 51.04,10.73
[SERVER] Received aircraft: 95A8C5 at 50.96,9.56
[SERVER] Received aircraft: 16293A at 50.28,8.88
[SERVER] Received aircraft: A8E487 at 52.63,7.48
[SERVER] Received aircraft: A01356 at 52.44,8.29
[SERVER] Received aircraft: 77DCC7 at 50.75,7.03
[SERVER] Received aircraft: 74C3B8 at 51.74,10.51
[SERVER] Received aircraft: 4BE1CE at 46.30,6.76
[SERVER] Received aircraft: 566A02 at 51.35,8.52
[SERVER] Received aircraft: 049452 at 52.19,3.96
[SERVER] Received aircraft: 08DF81 at 50.62,8.02
[SERVER] Received aircraft: C2FB51 at 47.05,6.87
[SERVER] Received aircraft: 356ED1 at 51.83,8.52
[SERVER] Received aircraft: A8269C at 49.93,7.05
[SERVER] Received aircraft: 6317DF at 47.40,4.22
[SERVER] Received aircraft: 58E57F at 48.81,11.81
[SERVER] Received aircraft: 3AB297 at 52.89,8.61
[SERVER] Received aircraft: 893F64 at 48.66,5.99
[SERVER] Received aircraft: 8683B3 at 51.04,10.73
[SERVER] Received aircraft: 95A8C5 at 50.96,9.56
[SERVER] Received aircraft: 16293A at 50.28,8.88
[SERVER] Received aircraft: A8E487 at 52.63,7.48
[SERVER] Received aircraft: A01356 at 52.44,8.29
[SERVER] Received aircraft: 77DCC7 at 50.76,7.03
[SERVER] Received aircraft: 74C3B8 at 51.74,10.50
[SERVER] Received aircraft: 4BE1CE at 46.29,6.76
[SERVER] Received aircraft: 566A02 at 51.35,8.52
[SERVER] Received aircraft: 049452 at 52.19,3.96
[SERVER] Received aircraft: 08DF81 at 50.63,8.02
[SERVER] Received aircraft: C2FB51 at 47.05,6.87
[SERVER] Received aircraft: 356ED1 at 51.83,8.52
[SERVER] Received aircraft: A8269C at 49.93,7.05
[SERVER] Received aircraft: 6317DF at 47.40,4.22
[SERVER] Received aircraft: 58E57F at 48.81,11.81
[SERVER] Received aircraft: 3AB297 at 52.89,8.61
[SERVER] Received aircraft: 893F64 at 48.66,5.99
[SERVER] Received aircraft: 8683B3 at 51.04,10.73
[SERVER] Received aircraft: 95A8C5 at 50.96,9.56
[SERVER] Received aircraft: 16293A at 50.28,8.89
[SERVER] Received aircraft: A8E487 at 52.63,7.48
[SERVER] Received aircraft: A01356 at 52.44,8.30
[SERVER] Received aircraft: 77DCC7 at 50.76,7.03
[SERVER] Received aircraft: 74C3B8 at 51.74,10.50
[SERVER] Received aircraft: 4BE1CE at 46.29,6.76
[SERVER] Received aircraft: 566A02 at 51.35,8.52
[SERVER] Received aircraft: 049452 at 52.20,3.96
[SERVER] Received aircraft: 08DF81 at 50.63,8.02
[SERVER] Received aircraft: C2FB51 at 47.05,6.87
[SERVER] Received aircraft: 356ED1 at 51.83,8.52
[SERVER] Received aircraft: A8269C at 49.93,7.04
[SERVER] Received aircraft: 6317DF at 47.40,4.22
[SERVER] Received aircraft: 58E57F at 48.81,11.81
[SERVER] Received aircraft: 3AB297 at 52.89,8.61
[SERVER] Received aircraft: 893F64 at 48.67,5.99
[SERVER] Received aircraft: 8683B3 at 51.04,10.73
[SERVER] Received aircraft: 95A8C5 at 50.96,9.56
[SERVER] Received aircraft: 16293A at 50.29,8.89
[SERVER] Received aircraft: A8E487 at 52.63,7.49
[SERVER] Received aircraft: A01356 at 52.44,8.30
[SERVER] Received aircraft: 77DCC7 at 50.76,7.03
[SERVER] Received aircraft: 74C3B8 at 51.74,10.50
[SERVER] Received aircraft: 4BE1CE at 46.29,6.76
[SERVER] Received aircraft: 566A02 at 51.35,8.52
[SERVER] Received aircraft: 049452 at 52.20,3.96
[SERVER] Received aircraft: 08DF81 at 50.63,8.02
[SERVER] Received aircraft: C2FB51 at 47.04,6.87
[SERVER] Received aircraft: 356ED1 at 51.83,8.52
[SERVER] Received aircraft: A8269C at 49.93,7.04
[SERVER] Received aircraft: 6317DF at 47.40,4.22
[SERVER] Received aircraft: 58E57F at 48.82,11.81
[SERVER] Received aircraft: 3AB297 at 52.89,8.62
[SERVER] Received aircraft: 893F64 at 48.67,5.99
[SERVER] Received aircraft: 8683B3 at 51.03,10.73
[SERVER] Received aircraft: 95A8C5 at 50.96,9.56
[SERVER] Received aircraft: 16293A at 50.29,8.89
[SERVER] Received aircraft: A8E487 at 52.64,7.49
[SERVER] Received aircraft: A01356 at 52.44,8.31
[SERVER] Received aircraft: 77DCC7 at 50.76,7.03
[SERVER] Received aircraft: 74C3B8 at 51.74,10.50
[SERVER] Received aircraft: 4BE1CE at 46.29,6.76
[SERVER] Received aircraft: 566A02 at 51.35,8.52
[SERVER] Received aircraft: 049452 at 52.20,3.96
[SERVER] Received aircraft: 08DF81 at 50.63,8.02
[SERVER] Received aircraft: C2FB51 at 47.04,6.87
[SERVER] Received aircraft: 356ED1 at 51.83,8.52
[SERVER] Received aircraft: A8269C at 49.93,7.04
[SERVER] Received aircraft: 6317DF at 47.39,4.22
[SERVER] Received aircraft: 58E57F at 48.82,11.81
[SERVER] Received aircraft: 3AB297 at 52.89,8.62
[SERVER] Received aircraft: 893F64 at 48.67,6.00
[SERVER] Received aircraft: 8683B3 at 51.03,10.73
[SERVER] Received aircraft: 95A8C5 at 50.97,9.56
[SERVER] Received aircraft: 16293A at 50.29,8.90
[SERVER] Received aircraft: A8E487 at 52.64,7.49
[SERVER] Received aircraft: A01356 at 52.44,8.31
[SERVER] Received aircraft: 77DCC7 at 50.76,7.04
[SERVER] Received aircraft: 74C3B8 at 51.74,10.50
[SERVER] Received aircraft: 4BE1CE at 46.29,6.75
[SERVER] Received aircraft: 566A02 at 51.35,8.52
[SERVER] Received aircraft: 049452 at 52.20,3.96
[SERVER] Received aircraft: 08DF81 at 50.63,8.02
[SERVER] Received aircraft: C2FB51 at 47.04,6.87
[SERVER] Received aircraft: 356ED1 at 51.83,8.52
[SERVER] Received aircraft: A8269C at 49.93,7.03
[SERVER] Received aircraft: 6317DF at 47.39,4.21
[SERVER] Received aircraft: 58E57F at 48.82,11.81
[SERVER] Received aircraft: 3AB297 at 52.89,8.62
[SERVER] Received aircraft: 893F64 at 48.67,6.00
[SERVER] Received aircraft: 8683B3 at 51.03,10.73
[SERVER] Received aircraft: 95A8C5 at 50.97,9.56
[SERVER] Received aircraft: 16293A at 50.29,8.90
[SERVER] Received aircraft: A8E487 at 52.64,7.49
[SERVER] Received aircraft: A01356 at 52.44,8.31
[SERVER] Received aircraft: 77DCC7 at 50.76,7.04
[SERVER] Received aircraft: 74C3B8 at 51.75,10.50
[SERVER] Received aircraft: 4BE1CE at 46.29,6.75
[SERVER] Received aircraft: 566A02 at 51.35,8.52
[SERVER] Received aircraft: 049452 at 52.20,3.96
[SERVER] Received aircraft: 08DF81 at 50.63,8.02
[SERVER] Received aircraft: C2FB51 at 47.04,6.87
[SERVER] Received aircraft: 356ED1 at 51.83,8.52
[SERVER] Received aircraft: A8269C at 49.93,7.03
[SERVER] Received aircraft: 6317DF at 47.39,4.21
[SERVER] Received aircraft: 58E57F at 48.82,11.81
[SERVER] Received aircraft: 3AB297 at 52.89,8.62
[SERVER] Received aircraft: 893F64 at 48.67,6.00
[SERVER] Received aircraft: 8683B3 at 51.03,10.73
[SERVER] Received aircraft: 95A8C5 at 50.97,9.56
[SERVER] Received aircraft: 16293A at 50.29,8.90
[SERVER] Received aircraft: A8E487 at 52.64,7.50
[SERVER] Received aircraft: A01356 at 52.44,8.32
[SERVER] Received aircraft: 77DCC7 at 50.76,7.04
[SERVER] Received aircraft: 74C3B8 at 51.75,10.50
[SERVER] Received aircraft: 4BE1CE at 46.29,6.75
[SERVER] Received aircraft: 566A02 at 51.35,8.52
[SERVER] Received aircraft: 049452 at 52.20,3.96
[SERVER] Received aircraft: 08DF81 at 50.63,8.02
[SERVER] Received aircraft: C2FB51 at 47.04,6.87
[SERVER] Received aircraft: 356ED1 at 51.83,8.52
[SERVER] Received aircraft: A8269C at 49.93,7.03
[SERVER] Received aircraft: 6317DF at 47.39,4.21
[SERVER] Received aircraft: 58E57F at 48.82,11.82
[SERVER] Received aircraft: 3AB297 at 52.89,8.63
[SERVER] Received aircraft: 893F64 at 48.67,6.00
[SERVER] Received aircraft: 8683B3 at 51.03,10.73
[SERVER] Received aircraft: 95A8C5 at 50.97,9.56
[SERVER] Received aircraft: 16293A at 50.29,8.91
[SERVER] Received aircraft: A8E487 at 52.64,7.50
[SERVER] Received aircraft: A01356 at 52.44,8.32
[SERVER] Received aircraft: 77DCC7 at 50.76,7.04
[SERVER] Received aircraft: 74C3B8 at 51.75,10.50
[SERVER] Received aircraft: 4BE1CE at 46.28,6.75
[SERVER] Received aircraft: 566A02 at 51.35,8.52
[SERVER] Received aircraft: 049452 at 52.21,3.95
[SERVER] Received aircraft: 08DF81 at 50.63,8.02
[SERVER] Received aircraft: C2FB51 at 47.04,6.88
[SERVER] Received aircraft: 356ED1 at 51.83,8.53
[SERVER] Received aircraft: A8269C at 49.93,7.02
[SERVER] Received aircraft: 6317DF at 47.39,4.21
[SERVER] Received aircraft: 58E57F at 48.82,11.82
[SERVER] Received aircraft: 3AB297 at 52.89,8.63
[SERVER] Received aircraft: 893F64 at 48.67,6.00
[SERVER] Received aircraft: 8683B3 at 51.03,10.73
[SERVER] Received aircraft: 95A8C5 at 50.97,9.56
[SERVER] Received aircraft: 16293A at 50.30,8.91
[SERVER] Received aircraft: A8E487 at 52.64,7.50
[SERVER] Received aircraft: A01356 at 52.44,8.33
[SORT-DEBUG] Received sort='alt', asc='false', ascending=false, count=18
[SORT-DEBUG] After sorting by alt (asc=false):
  [0] ICAO=A01356 Callsign=F3 Alt=37604 Spd=527
  [1] ICAO=C2FB51 Callsign=DM149 Alt=30637 Spd=406
  [2] ICAO=893F64 Callsign=VP177 Alt=28405 Spd=223
[SERVER] Received aircraft: 77DCC7 at 50.76,7.04
[SERVER] Received aircraft: 74C3B8 at 51.75,10.49
[SERVER] Received aircraft: 4BE1CE at 46.28,6.75
[SERVER] Received aircraft: 566A02 at 51.35,8.52
[SERVER] Received aircraft: 049452 at 52.21,3.95
[SERVER] Received aircraft: 08DF81 at 50.64,8.02
[SERVER] Received aircraft: C2FB51 at 47.03,6.88
[SERVER] Received aircraft: 356ED1 at 51.84,8.53
[SERVER] Received aircraft: A8269C at 49.93,7.02
[SERVER] Received aircraft: 6317DF at 47.38,4.21
[SERVER] Received aircraft: 58E57F at 48.82,11.82
[SERVER] Received aircraft: 3AB297 at 52.89,8.63
[SERVER] Received aircraft: 893F64 at 48.67,6.00
[SERVER] Received aircraft: 8683B3 at 51.03,10.73
[SERVER] Received aircraft: 95A8C5 at 50.97,9.56
[SERVER] Received aircraft: 16293A at 50.30,8.91
[SERVER] Received aircraft: A8E487 at 52.64,7.51
[SERVER] Received aircraft: A01356 at 52.44,8.33
[SERVER] Received aircraft: 77DCC7 at 50.76,7.04
[SERVER] Received aircraft: 74C3B8 at 51.75,10.49
[SERVER] Received aircraft: 4BE1CE at 46.28,6.75
[SERVER] Received aircraft: 566A02 at 51.35,8.52
[SERVER] Received aircraft: 049452 at 52.21,3.95
[SERVER] Received aircraft: 08DF81 at 50.64,8.02
[SERVER] Received aircraft: C2FB51 at 47.03,6.88
[SERVER] Received aircraft: 356ED1 at 51.84,8.53
[SERVER] Received aircraft: A8269C at 49.93,7.02
[SERVER] Received aircraft: 6317DF at 47.38,4.21
[SERVER] Received aircraft: 58E57F at 48.82,11.82
[SERVER] Received aircraft: 3AB297 at 52.90,8.63
[SERVER] Received aircraft: 893F64 at 48.67,6.00
[SERVER] Received aircraft: 8683B3 at 51.02,10.73
[SERVER] Received aircraft: 95A8C5 at 50.98,9.56
[SERVER] Received aircraft: 16293A at 50.30,8.92
[SERVER] Received aircraft: A8E487 at 52.64,7.51
[SERVER] Received aircraft: A01356 at 52.44,8.33
[SERVER] Received aircraft: 77DCC7 at 50.76,7.05
[SERVER] Received aircraft: 74C3B8 at 51.75,10.49
[SERVER] Received aircraft: 4BE1CE at 46.28,6.74
[SERVER] Received aircraft: 566A02 at 51.35,8.52
[SERVER] Received aircraft: 049452 at 52.21,3.95
[SERVER] Received aircraft: 08DF81 at 50.64,8.02
[SERVER] Received aircraft: C2FB51 at 47.03,6.88
[SERVER] Received aircraft: 356ED1 at 51.84,8.53
[SERVER] Received aircraft: A8269C at 49.94,7.01
[SERVER] Received aircraft: 6317DF at 47.38,4.21
[SERVER] Received aircraft: 58E57F at 48.82,11.82
[SERVER] Received aircraft: 3AB297 at 52.90,8.64
[SERVER] Received aircraft: 893F64 at 48.67,6.00
[SERVER] Received aircraft: 8683B3 at 51.02,10.73
[SERVER] Received aircraft: 95A8C5 at 50.98,9.56
[SERVER] Received aircraft: 16293A at 50.30,8.92
[SERVER] Received aircraft: A8E487 at 52.64,7.51
[SERVER] Received aircraft: A01356 at 52.44,8.34
[SERVER] Received aircraft: 77DCC7 at 50.76,7.05
[SERVER] Received aircraft: 74C3B8 at 51.75,10.49
[SERVER] Received aircraft: 4BE1CE at 46.28,6.74
[SERVER] Received aircraft: 566A02 at 51.35,8.52
[SERVER] Received aircraft: 049452 at 52.21,3.95
[SERVER] Received aircraft: 08DF81 at 50.64,8.02
[SERVER] Received aircraft: C2FB51 at 47.03,6.88
[SERVER] Received aircraft: 356ED1 at 51.84,8.53
[SERVER] Received aircraft: A8269C at 49.94,7.01
[SERVER] Received aircraft: 6317DF at 47.38,4.21
[SERVER] Received aircraft: 58E57F at 48.82,11.82
[SERVER] Received aircraft: 3AB297 at 52.90,8.64
[SERVER] Received aircraft: 893F64 at 48.68,6.00
[SERVER] Received aircraft: 8683B3 at 51.02,10.73
[SERVER] Received aircraft: 95A8C5 at 50.98,9.56
[SERVER] Received aircraft: 16293A at 50.30,8.92
[SERVER] Received aircraft: A8E487 at 52.64,7.52
[SERVER] Received aircraft: A01356 at 52.44,8.34
[SERVER] Received aircraft: 77DCC7 at 50.76,7.05
[SERVER] Received aircraft: 74C3B8 at 51.75,10.49
[SERVER] Received aircraft: 4BE1CE at 46.28,6.74
[SERVER] Received aircraft: 566A02 at 51.35,8.52
[SERVER] Received aircraft: 049452 at 52.21,3.95
[SERVER] Received aircraft: 08DF81 at 50.64,8.02
[SERVER] Received aircraft: C2FB51 at 47.03,6.88
[SERVER] Received aircraft: 356ED1 at 51.84,8.53
[SERVER] Received aircraft: A8269C at 49.94,7.01
[SERVER] Received aircraft: 6317DF at 47.38,4.21
[SERVER] Received aircraft: 58E57F at 48.82,11.82
[SERVER] Received aircraft: 3AB297 at 52.90,8.64
[SERVER] Received aircraft: 893F64 at 48.68,6.00
[SERVER] Received aircraft: 8683B3 at 51.02,10.73
[SERVER] Received aircraft: 95A8C5 at 50.98,9.56
[SERVER] Received aircraft: 16293A at 50.31,8.93
[SERVER] Received aircraft: A8E487 at 52.64,7.52
[SERVER] Received aircraft: A01356 at 52.45,8.34
[SERVER] Received aircraft: 77DCC7 at 50.76,7.05
[SERVER] Received aircraft: 74C3B8 at 51.75,10.49
[SERVER] Received aircraft: 4BE1CE at 46.27,6.74
[SERVER] Received aircraft: 566A02 at 51.34,8.52
[SERVER] Received aircraft: 049452 at 52.21,3.95
[SERVER] Received aircraft: 08DF81 at 50.64,8.02
[SERVER] Received aircraft: C2FB51 at 47.02,6.88
[SERVER] Received aircraft: 356ED1 at 51.84,8.53
[SERVER] Received aircraft: A8269C at 49.94,7.00
[SERVER] Received aircraft: 6317DF at 47.37,4.21
[SERVER] Received aircraft: 58E57F at 48.82,11.82
[SERVER] Received aircraft: 3AB297 at 52.90,8.64
[SERVER] Received aircraft: 893F64 at 48.68,6.00
[SERVER] Received aircraft: 8683B3 at 51.02,10.73
[SERVER] Received aircraft: 95A8C5 at 50.98,9.56
[SERVER] Received aircraft: 16293A at 50.31,8.93
[SERVER] Received aircraft: A8E487 at 52.64,7.52
[SERVER] Received aircraft: A01356 at 52.45,8.35
[SERVER] Received aircraft: 77DCC7 at 50.76,7.05
[SERVER] Received aircraft: 74C3B8 at 51.75,10.49
[SERVER] Received aircraft: 4BE1CE at 46.27,6.74
[SERVER] Received aircraft: 566A02 at 51.34,8.52
[SERVER] Received aircraft: 049452 at 52.22,3.95
[SERVER] Received aircraft: 08DF81 at 50.64,8.02
[SERVER] Received aircraft: C2FB51 at 47.02,6.88
[SERVER] Received aircraft: 356ED1 at 51.84,8.53
[SERVER] Received aircraft: A8269C at 49.94,7.00
[SERVER] Received aircraft: 6317DF at 47.37,4.21
[SERVER] Received aircraft: 58E57F at 48.82,11.82
[SERVER] Received aircraft: 3AB297 at 52.90,8.65
[SERVER] Received aircraft: 893F64 at 48.68,6.00
[SERVER] Received aircraft: 8683B3 at 51.02,10.73
[SERVER] Received aircraft: 95A8C5 at 50.98,9.56
[SERVER] Received aircraft: 16293A at 50.31,8.93
[SERVER] Received aircraft: A8E487 at 52.64,7.53
[SERVER] Received aircraft: A01356 at 52.45,8.35
[SERVER] Received aircraft: 77DCC7 at 50.76,7.05
[SERVER] Received aircraft: 74C3B8 at 51.75,10.49
[SERVER] Received aircraft: 4BE1CE at 46.27,6.73
[SERVER] Received aircraft: 566A02 at 51.34,8.52
[SERVER] Received aircraft: 049452 at 52.22,3.95
[SERVER] Received aircraft: 08DF81 at 50.65,8.02
[SERVER] Received aircraft: C2FB51 at 47.02,6.88
[SERVER] Received aircraft: 356ED1 at 51.84,8.53
[SERVER] Received aircraft: A8269C at 49.94,7.00
[SERVER] Received aircraft: 6317DF at 47.37,4.21
[SERVER] Received aircraft: 58E57F at 48.82,11.82
[SERVER] Received aircraft: 3AB297 at 52.90,8.65
[SERVER] Received aircraft: 893F64 at 48.68,6.00
[SERVER] Received aircraft: 8683B3 at 51.02,10.73
[SERVER] Received aircraft: 95A8C5 at 50.99,9.56
[SERVER] Received aircraft: 16293A at 50.31,8.94
[SERVER] Received aircraft: A8E487 at 52.64,7.53
[SERVER] Received aircraft: A01356 at 52.45,8.36
[SERVER] Received aircraft: 77DCC7 at 50.76,7.05
[SERVER] Received aircraft: 74C3B8 at 51.75,10.48
[SERVER] Received aircraft: 4BE1CE at 46.27,6.73
[SERVER] Received aircraft: 566A02 at 51.34,8.53
[SERVER] Received aircraft: 049452 at 52.22,3.95
[SERVER] Received aircraft: 08DF81 at 50.65,8.02
[SERVER] Received aircraft: C2FB51 at 47.02,6.88
[SERVER] Received aircraft: 356ED1 at 51.84,8.54
[SERVER] Received aircraft: A8269C at 49.94,6.99
[SERVER] Received aircraft: 6317DF at 47.37,4.21
[SERVER] Received aircraft: 58E57F at 48.82,11.82
[SERVER] Received aircraft: 3AB297 at 52.90,8.65
[SERVER] Received aircraft: 893F64 at 48.68,6.00
[SERVER] Received aircraft: 8683B3 at 51.01,10.73
[SERVER] Received aircraft: 95A8C5 at 50.99,9.56
[SERVER] Received aircraft: 16293A at 50.31,8.94
[SERVER] Received aircraft: A8E487 at 52.64,7.53
[SERVER] Received aircraft: A01356 at 52.45,8.36
[SERVER] Received aircraft: 77DCC7 at 50.76,7.06
[SERVER] Received aircraft: 74C3B8 at 51.76,10.48
[SERVER] Received aircraft: 4BE1CE at 46.27,6.73
[SERVER] Received aircraft: 566A02 at 51.34,8.53
[SERVER] Received aircraft: 049452 at 52.22,3.95
[SERVER] Received aircraft: 08DF81 at 50.65,8.02
[SERVER] Received aircraft: C2FB51 at 47.02,6.88
[SERVER] Received aircraft: 356ED1 at 51.84,8.54
[SERVER] Received aircraft: A8269C at 49.94,6.99
[SERVER] Received aircraft: 6317DF at 47.36,4.21
[SERVER] Received aircraft: 58E57F at 48.82,11.82
[SERVER] Received aircraft: 3AB297 at 52.90,8.66
[SERVER] Received aircraft: 893F64 at 48.68,6.00
[SERVER] Received aircraft: 8683B3 at 51.01,10.73
[SERVER] Received aircraft: 95A8C5 at 50.99,9.56
[SERVER] Received aircraft: 16293A at 50.32,8.94
[SERVER] Received aircraft: A8E487 at 52.64,7.54
[SERVER] Received aircraft: A01356 at 52.45,8.36
[SERVER] Received aircraft: 77DCC7 at 50.76,7.06
[SERVER] Received aircraft: 74C3B8 at 51.76,10.48
[SERVER] Received aircraft: 4BE1CE at 46.27,6.73
[SERVER] Received aircraft: 566A02 at 51.34,8.53
[SERVER] Received aircraft: 049452 at 52.22,3.95
[SERVER] Received aircraft: 08DF81 at 50.65,8.02
[SERVER] Received aircraft: C2FB51 at 47.02,6.88
[SERVER] Received aircraft: 356ED1 at 51.84,8.54
[SERVER] Received aircraft: A8269C at 49.94,6.98
[SERVER] Received aircraft: 6317DF at 47.36,4.21
[SERVER] Received aircraft: 58E57F at 48.82,11.82
[SERVER] Received aircraft: 3AB297 at 52.90,8.66
[SERVER] Received aircraft: 893F64 at 48.68,6.00
[SERVER] Received aircraft: 8683B3 at 51.01,10.73
[SERVER] Received aircraft: 95A8C5 at 50.99,9.56
[SERVER] Received aircraft: 16293A at 50.32,8.95
[SERVER] Received aircraft: A8E487 at 52.64,7.54
[SERVER] Received aircraft: A01356 at 52.45,8.37
[SERVER] Received aircraft: 77DCC7 at 50.76,7.06
[SERVER] Received aircraft: 74C3B8 at 51.76,10.48
[SERVER] Received aircraft: 4BE1CE at 46.27,6.73
[SERVER] Received aircraft: 566A02 at 51.34,8.53
[SERVER] Received aircraft: 049452 at 52.22,3.94
[SERVER] Received aircraft: 08DF81 at 50.65,8.02
[SERVER] Received aircraft: C2FB51 at 47.01,6.88
[SERVER] Received aircraft: 356ED1 at 51.84,8.54
[SERVER] Received aircraft: A8269C at 49.94,6.98
[SERVER] Received aircraft: 6317DF at 47.36,4.21
[SERVER] Received aircraft: 58E57F at 48.82,11.82
[SERVER] Received aircraft: 3AB297 at 52.90,8.66
[SERVER] Received aircraft: 893F64 at 48.68,6.00
[SERVER] Received aircraft: 8683B3 at 51.01,10.73
[SERVER] Received aircraft: 95A8C5 at 50.99,9.55
[SERVER] Received aircraft: 16293A at 50.32,8.95
[SERVER] Received aircraft: A8E487 at 52.64,7.54
[SERVER] Received aircraft: A01356 at 52.45,8.37
[SERVER] Received aircraft: 77DCC7 at 50.76,7.06
[SERVER] Received aircraft: 74C3B8 at 51.76,10.48
[SERVER] Received aircraft: 4BE1CE at 46.26,6.72
[SERVER] Received aircraft: 566A02 at 51.34,8.53
[SERVER] Received aircraft: 049452 at 52.22,3.94
[SERVER] Received aircraft: 08DF81 at 50.65,8.02
[SERVER] Received aircraft: C2FB51 at 47.01,6.88
[SERVER] Received aircraft: 356ED1 at 51.84,8.54
[SERVER] Received aircraft: A8269C at 49.94,6.98
[SERVER] Received aircraft: 6317DF at 47.36,4.21
[SERVER] Received aircraft: 58E57F at 48.82,11.82
[SERVER] Received aircraft: 3AB297 at 52.90,8.66
[SERVER] Received aircraft: 893F64 at 48.68,6.00
[SERVER] Received aircraft: 8683B3 at 51.01,10.73
[SERVER] Received aircraft: 95A8C5 at 50.99,9.55
[SERVER] Received aircraft: 16293A at 50.32,8.95
[SERVER] Received aircraft: A8E487 at 52.64,7.54
[SERVER] Received aircraft: A01356 at 52.45,8.37
[SERVER] Received aircraft: 77DCC7 at 50.76,7.06
[SERVER] Received aircraft: 74C3B8 at 51.76,10.48
[SERVER] Received aircraft: 4BE1CE at 46.26,6.72
[SERVER] Received aircraft: 566A02 at 51.34,8.53
[SERVER] Received aircraft: 049452 at 52.23,3.94
[SERVER] Received aircraft: 08DF81 at 50.65,8.02
[SERVER] Received aircraft: C2FB51 at 47.01,6.88
[SERVER] Received aircraft: 356ED1 at 51.84,8.54
[SERVER] Received aircraft: A8269C at 49.94,6.97
[SERVER] Received aircraft: 6317DF at 47.36,4.21
[SERVER] Received aircraft: 58E57F at 48.82,11.83
[SERVER] Received aircraft: 3AB297 at 52.90,8.67
[SERVER] Received aircraft: 893F64 at 48.69,6.00
[SERVER] Received aircraft: 8683B3 at 51.01,10.73
[SERVER] Received aircraft: 95A8C5 at 51.00,9.55
[SERVER] Received aircraft: 16293A at 50.32,8.96
[SERVER] Received aircraft: A8E487 at 52.64,7.55
[SERVER] Received aircraft: A01356 at 52.45,8.38
[SERVER] Received aircraft: 77DCC7 at 50.76,7.06
[SERVER] Received aircraft: 74C3B8 at 51.76,10.48
[SERVER] Received aircraft: 4BE1CE at 46.26,6.72
[SERVER] Received aircraft: 566A02 at 51.34,8.53
[SERVER] Received aircraft: 049452 at 52.23,3.94
[SERVER] Received aircraft: 08DF81 at 50.66,8.02
[SERVER] Received aircraft: C2FB51 at 47.01,6.88
[SERVER] Received aircraft: 356ED1 at 51.84,8.54
[SERVER] Received aircraft: A8269C at 49.94,6.97
[SERVER] Received aircraft: 6317DF at 47.35,4.21
[SERVER] Received aircraft: 58E57F at 48.82,11.83
[SERVER] Received aircraft: 3AB297 at 52.90,8.67
[SERVER] Received aircraft: 893F64 at 48.69,6.00
[SERVER] Received aircraft: 8683B3 at 51.01,10.73
[SERVER] Received aircraft: 95A8C5 at 51.00,9.55
[SERVER] Received aircraft: 16293A at 50.33,8.96
[SERVER] Received aircraft: A8E487 at 52.64,7.55
[SERVER] Received aircraft: A01356 at 52.45,8.38
[SERVER] Received aircraft: 77DCC7 at 50.76,7.07
[SERVER] Received aircraft: 74C3B8 at 51.76,10.48
[SERVER] Received aircraft: 4BE1CE at 46.26,6.72
[SERVER] Received aircraft: 566A02 at 51.34,8.53
[SERVER] Received aircraft: 049452 at 52.23,3.94
[SERVER] Received aircraft: 08DF81 at 50.66,8.02
[SERVER] Received aircraft: C2FB51 at 47.01,6.88
[SERVER] Received aircraft: 356ED1 at 51.85,8.54
[SERVER] Received aircraft: A8269C at 49.94,6.97
[SERVER] Received aircraft: 6317DF at 47.35,4.21
[SERVER] Received aircraft: 58E57F at 48.82,11.83
[SERVER] Received aircraft: 3AB297 at 52.90,8.67
[SERVER] Received aircraft: 893F64 at 48.69,6.00
[SERVER] Received aircraft: 8683B3 at 51.01,10.73
[SERVER] Received aircraft: 95A8C5 at 51.00,9.55
[SERVER] Received aircraft: 16293A at 50.33,8.96
[SERVER] Received aircraft: A8E487 at 52.64,7.55
[SERVER] Received aircraft: A01356 at 52.45,8.39
[SERVER] Received aircraft: 77DCC7 at 50.76,7.07
[SERVER] Received aircraft: 74C3B8 at 51.76,10.48
[SERVER] Received aircraft: 4BE1CE at 46.26,6.72
[SERVER] Received aircraft: 566A02 at 51.34,8.53
[SERVER] Received aircraft: 049452 at 52.23,3.94
[SERVER] Received aircraft: 08DF81 at 50.66,8.02
[SERVER] Received aircraft: C2FB51 at 47.00,6.88
[SERVER] Received aircraft: 356ED1 at 51.85,8.55
[SERVER] Received aircraft: A8269C at 49.94,6.96
[SERVER] Received aircraft: 6317DF at 47.35,4.21
[SERVER] Received aircraft: 58E57F at 48.82,11.83
[SERVER] Received aircraft: 3AB297 at 52.90,8.67
[SERVER] Received aircraft: 893F64 at 48.69,6.00
[SERVER] Received aircraft: 8683B3 at 51.00,10.73
[SERVER] Received aircraft: 95A8C5 at 51.00,9.55
[SERVER] Received aircraft: 16293A at 50.33,8.97
[SERVER] Received aircraft: A8E487 at 52.64,7.56
[SERVER] Received aircraft: A01356 at 52.45,8.39
[SERVER] Received aircraft: 77DCC7 at 50.76,7.07
[SERVER] Received aircraft: 74C3B8 at 51.76,10.47
[SERVER] Received aircraft: 4BE1CE at 46.26,6.71
[SERVER] Received aircraft: 566A02 at 51.34,8.53
[SERVER] Received aircraft: 049452 at 52.23,3.94
[SERVER] Received aircraft: 08DF81 at 50.66,8.01
[SERVER] Received aircraft: C2FB51 at 47.00,6.88
[SERVER] Received aircraft: 356ED1 at 51.85,8.55
[SERVER] Received aircraft: A8269C at 49.94,6.96
[SERVER] Received aircraft: 6317DF at 47.35,4.21
[SERVER] Received aircraft: 58E57F at 48.82,11.83
[SERVER] Received aircraft: 3AB297 at 52.90,8.68
[SERVER] Received aircraft: 893F64 at 48.69,6.01
[SERVER] Received aircraft: 8683B3 at 51.00,10.73
[SERVER] Received aircraft: 95A8C5 at 51.00,9.55
[SERVER] Received aircraft: 16293A at 50.33,8.97
[SERVER] Received aircraft: A8E487 at 52.64,7.56
[SERVER] Received aircraft: A01356 at 52.46,8.39
[SERVER] Received aircraft: 77DCC7 at 50.76,7.07
[SERVER] Received aircraft: 74C3B8 at 51.76,10.47
[SERVER] Received aircraft: 4BE1CE at 46.26,6.71
[SERVER] Received aircraft: 566A02 at 51.34,8.53
[SERVER] Received aircraft: 049452 at 52.23,3.94
[SERVER] Received aircraft: 08DF81 at 50.66,8.01
[SERVER] Received aircraft: C2FB51 at 47.00,6.88
[SERVER] Received aircraft: 356ED1 at 51.85,8.55
[SERVER] Received aircraft: A8269C at 49.94,6.96
[SERVER] Received aircraft: 6317DF at 47.35,4.21
[SERVER] Received aircraft: 58E57F at 48.82,11.83
[SERVER] Received aircraft: 3AB297 at 52.91,8.68
[SERVER] Received aircraft: 893F64 at 48.69,6.01
[SERVER] Received aircraft: 8683B3 at 51.00,10.73
[SERVER] Received aircraft: 95A8C5 at 51.00,9.55
[SERVER] Received aircraft: 16293A at 50.33,8.97
[SERVER] Received aircraft: A8E487 at 52.64,7.56
[SERVER] Received aircraft: A01356 at 52.46,8.40
[SERVER] Received aircraft: 77DCC7 at 50.76,7.07
[SERVER] Received aircraft: 74C3B8 at 51.76,10.47
[SERVER] Received aircraft: 4BE1CE at 46.25,6.71
[SERVER] Received aircraft: 566A02 at 51.34,8.53
[SERVER] Received aircraft: 049452 at 52.24,3.94
[SERVER] Received aircraft: 08DF81 at 50.66,8.01
[SERVER] Received aircraft: C2FB51 at 47.00,6.88
[SERVER] Received aircraft: 356ED1 at 51.85,8.55
[SERVER] Received aircraft: A8269C at 49.94,6.95
[SERVER] Received aircraft: 6317DF at 47.34,4.21
[SERVER] Received aircraft: 58E57F at 48.82,11.83
[SERVER] Received aircraft: 3AB297 at 52.91,8.68
[SERVER] Received aircraft: 893F64 at 48.69,6.01
[SERVER] Received aircraft: 8683B3 at 51.00,10.73
[SERVER] Received aircraft: 95A8C5 at 51.01,9.55
[SERVER] Received aircraft: 16293A at 50.34,8.98
[SERVER] Received aircraft: A8E487 at 52.64,7.57
[SERVER] Received aircraft: A01356 at 52.46,8.40
[SERVER] Received aircraft: 77DCC7 at 50.76,7.07
[SERVER] Received aircraft: 74C3B8 at 51.76,10.47
[SERVER] Received aircraft: 4BE1CE at 46.25,6.71
[SERVER] Received aircraft: 566A02 at 51.33,8.53
[SERVER] Received aircraft: 049452 at 52.24,3.94
[SERVER] Received aircraft: 08DF81 at 50.66,8.01
[SERVER] Received aircraft: C2FB51 at 47.00,6.88
[SERVER] Received aircraft: 356ED1 at 51.85,8.55
[SERVER] Received aircraft: A8269C at 49.94,6.95
[SERVER] Received aircraft: 6317DF at 47.34,4.21
[SERVER] Received aircraft: 58E57F at 48.82,11.83
[SERVER] Received aircraft: 3AB297 at 52.91,8.69
[SERVER] Received aircraft: 893F64 at 48.69,6.01
[SERVER] Received aircraft: 8683B3 at 51.00,10.73
[SERVER] Received aircraft: 95A8C5 at 51.01,9.55
[SERVER] Received aircraft: 16293A at 50.34,8.98
[SERVER] Received aircraft: A8E487 at 52.64,7.57
[SERVER] Received aircraft: A01356 at 52.46,8.40
[SERVER] Received aircraft: 77DCC7 at 50.76,7.08
[SERVER] Received aircraft: 74C3B8 at 51.77,10.47
[SERVER] Received aircraft: 4BE1CE at 46.25,6.71
[SERVER] Received aircraft: 566A02 at 51.33,8.53
[SERVER] Received aircraft: 049452 at 52.24,3.94
[SERVER] Received aircraft: 08DF81 at 50.67,8.01
[SERVER] Received aircraft: C2FB51 at 46.99,6.88
[SERVER] Received aircraft: 356ED1 at 51.85,8.55
[SERVER] Received aircraft: A8269C at 49.94,6.95
[SERVER] Received aircraft: 6317DF at 47.34,4.21
[SERVER] Received aircraft: 58E57F at 48.82,11.83
[SERVER] Received aircraft: 3AB297 at 52.91,8.69
[SERVER] Received aircraft: 893F64 at 48.69,6.01
[SERVER] Received aircraft: 8683B3 at 51.00,10.73
[SERVER] Received aircraft: 95A8C5 at 51.01,9.55
[SERVER] Received aircraft: 16293A at 50.34,8.98
[SERVER] Received aircraft: A8E487 at 52.64,7.57
[SERVER] Received aircraft: A01356 at 52.46,8.41
[SERVER] Received aircraft: 77DCC7 at 50.76,7.08
[SERVER] Received aircraft: 74C3B8 at 51.77,10.47
[SERVER] Received aircraft: 4BE1CE at 46.25,6.71
[SERVER] Received aircraft: 566A02 at 51.33,8.53
[SERVER] Received aircraft: 049452 at 52.24,3.93
[SERVER] Received aircraft: 08DF81 at 50.67,8.01
[SERVER] Received aircraft: C2FB51 at 46.99,6.88
[SERVER] Received aircraft: 356ED1 at 51.85,8.55
[SERVER] Received aircraft: A8269C at 49.94,6.94
[SERVER] Received aircraft: 6317DF at 47.34,4.21
[SERVER] Received aircraft: 58E57F at 48.82,11.83
[SERVER] Received aircraft: 3AB297 at 52.91,8.69
[SERVER] Received aircraft: 893F64 at 48.69,6.01
[SERVER] Received aircraft: 8683B3 at 51.00,10.73
[SERVER] Received aircraft: 95A8C5 at 51.01,9.55
[SERVER] Received aircraft: 16293A at 50.34,8.99
[SERVER] Received aircraft: A8E487 at 52.64,7.58
[SERVER] Received aircraft: A01356 at 52.46,8.41
[SERVER] Received aircraft: 77DCC7 at 50.76,7.08
[SERVER] Received aircraft: 74C3B8 at 51.77,10.47
[SERVER] Received aircraft: 4BE1CE at 46.25,6.70
[SERVER] Received aircraft: 566A02 at 51.33,8.53
[SERVER] Received aircraft: 049452 at 52.24,3.93
[SERVER] Received aircraft: 08DF81 at 50.67,8.01
[SERVER] Received aircraft: C2FB51 at 46.99,6.88
[SERVER] Received aircraft: 356ED1 at 51.85,8.55
[SERVER] Received aircraft: A8269C at 49.94,6.94
[SERVER] Received aircraft: 6317DF at 47.34,4.21
[SERVER] Received aircraft: 58E57F at 48.82,11.83
[SERVER] Received aircraft: 3AB297 at 52.91,8.69
[SERVER] Received aircraft: 893F64 at 48.70,6.01
[SERVER] Received aircraft: 8683B3 at 50.99,10.73
[SERVER] Received aircraft: 95A8C5 at 51.01,9.55
[SERVER] Received aircraft: 16293A at 50.34,8.99
[SERVER] Received aircraft: A8E487 at 52.64,7.58
[SERVER] Received aircraft: A01356 at 52.46,8.42
[SERVER] Received aircraft: 77DCC7 at 50.76,7.08
[SERVER] Received aircraft: 74C3B8 at 51.77,10.47
[SERVER] Received aircraft: 4BE1CE at 46.25,6.70
[SERVER] Received aircraft: 566A02 at 51.33,8.53
[SERVER] Received aircraft: 049452 at 52.24,3.93
[SERVER] Received aircraft: 08DF81 at 50.67,8.01
[SERVER] Received aircraft: C2FB51 at 46.99,6.88
[SERVER] Received aircraft: 356ED1 at 51.85,8.56
[SERVER] Received aircraft: A8269C at 49.94,6.94
[SERVER] Received aircraft: 6317DF at 47.33,4.21
[SERVER] Received aircraft: 58E57F at 48.82,11.83
[SERVER] Received aircraft: 3AB297 at 52.91,8.70
[SERVER] Received aircraft: 893F64 at 48.70,6.01
[SERVER] Received aircraft: 8683B3 at 50.99,10.73
[SERVER] Received aircraft: 95A8C5 at 51.01,9.55
[SERVER] Received aircraft: 16293A at 50.35,8.99
[SERVER] Received aircraft: A8E487 at 52.64,7.58
[SERVER] Received aircraft: A01356 at 52.46,8.42
[SORT-DEBUG] Received sort='alt', asc='false', ascending=false, count=18
[SORT-DEBUG] After sorting by alt (asc=false):
  [0] ICAO=C2FB51 Callsign=DM149 Alt=30642 Spd=405
  [1] ICAO=A01356 Callsign=F3 Alt=28583 Spd=519
  [2] ICAO=893F64 Callsign=VP177 Alt=28303 Spd=224
[SERVER] Received aircraft: 77DCC7 at 50.76,7.08
[SERVER] Received aircraft: 74C3B8 at 51.77,10.46
[SERVER] Received aircraft: 4BE1CE at 46.24,6.70
[SERVER] Received aircraft: 566A02 at 51.33,8.53
[SERVER] Received aircraft: 049452 at 52.24,3.93
[SERVER] Received aircraft: 08DF81 at 50.67,8.01
[SERVER] Received aircraft: C2FB51 at 46.99,6.88
[SERVER] Received aircraft: 356ED1 at 51.85,8.56
[SERVER] Received aircraft: A8269C at 49.94,6.93
[SERVER] Received aircraft: 6317DF at 47.33,4.21
[SERVER] Received aircraft: 58E57F at 48.82,11.83
[SERVER] Received aircraft: 3AB297 at 52.91,8.70
[SERVER] Received aircraft: 893F64 at 48.70,6.01
[SERVER] Received aircraft: 8683B3 at 50.99,10.73
[SERVER] Received aircraft: 95A8C5 at 51.02,9.55
[SERVER] Received aircraft: 16293A at 50.35,8.99
[SERVER] Received aircraft: A8E487 at 52.64,7.58
[SERVER] Received aircraft: A01356 at 52.46,8.42
[SORT-DEBUG] Received sort='alt', asc='false', ascending=false, count=18
[SORT-DEBUG] After sorting by alt (asc=false):
  [0] ICAO=C2FB51 Callsign=DM149 Alt=30642 Spd=405
  [1] ICAO=A01356 Callsign=F3 Alt=28318 Spd=519
  [2] ICAO=893F64 Callsign=VP177 Alt=28303 Spd=224
[SERVER] Received aircraft: 77DCC7 at 50.76,7.08
[SERVER] Received aircraft: 74C3B8 at 51.77,10.46
[SERVER] Received aircraft: 4BE1CE at 46.24,6.70
[SERVER] Received aircraft: 566A02 at 51.33,8.53
[SERVER] Received aircraft: 049452 at 52.25,3.93
[SERVER] Received aircraft: 08DF81 at 50.67,8.01
[SERVER] Received aircraft: C2FB51 at 46.99,6.88
[SERVER] Received aircraft: 356ED1 at 51.85,8.56
[SERVER] Received aircraft: A8269C at 49.94,6.93
[SERVER] Received aircraft: 6317DF at 47.33,4.21
[SERVER] Received aircraft: 58E57F at 48.83,11.83
[SERVER] Received aircraft: 3AB297 at 52.91,8.70
[SERVER] Received aircraft: 893F64 at 48.70,6.01
[SERVER] Received aircraft: 8683B3 at 50.99,10.73
[SERVER] Received aircraft: 95A8C5 at 51.02,9.55
[SERVER] Received aircraft: 16293A at 50.35,9.00
[SERVER] Received aircraft: A8E487 at 52.64,7.59
[SERVER] Received aircraft: A01356 at 52.46,8.43
[SORT-DEBUG] Received sort='alt', asc='false', ascending=false, count=18
[SORT-DEBUG] After sorting by alt (asc=false):
  [0] ICAO=C2FB51 Callsign=DM149 Alt=30642 Spd=405
  [1] ICAO=A01356 Callsign=F3 Alt=30212 Spd=516
  [2] ICAO=893F64 Callsign=VP177 Alt=28247 Spd=224
[SERVER] Received aircraft: 77DCC7 at 50.76,7.08
[SERVER] Received aircraft: 74C3B8 at 51.77,10.46
[SERVER] Received aircraft: 4BE1CE at 46.24,6.69
[SERVER] Received aircraft: 566A02 at 51.33,8.53
[SERVER] Received aircraft: 049452 at 52.25,3.93
[SERVER] Received aircraft: 08DF81 at 50.67,8.01
[SERVER] Received aircraft: C2FB51 at 46.98,6.88
[SERVER] Received aircraft: 356ED1 at 51.85,8.56
[SERVER] Received aircraft: A8269C at 49.95,6.92
[SERVER] Received aircraft: 6317DF at 47.33,4.21
[SERVER] Received aircraft: 58E57F at 48.83,11.84
[SERVER] Received aircraft: 3AB297 at 52.91,8.71
[SERVER] Received aircraft: 893F64 at 48.70,6.01
[SERVER] Received aircraft: 8683B3 at 50.99,10.73
[SERVER] Received aircraft: 95A8C5 at 51.02,9.55
[SERVER] Received aircraft: 16293A at 50.35,9.00
[SERVER] Received aircraft: A8E487 at 52.64,7.59
[SERVER] Received aircraft: A01356 at 52.46,8.43
[SORT-DEBUG] Received sort='alt', asc='false', ascending=false, count=18
[SORT-DEBUG] After sorting by alt (asc=false):
  [0] ICAO=C2FB51 Callsign=DM149 Alt=30642 Spd=405
  [1] ICAO=A01356 Callsign=F3 Alt=30382 Spd=516
  [2] ICAO=893F64 Callsign=VP177 Alt=28247 Spd=224
[SERVER] Received aircraft: 77DCC7 at 50.76,7.09
[SERVER] Received aircraft: 74C3B8 at 51.77,10.46
[SERVER] Received aircraft: 4BE1CE at 46.24,6.69
[SERVER] Received aircraft: 566A02 at 51.33,8.53
[SERVER] Received aircraft: 049452 at 52.25,3.93
[SERVER] Received aircraft: 08DF81 at 50.67,8.01
[SERVER] Received aircraft: C2FB51 at 46.98,6.88
[SERVER] Received aircraft: 356ED1 at 51.85,8.56
[SERVER] Received aircraft: A8269C at 49.95,6.92
[SERVER] Received aircraft: 6317DF at 47.33,4.21
[SERVER] Received aircraft: 58E57F at 48.83,11.84
[SERVER] Received aircraft: 3AB297 at 52.91,8.71
[SERVER] Received aircraft: 893F64 at 48.70,6.01
[SERVER] Received aircraft: 8683B3 at 50.99,10.73
[SERVER] Received aircraft: 95A8C5 at 51.02,9.55
[SERVER] Received aircraft: 16293A at 50.35,9.00
[SERVER] Received aircraft: A8E487 at 52.64,7.59
[SERVER] Received aircraft: A01356 at 52.46,8.43
[SORT-DEBUG] Received sort='alt', asc='false', ascending=false, count=18
[SORT-DEBUG] After sorting by alt (asc=false):
  [0] ICAO=A01356 Callsign=F3 Alt=30935 Spd=516
  [1] ICAO=C2FB51 Callsign=DM149 Alt=30642 Spd=404
  [2] ICAO=893F64 Callsign=VP177 Alt=28247 Spd=224
[SORT-DEBUG] Received sort='', asc='', ascending=false, count=18
[SERVER] Received aircraft: 77DCC7 at 50.76,7.09
[SERVER] Received aircraft: 74C3B8 at 51.77,10.46
[SERVER] Received aircraft: 4BE1CE at 46.24,6.69
[SERVER] Received aircraft: 566A02 at 51.33,8.53
[SERVER] Received aircraft: 049452 at 52.25,3.93
[SERVER] Received aircraft: 08DF81 at 50.68,8.01
[SERVER] Received aircraft: C2FB51 at 46.98,6.88
[SERVER] Received aircraft: 356ED1 at 51.85,8.56
[SERVER] Received aircraft: A8269C at 49.95,6.92
[SERVER] Received aircraft: 6317DF at 47.32,4.21
[SERVER] Received aircraft: 58E57F at 48.83,11.84
[SERVER] Received aircraft: 3AB297 at 52.91,8.71
[SERVER] Received aircraft: 893F64 at 48.70,6.01
[SERVER] Received aircraft: 8683B3 at 50.99,10.73
[SERVER] Received aircraft: 95A8C5 at 51.02,9.55
[SERVER] Received aircraft: 16293A at 50.36,9.01
[SERVER] Received aircraft: A8E487 at 52.64,7.60
[SERVER] Received aircraft: A01356 at 52.46,8.44
[SORT-DEBUG] Received sort='', asc='', ascending=false, count=18
[SERVER] Received aircraft: 77DCC7 at 50.76,7.09
[SERVER] Received aircraft: 74C3B8 at 51.77,10.46
[SERVER] Received aircraft: 4BE1CE at 46.24,6.69
[SERVER] Received aircraft: 566A02 at 51.33,8.53
[SERVER] Received aircraft: 049452 at 52.25,3.93
[SERVER] Received aircraft: 08DF81 at 50.68,8.01
[SERVER] Received aircraft: C2FB51 at 46.98,6.88
[SERVER] Received aircraft: 356ED1 at 51.86,8.56
[SERVER] Received aircraft: A8269C at 49.95,6.91
[SERVER] Received aircraft: 6317DF at 47.32,4.21
[SERVER] Received aircraft: 58E57F at 48.83,11.84
[SERVER] Received aircraft: 3AB297 at 52.91,8.71
[SERVER] Received aircraft: 893F64 at 48.70,6.01
[SERVER] Received aircraft: 8683B3 at 50.99,10.73
[SERVER] Received aircraft: 95A8C5 at 51.02,9.55
[SERVER] Received aircraft: 16293A at 50.36,9.01
[SERVER] Received aircraft: A8E487 at 52.64,7.60
[SERVER] Received aircraft: A01356 at 52.46,8.44
[SORT-DEBUG] Received sort='', asc='', ascending=false, count=18
[SERVER] Received aircraft: 77DCC7 at 50.76,7.09
[SERVER] Received aircraft: 74C3B8 at 51.77,10.46
[SERVER] Received aircraft: 4BE1CE at 46.24,6.69
[SERVER] Received aircraft: 566A02 at 51.33,8.53
[SERVER] Received aircraft: 049452 at 52.25,3.93
[SERVER] Received aircraft: 08DF81 at 50.68,8.01
[SERVER] Received aircraft: C2FB51 at 46.98,6.88
[SERVER] Received aircraft: 356ED1 at 51.86,8.56
[SERVER] Received aircraft: A8269C at 49.95,6.91
[SERVER] Received aircraft: 6317DF at 47.32,4.22
[SERVER] Received aircraft: 58E57F at 48.83,11.84
[SERVER] Received aircraft: 3AB297 at 52.91,8.72
[SERVER] Received aircraft: 893F64 at 48.70,6.01
[SERVER] Received aircraft: 8683B3 at 50.98,10.73
[SERVER] Received aircraft: 95A8C5 at 51.03,9.55
[SERVER] Received aircraft: 16293A at 50.36,9.01
[SERVER] Received aircraft: A8E487 at 52.64,7.60
[SERVER] Received aircraft: A01356 at 52.47,8.45
[SORT-DEBUG] Received sort='', asc='', ascending=false, count=18
[SERVER] Received aircraft: 77DCC7 at 50.76,7.09
[SERVER] Received aircraft: 74C3B8 at 51.78,10.46
[SERVER] Received aircraft: 4BE1CE at 46.23,6.68
[SERVER] Received aircraft: 566A02 at 51.33,8.53
[SERVER] Received aircraft: 049452 at 52.25,3.92
[SERVER] Received aircraft: 08DF81 at 50.68,8.01
[SERVER] Received aircraft: C2FB51 at 46.97,6.88
[SERVER] Received aircraft: 356ED1 at 51.86,8.57
[SERVER] Received aircraft: A8269C at 49.95,6.91
[SERVER] Received aircraft: 6317DF at 47.32,4.22
[SERVER] Received aircraft: 58E57F at 48.83,11.84
[SERVER] Received aircraft: 3AB297 at 52.91,8.72
[SERVER] Received aircraft: 893F64 at 48.70,6.01
[SERVER] Received aircraft: 8683B3 at 50.98,10.73
[SERVER] Received aircraft: 95A8C5 at 51.03,9.55
[SERVER] Received aircraft: 16293A at 50.36,9.02
[SERVER] Received aircraft: A8E487 at 52.64,7.61
[SERVER] Received aircraft: A01356 at 52.47,8.45
[SORT-DEBUG] Received sort='', asc='', ascending=false, count=18
[SERVER] Received aircraft: 77DCC7 at 50.76,7.09
[SERVER] Received aircraft: 74C3B8 at 51.78,10.45
[SERVER] Received aircraft: 4BE1CE at 46.23,6.68
[SERVER] Received aircraft: 566A02 at 51.33,8.53
[SERVER] Received aircraft: 049452 at 52.26,3.92
[SERVER] Received aircraft: 08DF81 at 50.68,8.01
[SERVER] Received aircraft: C2FB51 at 46.97,6.88
[SERVER] Received aircraft: 356ED1 at 51.86,8.57
[SERVER] Received aircraft: A8269C at 49.95,6.90
[SERVER] Received aircraft: 6317DF at 47.32,4.22
[SERVER] Received aircraft: 58E57F at 48.83,11.84
[SERVER] Received aircraft: 3AB297 at 52.91,8.72
[SERVER] Received aircraft: 893F64 at 48.71,6.01
[SERVER] Received aircraft: 8683B3 at 50.98,10.73
[SERVER] Received aircraft: 95A8C5 at 51.03,9.55
[SERVER] Received aircraft: 16293A at 50.36,9.02
[SERVER] Received aircraft: A8E487 at 52.64,7.61
[SERVER] Received aircraft: A01356 at 52.47,8.45
[SORT-DEBUG] Received sort='', asc='', ascending=false, count=18
[SERVER] Received aircraft: 77DCC7 at 50.76,7.10
[SERVER] Received aircraft: 74C3B8 at 51.78,10.45
[SERVER] Received aircraft: 4BE1CE at 46.23,6.68
[SERVER] Received aircraft: 566A02 at 51.33,8.53
[SERVER] Received aircraft: 049452 at 52.26,3.92
[SERVER] Received aircraft: 08DF81 at 50.68,8.01
[SERVER] Received aircraft: C2FB51 at 46.97,6.88
[SERVER] Received aircraft: 356ED1 at 51.86,8.57
[SERVER] Received aircraft: A8269C at 49.95,6.90
[SERVER] Received aircraft: 6317DF at 47.31,4.22
[SERVER] Received aircraft: 58E57F at 48.83,11.84
[SERVER] Received aircraft: 3AB297 at 52.91,8.72
[SERVER] Received aircraft: 893F64 at 48.71,6.01
[SERVER] Received aircraft: 8683B3 at 50.98,10.73
[SERVER] Received aircraft: 95A8C5 at 51.03,9.55
[SERVER] Received aircraft: 16293A at 50.37,9.02
[SERVER] Received aircraft: A8E487 at 52.64,7.61
[SERVER] Received aircraft: A01356 at 52.47,8.46
[SORT-DEBUG] Received sort='', asc='', ascending=false, count=18
[SERVER] Received aircraft: 77DCC7 at 50.76,7.10
[SERVER] Received aircraft: 74C3B8 at 51.78,10.45
[SERVER] Received aircraft: 4BE1CE at 46.23,6.68
[SERVER] Received aircraft: 566A02 at 51.33,8.53
[SERVER] Received aircraft: 049452 at 52.26,3.92
[SERVER] Received aircraft: 08DF81 at 50.68,8.01
[SERVER] Received aircraft: C2FB51 at 46.97,6.88
[SERVER] Received aircraft: 356ED1 at 51.86,8.57
[SERVER] Received aircraft: A8269C at 49.95,6.90
[SERVER] Received aircraft: 6317DF at 47.31,4.22
[SERVER] Received aircraft: 58E57F at 48.83,11.84
[SERVER] Received aircraft: 3AB297 at 52.91,8.73
[SERVER] Received aircraft: 893F64 at 48.71,6.01
[SERVER] Received aircraft: 8683B3 at 50.98,10.73
[SERVER] Received aircraft: 95A8C5 at 51.03,9.55
[SERVER] Received aircraft: 16293A at 50.37,9.03
[SERVER] Received aircraft: A8E487 at 52.64,7.62
[SERVER] Received aircraft: A01356 at 52.47,8.46
[SORT-DEBUG] Received sort='', asc='', ascending=false, count=18
[SERVER] Received aircraft: 77DCC7 at 50.77,7.10
[SERVER] Received aircraft: 74C3B8 at 51.78,10.45
[SERVER] Received aircraft: 4BE1CE at 46.23,6.68
[SERVER] Received aircraft: 566A02 at 51.32,8.53
[SERVER] Received aircraft: 049452 at 52.26,3.92
[SERVER] Received aircraft: 08DF81 at 50.69,8.01
[SERVER] Received aircraft: C2FB51 at 46.97,6.88
[SERVER] Received aircraft: 356ED1 at 51.86,8.57
[SERVER] Received aircraft: A8269C at 49.95,6.89
[SERVER] Received aircraft: 6317DF at 47.31,4.22
[SERVER] Received aircraft: 58E57F at 48.83,11.84
[SERVER] Received aircraft: 3AB297 at 52.92,8.73
[SERVER] Received aircraft: 893F64 at 48.71,6.01
[SERVER] Received aircraft: 8683B3 at 50.98,10.73
[SERVER] Received aircraft: 95A8C5 at 51.03,9.55
[SERVER] Received aircraft: 16293A at 50.37,9.03
[SERVER] Received aircraft: A8E487 at 52.64,7.62
[SERVER] Received aircraft: A01356 at 52.47,8.46
[SORT-DEBUG] Received sort='', asc='', ascending=false, count=18
[SERVER] Received aircraft: 77DCC7 at 50.77,7.10
[SERVER] Received aircraft: 74C3B8 at 51.78,10.45
[SERVER] Received aircraft: 4BE1CE at 46.23,6.67
[SERVER] Received aircraft: 566A02 at 51.32,8.53
[SERVER] Received aircraft: 049452 at 52.26,3.92
[SERVER] Received aircraft: 08DF81 at 50.69,8.01
[SERVER] Received aircraft: C2FB51 at 46.96,6.88
[SERVER] Received aircraft: 356ED1 at 51.86,8.57
[SERVER] Received aircraft: A8269C at 49.95,6.89
[SERVER] Received aircraft: 6317DF at 47.31,4.22
[SERVER] Received aircraft: 58E57F at 48.83,11.84
[SERVER] Received aircraft: 3AB297 at 52.92,8.73
[SERVER] Received aircraft: 893F64 at 48.71,6.01
[SERVER] Received aircraft: 8683B3 at 50.98,10.73
[SERVER] Received aircraft: 95A8C5 at 51.04,9.55
[SERVER] Received aircraft: 16293A at 50.37,9.03
[SERVER] Received aircraft: A8E487 at 52.64,7.62
[SERVER] Received aircraft: A01356 at 52.47,8.47
[SORT-DEBUG] Received sort='', asc='', ascending=false, count=18
[SERVER] Received aircraft: 77DCC7 at 50.77,7.10
[SERVER] Received aircraft: 74C3B8 at 51.78,10.45
[SERVER] Received aircraft: 4BE1CE at 46.23,6.67
[SERVER] Received aircraft: 566A02 at 51.32,8.53
[SERVER] Received aircraft: 049452 at 52.26,3.92
[SERVER] Received aircraft: 08DF81 at 50.69,8.01
[SERVER] Received aircraft: C2FB51 at 46.96,6.88
[SERVER] Received aircraft: 356ED1 at 51.86,8.57
[SERVER] Received aircraft: A8269C at 49.95,6.89
[SERVER] Received aircraft: 6317DF at 47.31,4.22
[SERVER] Received aircraft: 58E57F at 48.83,11.84
[SERVER] Received aircraft: 3AB297 at 52.92,8.74
[SERVER] Received aircraft: 893F64 at 48.71,6.01
[SERVER] Received aircraft: 8683B3 at 50.97,10.73
[SERVER] Received aircraft: 95A8C5 at 51.04,9.54
[SERVER] Received aircraft: 16293A at 50.37,9.04
[SERVER] Received aircraft: A8E487 at 52.64,7.62
[SERVER] Received aircraft: A01356 at 52.47,8.47
[SORT-DEBUG] Received sort='', asc='', ascending=false, count=18
[SERVER] Received aircraft: 77DCC7 at 50.77,7.10
[SERVER] Received aircraft: 74C3B8 at 51.78,10.45
[SERVER] Received aircraft: 4BE1CE at 46.22,6.67
[SERVER] Received aircraft: 566A02 at 51.32,8.53
[SERVER] Received aircraft: 049452 at 52.26,3.92
[SERVER] Received aircraft: 08DF81 at 50.69,8.01
[SERVER] Received aircraft: C2FB51 at 46.96,6.88
[SERVER] Received aircraft: 356ED1 at 51.86,8.58
[SERVER] Received aircraft: A8269C at 49.95,6.88
[SERVER] Received aircraft: 6317DF at 47.30,4.22
[SERVER] Received aircraft: 58E57F at 48.83,11.84
[SERVER] Received aircraft: 3AB297 at 52.92,8.74
[SERVER] Received aircraft: 893F64 at 48.71,6.02
[SERVER] Received aircraft: 8683B3 at 50.97,10.73
[SERVER] Received aircraft: 95A8C5 at 51.04,9.54
[SERVER] Received aircraft: 16293A at 50.38,9.04
[SERVER] Received aircraft: A8E487 at 52.65,7.63
[SERVER] Received aircraft: A01356 at 52.47,8.48
[SORT-DEBUG] Received sort='', asc='', ascending=false, count=18
[SERVER] Received aircraft: 77DCC7 at 50.77,7.11
[SERVER] Received aircraft: 74C3B8 at 51.78,10.45
[SERVER] Received aircraft: 4BE1CE at 46.22,6.67
[SERVER] Received aircraft: 566A02 at 51.32,8.53
[SERVER] Received aircraft: 049452 at 52.27,3.92
[SERVER] Received aircraft: 08DF81 at 50.69,8.01
[SERVER] Received aircraft: C2FB51 at 46.96,6.88
[SERVER] Received aircraft: 356ED1 at 51.86,8.58
[SERVER] Received aircraft: A8269C at 49.95,6.88
[SERVER] Received aircraft: 6317DF at 47.30,4.22
[SERVER] Received aircraft: 58E57F at 48.83,11.84
[SERVER] Received aircraft: 3AB297 at 52.92,8.74
[SERVER] Received aircraft: 893F64 at 48.71,6.02
[SERVER] Received aircraft: 8683B3 at 50.97,10.73
[SERVER] Received aircraft: 95A8C5 at 51.04,9.54
[SERVER] Received aircraft: 16293A at 50.38,9.04
[SERVER] Received aircraft: A8E487 at 52.65,7.63
[SERVER] Received aircraft: A01356 at 52.47,8.48
[SORT-DEBUG] Received sort='', asc='', ascending=false, count=18
[SERVER] Received aircraft: 77DCC7 at 50.77,7.11
[SERVER] Received aircraft: 74C3B8 at 51.78,10.44
[SERVER] Received aircraft: 4BE1CE at 46.22,6.67
[SERVER] Received aircraft: 566A02 at 51.32,8.53
[SERVER] Received aircraft: 049452 at 52.27,3.91
[SERVER] Received aircraft: 08DF81 at 50.69,8.01
[SERVER] Received aircraft: C2FB51 at 46.96,6.88
[SERVER] Received aircraft: 356ED1 at 51.86,8.58
[SERVER] Received aircraft: A8269C at 49.95,6.88
[SERVER] Received aircraft: 6317DF at 47.30,4.22
[SERVER] Received aircraft: 58E57F at 48.83,11.85
[SERVER] Received aircraft: 3AB297 at 52.92,8.74
[SERVER] Received aircraft: 893F64 at 48.71,6.02
[SERVER] Received aircraft: 8683B3 at 50.97,10.73
[SERVER] Received aircraft: 95A8C5 at 51.04,9.54
[SERVER] Received aircraft: 16293A at 50.38,9.05
[SERVER] Received aircraft: A8E487 at 52.65,7.63
[SERVER] Received aircraft: A01356 at 52.47,8.48
[SORT-DEBUG] Received sort='', asc='', ascending=false, count=18
[SERVER] Received aircraft: 77DCC7 at 50.77,7.11
[SERVER] Received aircraft: 74C3B8 at 51.78,10.44
[SERVER] Received aircraft: 4BE1CE at 46.22,6.66
[SERVER] Received aircraft: 566A02 at 51.32,8.53
[SERVER] Received aircraft: 049452 at 52.27,3.91
[SERVER] Received aircraft: 08DF81 at 50.69,8.01
[SERVER] Received aircraft: C2FB51 at 46.96,6.88
[SERVER] Received aircraft: 356ED1 at 51.86,8.58
[SERVER] Received aircraft: A8269C at 49.95,6.87
[SERVER] Received aircraft: 6317DF at 47.30,4.22
[SERVER] Received aircraft: 58E57F at 48.83,11.85
[SERVER] Received aircraft: 3AB297 at 52.92,8.75
[SERVER] Received aircraft: 893F64 at 48.71,6.02
[SERVER] Received aircraft: 8683B3 at 50.97,10.73
[SERVER] Received aircraft: 95A8C5 at 51.04,9.54
[SERVER] Received aircraft: 16293A at 50.38,9.05
[SERVER] Received aircraft: A8E487 at 52.65,7.64
[SERVER] Received aircraft: A01356 at 52.47,8.49
[SORT-DEBUG] Received sort='', asc='', ascending=false, count=18
[SERVER] Received aircraft: 77DCC7 at 50.77,7.11
[SERVER] Received aircraft: 74C3B8 at 51.79,10.44
[SERVER] Received aircraft: 4BE1CE at 46.22,6.66
[SERVER] Received aircraft: 566A02 at 51.32,8.53
[SERVER] Received aircraft: 049452 at 52.27,3.91
[SERVER] Received aircraft: 08DF81 at 50.70,8.01
[SERVER] Received aircraft: C2FB51 at 46.95,6.88
[SERVER] Received aircraft: 356ED1 at 51.86,8.58
[SERVER] Received aircraft: A8269C at 49.95,6.87
[SERVER] Received aircraft: 6317DF at 47.30,4.22
[SERVER] Received aircraft: 58E57F at 48.83,11.85
[SERVER] Received aircraft: 3AB297 at 52.92,8.75
[SERVER] Received aircraft: 893F64 at 48.72,6.02
[SERVER] Received aircraft: 8683B3 at 50.97,10.73
[SERVER] Received aircraft: 95A8C5 at 51.05,9.54
[SERVER] Received aircraft: 16293A at 50.38,9.05
[SERVER] Received aircraft: A8E487 at 52.65,7.64
[SERVER] Received aircraft: A01356 at 52.47,8.49
[SORT-DEBUG] Received sort='', asc='', ascending=false, count=18
[SERVER] Received aircraft: 77DCC7 at 50.77,7.11
[SERVER] Received aircraft: 74C3B8 at 51.79,10.44
[SERVER] Received aircraft: 4BE1CE at 46.22,6.66
[SERVER] Received aircraft: 566A02 at 51.32,8.53
[SERVER] Received aircraft: 049452 at 52.27,3.91
[SERVER] Received aircraft: 08DF81 at 50.70,8.01
[SERVER] Received aircraft: C2FB51 at 46.95,6.88
[SERVER] Received aircraft: 356ED1 at 51.86,8.58
[SERVER] Received aircraft: A8269C at 49.95,6.86
[SERVER] Received aircraft: 6317DF at 47.29,4.22
[SERVER] Received aircraft: 58E57F at 48.83,11.85
[SERVER] Received aircraft: 3AB297 at 52.92,8.75
[SERVER] Received aircraft: 893F64 at 48.72,6.02
[SERVER] Received aircraft: 8683B3 at 50.97,10.73
[SERVER] Received aircraft: 95A8C5 at 51.05,9.54
[SERVER] Received aircraft: 16293A at 50.39,9.05
[SERVER] Received aircraft: A8E487 at 52.65,7.64
[SERVER] Received aircraft: A01356 at 52.47,8.50
[SORT-DEBUG] Received sort='', asc='', ascending=false, count=18
[SERVER] Received aircraft: 77DCC7 at 50.77,7.11
[SERVER] Received aircraft: 74C3B8 at 51.79,10.44
[SERVER] Received aircraft: 4BE1CE at 46.22,6.66
[SERVER] Received aircraft: 566A02 at 51.32,8.53
[SERVER] Received aircraft: 049452 at 52.27,3.91
[SERVER] Received aircraft: 08DF81 at 50.70,8.01
[SERVER] Received aircraft: C2FB51 at 46.95,6.88
[SERVER] Received aircraft: 356ED1 at 51.86,8.58
[SERVER] Received aircraft: A8269C at 49.95,6.86
[SERVER] Received aircraft: 6317DF at 47.29,4.22
[SERVER] Received aircraft: 58E57F at 48.83,11.85
[SERVER] Received aircraft: 3AB297 at 52.92,8.75
[SERVER] Received aircraft: 893F64 at 48.72,6.02
[SERVER] Received aircraft: 8683B3 at 50.97,10.74
[SERVER] Received aircraft: 95A8C5 at 51.05,9.54
[SERVER] Received aircraft: 16293A at 50.39,9.06
[SERVER] Received aircraft: A8E487 at 52.65,7.65
[SERVER] Received aircraft: A01356 at 52.47,8.50
[SORT-DEBUG] Received sort='', asc='', ascending=false, count=18
[SERVER] Received aircraft: 77DCC7 at 50.77,7.11
[SERVER] Received aircraft: 74C3B8 at 51.79,10.44
[SERVER] Received aircraft: 4BE1CE at 46.21,6.66
[SERVER] Received aircraft: 566A02 at 51.32,8.53
[SERVER] Received aircraft: 049452 at 52.28,3.91
[SERVER] Received aircraft: 08DF81 at 50.70,8.01
[SERVER] Received aircraft: C2FB51 at 46.95,6.88
[SERVER] Received aircraft: 356ED1 at 51.86,8.58
[SERVER] Received aircraft: A8269C at 49.95,6.86
[SERVER] Received aircraft: 6317DF at 47.29,4.22
[SERVER] Received aircraft: 58E57F at 48.83,11.85
[SERVER] Received aircraft: 3AB297 at 52.92,8.76
[SERVER] Received aircraft: 893F64 at 48.72,6.02
[SERVER] Received aircraft: 8683B3 at 50.96,10.74
[SERVER] Received aircraft: 95A8C5 at 51.05,9.54
[SERVER] Received aircraft: 16293A at 50.39,9.06
[SERVER] Received aircraft: A8E487 at 52.65,7.65
[SERVER] Received aircraft: A01356 at 52.47,8.50
[SORT-DEBUG] Received sort='', asc='', ascending=false, count=18
[SERVER] Received aircraft: 77DCC7 at 50.77,7.12
[SERVER] Received aircraft: 74C3B8 at 51.79,10.44
[SERVER] Received aircraft: 4BE1CE at 46.21,6.65
[SERVER] Received aircraft: 566A02 at 51.32,8.53
[SERVER] Received aircraft: 049452 at 52.28,3.91
[SERVER] Received aircraft: 08DF81 at 50.70,8.01
[SERVER] Received aircraft: C2FB51 at 46.95,6.88
[SERVER] Received aircraft: 356ED1 at 51.86,8.59
[SERVER] Received aircraft: A8269C at 49.95,6.85
[SERVER] Received aircraft: 6317DF at 47.29,4.22
[SERVER] Received aircraft: 58E57F at 48.83,11.85
[SERVER] Received aircraft: 3AB297 at 52.92,8.76
[SERVER] Received aircraft: 893F64 at 48.72,6.02
[SERVER] Received aircraft: 8683B3 at 50.96,10.74
[SERVER] Received aircraft: 95A8C5 at 51.05,9.54
[SERVER] Received aircraft: 16293A at 50.39,9.06
[SERVER] Received aircraft: A8E487 at 52.65,7.65
[SERVER] Received aircraft: A01356 at 52.47,8.51
[SORT-DEBUG] Received sort='', asc='', ascending=false, count=18
[SERVER] Received aircraft: 77DCC7 at 50.77,7.12
[SERVER] Received aircraft: 74C3B8 at 51.79,10.44
[SERVER] Received aircraft: 4BE1CE at 46.21,6.65
[SERVER] Received aircraft: 566A02 at 51.32,8.53
[SERVER] Received aircraft: 049452 at 52.28,3.91
[SERVER] Received aircraft: 08DF81 at 50.70,8.01
[SERVER] Received aircraft: C2FB51 at 46.94,6.88
[SERVER] Received aircraft: 356ED1 at 51.87,8.59
[SERVER] Received aircraft: A8269C at 49.95,6.85
[SERVER] Received aircraft: 6317DF at 47.29,4.22
[SERVER] Received aircraft: 58E57F at 48.83,11.85
[SERVER] Received aircraft: 3AB297 at 52.92,8.76
[SERVER] Received aircraft: 893F64 at 48.72,6.02
[SERVER] Received aircraft: 8683B3 at 50.96,10.74
[SERVER] Received aircraft: 95A8C5 at 51.06,9.54
[SERVER] Received aircraft: 16293A at 50.40,9.07
[SERVER] Received aircraft: A8E487 at 52.65,7.66
[SERVER] Received aircraft: A01356 at 52.48,8.51
[SORT-DEBUG] Received sort='', asc='', ascending=false, count=18
[SERVER] Received aircraft: 77DCC7 at 50.77,7.12
[SERVER] Received aircraft: 74C3B8 at 51.79,10.43
[SERVER] Received aircraft: 4BE1CE at 46.21,6.65
[SERVER] Received aircraft: 566A02 at 51.32,8.53
[SERVER] Received aircraft: 049452 at 52.28,3.90
[SERVER] Received aircraft: 08DF81 at 50.70,8.01
[SERVER] Received aircraft: C2FB51 at 46.94,6.88
[SERVER] Received aircraft: 356ED1 at 51.87,8.59
[SERVER] Received aircraft: A8269C at 49.95,6.85
[SERVER] Received aircraft: 6317DF at 47.28,4.22
[SERVER] Received aircraft: 58E57F at 48.83,11.85
[SERVER] Received aircraft: 3AB297 at 52.92,8.76
[SERVER] Received aircraft: 893F64 at 48.72,6.02
[SERVER] Received aircraft: 8683B3 at 50.96,10.74
[SERVER] Received aircraft: 95A8C5 at 51.06,9.54
[SERVER] Received aircraft: 16293A at 50.40,9.07
[SERVER] Received aircraft: A8E487 at 52.65,7.66
[SERVER] Received aircraft: A01356 at 52.48,8.51
[SORT-DEBUG] Received sort='', asc='', ascending=false, count=18
[SERVER] Received aircraft: 77DCC7 at 50.77,7.12
[SERVER] Received aircraft: 74C3B8 at 51.79,10.43
[SERVER] Received aircraft: 4BE1CE at 46.21,6.65
[SERVER] Received aircraft: 566A02 at 51.32,8.54
[SERVER] Received aircraft: 049452 at 52.28,3.90
[SERVER] Received aircraft: 08DF81 at 50.71,8.01
[SERVER] Received aircraft: C2FB51 at 46.94,6.88
[SERVER] Received aircraft: 356ED1 at 51.87,8.59
[SERVER] Received aircraft: A8269C at 49.95,6.84
[SERVER] Received aircraft: 6317DF at 47.28,4.22
[SERVER] Received aircraft: 58E57F at 48.83,11.85
[SERVER] Received aircraft: 3AB297 at 52.92,8.77
[SERVER] Received aircraft: 893F64 at 48.72,6.02
[SERVER] Received aircraft: 8683B3 at 50.96,10.74
[SERVER] Received aircraft: 95A8C5 at 51.06,9.54
[SERVER] Received aircraft: 16293A at 50.40,9.07
[SERVER] Received aircraft: A8E487 at 52.65,7.66
[SERVER] Received aircraft: A01356 at 52.48,8.52
[SORT-DEBUG] Received sort='', asc='', ascending=false, count=18
[SERVER] Received aircraft: 77DCC7 at 50.77,7.12
[SERVER] Received aircraft: 74C3B8 at 51.79,10.43
[SERVER] Received aircraft: 4BE1CE at 46.21,6.64
[SERVER] Received aircraft: 566A02 at 51.31,8.54
[SERVER] Received aircraft: 049452 at 52.28,3.90
[SERVER] Received aircraft: 08DF81 at 50.71,8.01
[SERVER] Received aircraft: C2FB51 at 46.94,6.88
[SERVER] Received aircraft: 356ED1 at 51.87,8.59
[SERVER] Received aircraft: A8269C at 49.95,6.84
[SERVER] Received aircraft: 6317DF at 47.28,4.22
[SERVER] Received aircraft: 58E57F at 48.83,11.85
[SERVER] Received aircraft: 3AB297 at 52.93,8.77
[SERVER] Received aircraft: 893F64 at 48.72,6.02
[SERVER] Received aircraft: 8683B3 at 50.96,10.74
[SERVER] Received aircraft: 95A8C5 at 51.06,9.54
[SERVER] Received aircraft: 16293A at 50.40,9.07
[SERVER] Received aircraft: A8E487 at 52.65,7.67
[SERVER] Received aircraft: A01356 at 52.48,8.52
[SORT-DEBUG] Received sort='', asc='', ascending=false, count=18
[SERVER] Received aircraft: 77DCC7 at 50.77,7.12
[SERVER] Received aircraft: 74C3B8 at 51.79,10.43
[SERVER] Received aircraft: 4BE1CE at 46.21,6.64
[SERVER] Received aircraft: 566A02 at 51.31,8.54
[SERVER] Received aircraft: 049452 at 52.28,3.90
[SERVER] Received aircraft: 08DF81 at 50.71,8.01
[SERVER] Received aircraft: C2FB51 at 46.94,6.88
[SERVER] Received aircraft: 356ED1 at 51.87,8.59
[SERVER] Received aircraft: A8269C at 49.96,6.84
[SERVER] Received aircraft: 6317DF at 47.28,4.22
[SERVER] Received aircraft: 58E57F at 48.83,11.85
[SERVER] Received aircraft: 3AB297 at 52.93,8.77
[SERVER] Received aircraft: 893F64 at 48.72,6.02
[SERVER] Received aircraft: 8683B3 at 50.96,10.74
[SERVER] Received aircraft: 95A8C5 at 51.06,9.54
[SERVER] Received aircraft: 16293A at 50.40,9.08
[SERVER] Received aircraft: A8E487 at 52.65,7.67
[SERVER] Received aircraft: A01356 at 52.48,8.53
[SORT-DEBUG] Received sort='', asc='', ascending=false, count=18
[SERVER] Received aircraft: 77DCC7 at 50.77,7.13
[SERVER] Received aircraft: 74C3B8 at 51.79,10.43
[SERVER] Received aircraft: 4BE1CE at 46.20,6.64
[SERVER] Received aircraft: 566A02 at 51.31,8.54
[SERVER] Received aircraft: 049452 at 52.29,3.90
[SERVER] Received aircraft: 08DF81 at 50.71,8.01
[SERVER] Received aircraft: C2FB51 at 46.93,6.88
[SERVER] Received aircraft: 356ED1 at 51.87,8.59
[SERVER] Received aircraft: A8269C at 49.96,6.83
[SERVER] Received aircraft: 6317DF at 47.28,4.22
[SERVER] Received aircraft: 58E57F at 48.83,11.85
[SERVER] Received aircraft: 3AB297 at 52.93,8.77
[SERVER] Received aircraft: 893F64 at 48.73,6.02
[SERVER] Received aircraft: 8683B3 at 50.95,10.74
[SERVER] Received aircraft: 95A8C5 at 51.06,9.54
[SERVER] Received aircraft: 16293A at 50.41,9.08
[SERVER] Received aircraft: A8E487 at 52.65,7.67
[SERVER] Received aircraft: A01356 at 52.48,8.53
[SORT-DEBUG] Received sort='', asc='', ascending=false, count=18
[SERVER] Received aircraft: 77DCC7 at 50.77,7.13
[SERVER] Received aircraft: 74C3B8 at 51.79,10.43
[SERVER] Received aircraft: 4BE1CE at 46.20,6.64
[SERVER] Received aircraft: 566A02 at 51.31,8.54
[SERVER] Received aircraft: 049452 at 52.29,3.90
[SERVER] Received aircraft: 08DF81 at 50.71,8.01
[SERVER] Received aircraft: C2FB51 at 46.93,6.88
[SERVER] Received aircraft: 356ED1 at 51.87,8.59
[SERVER] Received aircraft: A8269C at 49.96,6.83
[SERVER] Received aircraft: 6317DF at 47.27,4.22
[SERVER] Received aircraft: 58E57F at 48.83,11.85
[SERVER] Received aircraft: 3AB297 at 52.93,8.78
[SERVER] Received aircraft: 893F64 at 48.73,6.02
[SERVER] Received aircraft: 8683B3 at 50.95,10.74
[SERVER] Received aircraft: 95A8C5 at 51.07,9.53
[SERVER] Received aircraft: 16293A at 50.41,9.08
[SERVER] Received aircraft: A8E487 at 52.65,7.67
[SERVER] Received aircraft: A01356 at 52.48,8.53
[SORT-DEBUG] Received sort='', asc='', ascending=false, count=18
[SERVER] Received aircraft: 77DCC7 at 50.77,7.13
[SERVER] Received aircraft: 74C3B8 at 51.80,10.43
[SERVER] Received aircraft: 4BE1CE at 46.20,6.64
[SERVER] Received aircraft: 566A02 at 51.31,8.54
[SERVER] Received aircraft: 049452 at 52.29,3.90
[SERVER] Received aircraft: 08DF81 at 50.71,8.01
[SERVER] Received aircraft: C2FB51 at 46.93,6.88
[SERVER] Received aircraft: 356ED1 at 51.87,8.60
[SERVER] Received aircraft: A8269C at 49.96,6.83
[SERVER] Received aircraft: 6317DF at 47.27,4.22
[SERVER] Received aircraft: 58E57F at 48.83,11.86
[SERVER] Received aircraft: 3AB297 at 52.93,8.78
[SERVER] Received aircraft: 893F64 at 48.73,6.02
[SERVER] Received aircraft: 8683B3 at 50.95,10.74
[SERVER] Received aircraft: 95A8C5 at 51.07,9.53
[SERVER] Received aircraft: 16293A at 50.41,9.09
[SERVER] Received aircraft: A8E487 at 52.65,7.68
[SERVER] Received aircraft: A01356 at 52.48,8.54
[SORT-DEBUG] Received sort='', asc='', ascending=false, count=18
[SERVER] Received aircraft: 77DCC7 at 50.77,7.13
[SERVER] Received aircraft: 74C3B8 at 51.80,10.42
[SERVER] Received aircraft: 4BE1CE at 46.20,6.63
[SERVER] Received aircraft: 566A02 at 51.31,8.54
[SERVER] Received aircraft: 049452 at 52.29,3.90
[SERVER] Received aircraft: 08DF81 at 50.71,8.01
[SERVER] Received aircraft: C2FB51 at 46.93,6.88
[SERVER] Received aircraft: 356ED1 at 51.87,8.60
[SERVER] Received aircraft: A8269C at 49.96,6.82
[SERVER] Received aircraft: 6317DF at 47.27,4.22
[SERVER] Received aircraft: 58E57F at 48.83,11.86
[SERVER] Received aircraft: 3AB297 at 52.93,8.78
[SERVER] Received aircraft: 893F64 at 48.73,6.02
[SERVER] Received aircraft: 8683B3 at 50.95,10.74
[SERVER] Received aircraft: 95A8C5 at 51.07,9.53
[SERVER] Received aircraft: 16293A at 50.41,9.09
[SERVER] Received aircraft: A8E487 at 52.65,7.68
[SERVER] Received aircraft: A01356 at 52.48,8.54
[SORT-DEBUG] Received sort='', asc='', ascending=false, count=18
[SERVER] Received aircraft: 77DCC7 at 50.77,7.13
[SERVER] Received aircraft: 74C3B8 at 51.80,10.42
[SERVER] Received aircraft: 4BE1CE at 46.20,6.63
[SERVER] Received aircraft: 566A02 at 51.31,8.54
[SERVER] Received aircraft: 049452 at 52.29,3.90
[SERVER] Received aircraft: 08DF81 at 50.71,8.01
[SERVER] Received aircraft: C2FB51 at 46.93,6.88
[SERVER] Received aircraft: 356ED1 at 51.87,8.60
[SERVER] Received aircraft: A8269C at 49.96,6.82
[SERVER] Received aircraft: 6317DF at 47.27,4.22
[SERVER] Received aircraft: 58E57F at 48.84,11.86
[SERVER] Received aircraft: 3AB297 at 52.93,8.79
[SERVER] Received aircraft: 893F64 at 48.73,6.02
[SERVER] Received aircraft: 8683B3 at 50.95,10.74
[SERVER] Received aircraft: 95A8C5 at 51.07,9.53
[SERVER] Received aircraft: 16293A at 50.41,9.09
[SERVER] Received aircraft: A8E487 at 52.65,7.68
[SERVER] Received aircraft: A01356 at 52.48,8.55
[SORT-DEBUG] Received sort='', asc='', ascending=false, count=18
[SERVER] Received aircraft: 77DCC7 at 50.77,7.13
[SERVER] Received aircraft: 74C3B8 at 51.80,10.42
[SERVER] Received aircraft: 4BE1CE at 46.20,6.63
[SERVER] Received aircraft: 566A02 at 51.31,8.54
[SERVER] Received aircraft: 049452 at 52.29,3.89
[SERVER] Received aircraft: 08DF81 at 50.72,8.01
[SERVER] Received aircraft: C2FB51 at 46.93,6.88
[SERVER] Received aircraft: 356ED1 at 51.87,8.60
[SERVER] Received aircraft: A8269C at 49.96,6.82
[SERVER] Received aircraft: 6317DF at 47.27,4.22
[SERVER] Received aircraft: 58E57F at 48.84,11.86
[SERVER] Received aircraft: 3AB297 at 52.93,8.79
[SERVER] Received aircraft: 893F64 at 48.73,6.02
[SERVER] Received aircraft: 8683B3 at 50.95,10.74
[SERVER] Received aircraft: 95A8C5 at 51.07,9.53
[SERVER] Received aircraft: 16293A at 50.42,9.09
[SERVER] Received aircraft: A8E487 at 52.65,7.69
[SERVER] Received aircraft: A01356 at 52.48,8.55
[SORT-DEBUG] Received sort='', asc='', ascending=false, count=18
[SERVER] Received aircraft: 77DCC7 at 50.77,7.13
[SERVER] Received aircraft: 74C3B8 at 51.80,10.42
[SERVER] Received aircraft: 4BE1CE at 46.20,6.63
[SERVER] Received aircraft: 566A02 at 51.31,8.54
[SERVER] Received aircraft: 049452 at 52.29,3.89
[SERVER] Received aircraft: 08DF81 at 50.72,8.01
[SERVER] Received aircraft: C2FB51 at 46.92,6.88
[SERVER] Received aircraft: 356ED1 at 51.87,8.60
[SERVER] Received aircraft: A8269C at 49.96,6.81
[SERVER] Received aircraft: 6317DF at 47.26,4.22
[SERVER] Received aircraft: 58E57F at 48.84,11.86
[SERVER] Received aircraft: 3AB297 at 52.93,8.79
[SERVER] Received aircraft: 893F64 at 48.73,6.02
[SERVER] Received aircraft: 8683B3 at 50.95,10.74
[SERVER] Received aircraft: 95A8C5 at 51.07,9.53
[SERVER] Received aircraft: 16293A at 50.42,9.10
[SERVER] Received aircraft: A8E487 at 52.65,7.69
[SERVER] Received aircraft: A01356 at 52.48,8.55
[SORT-DEBUG] Received sort='', asc='', ascending=false, count=18
[SERVER] Received aircraft: 77DCC7 at 50.77,7.14
[SERVER] Received aircraft: 74C3B8 at 51.80,10.42
[SERVER] Received aircraft: 4BE1CE at 46.19,6.63
[SERVER] Received aircraft: 566A02 at 51.31,8.54
[SERVER] Received aircraft: 049452 at 52.30,3.89
[SERVER] Received aircraft: 08DF81 at 50.72,8.01
[SERVER] Received aircraft: C2FB51 at 46.92,6.88
[SERVER] Received aircraft: 356ED1 at 51.87,8.60
[SERVER] Received aircraft: A8269C at 49.96,6.81
[SERVER] Received aircraft: 6317DF at 47.26,4.22
[SERVER] Received aircraft: 58E57F at 48.84,11.86
[SERVER] Received aircraft: 3AB297 at 52.93,8.79
[SERVER] Received aircraft: 893F64 at 48.73,6.02
[SERVER] Received aircraft: 8683B3 at 50.95,10.74
[SERVER] Received aircraft: 95A8C5 at 51.08,9.53
[SERVER] Received aircraft: 16293A at 50.42,9.10
[SERVER] Received aircraft: A8E487 at 52.65,7.69
[SERVER] Received aircraft: A01356 at 52.48,8.56
[SORT-DEBUG] Received sort='', asc='', ascending=false, count=18
[SERVER] Received aircraft: 77DCC7 at 50.77,7.14
[SERVER] Received aircraft: 74C3B8 at 51.80,10.42
[SERVER] Received aircraft: 4BE1CE at 46.19,6.62
[SERVER] Received aircraft: 566A02 at 51.31,8.54
[SERVER] Received aircraft: 049452 at 52.30,3.89
[SERVER] Received aircraft: 08DF81 at 50.72,8.01
[SERVER] Received aircraft: C2FB51 at 46.92,6.88
[SERVER] Received aircraft: 356ED1 at 51.87,8.60
[SERVER] Received aircraft: A8269C at 49.96,6.80
[SERVER] Received aircraft: 6317DF at 47.26,4.22
[SERVER] Received aircraft: 58E57F at 48.84,11.86
[SERVER] Received aircraft: 3AB297 at 52.93,8.80
[SERVER] Received aircraft: 893F64 at 48.73,6.03
[SERVER] Received aircraft: 8683B3 at 50.94,10.74
[SERVER] Received aircraft: 95A8C5 at 51.08,9.53
[SERVER] Received aircraft: 16293A at 50.42,9.10
[SERVER] Received aircraft: A8E487 at 52.65,7.70
[SERVER] Received aircraft: A01356 at 52.48,8.56
[SORT-DEBUG] Received sort='', asc='', ascending=false, count=18
[SERVER] Received aircraft: 77DCC7 at 50.77,7.14
[SERVER] Received aircraft: 74C3B8 at 51.80,10.42
[SERVER] Received aircraft: 4BE1CE at 46.19,6.62
[SERVER] Received aircraft: 566A02 at 51.31,8.54
[SERVER] Received aircraft: 049452 at 52.30,3.89
[SERVER] Received aircraft: 08DF81 at 50.72,8.01
[SERVER] Received aircraft: C2FB51 at 46.92,6.88
[SERVER] Received aircraft: 356ED1 at 51.87,8.61
[SERVER] Received aircraft: A8269C at 49.96,6.80
[SERVER] Received aircraft: 6317DF at 47.26,4.22
[SERVER] Received aircraft: 58E57F at 48.84,11.86
[SERVER] Received aircraft: 3AB297 at 52.93,8.80
[SERVER] Received aircraft: 893F64 at 48.74,6.03
[SERVER] Received aircraft: 8683B3 at 50.94,10.74
[SERVER] Received aircraft: 95A8C5 at 51.08,9.53
[SERVER] Received aircraft: 16293A at 50.43,9.11
[SERVER] Received aircraft: A8E487 at 52.65,7.70
[SERVER] Received aircraft: A01356 at 52.48,8.56
[SORT-DEBUG] Received sort='', asc='', ascending=false, count=18
[SERVER] Received aircraft: 77DCC7 at 50.77,7.14
[SERVER] Received aircraft: 74C3B8 at 51.80,10.42
[SERVER] Received aircraft: 4BE1CE at 46.19,6.62
[SERVER] Received aircraft: 566A02 at 51.31,8.54
[SERVER] Received aircraft: 049452 at 52.30,3.89
[SERVER] Received aircraft: 08DF81 at 50.72,8.01
[SERVER] Received aircraft: C2FB51 at 46.92,6.88
[SERVER] Received aircraft: 356ED1 at 51.87,8.61
[SERVER] Received aircraft: A8269C at 49.96,6.80
[SERVER] Received aircraft: 6317DF at 47.26,4.22
[SERVER] Received aircraft: 58E57F at 48.84,11.86
[SERVER] Received aircraft: 3AB297 at 52.93,8.80
[SERVER] Received aircraft: 893F64 at 48.74,6.03
[SERVER] Received aircraft: 8683B3 at 50.94,10.74
[SERVER] Received aircraft: 95A8C5 at 51.08,9.53
[SERVER] Received aircraft: 16293A at 50.43,9.11
[SERVER] Received aircraft: A8E487 at 52.65,7.70
[SERVER] Received aircraft: A01356 at 52.48,8.57
[SORT-DEBUG] Received sort='', asc='', ascending=false, count=18
[SERVER] Received aircraft: 77DCC7 at 50.77,7.14
[SERVER] Received aircraft: 74C3B8 at 51.80,10.41
[SERVER] Received aircraft: 4BE1CE at 46.19,6.62
[SERVER] Received aircraft: 566A02 at 51.31,8.54
[SERVER] Received aircraft: 049452 at 52.30,3.89
[SERVER] Received aircraft: 08DF81 at 50.72,8.01
[SERVER] Received aircraft: C2FB51 at 46.91,6.88
[SERVER] Received aircraft: 356ED1 at 51.87,8.61
[SERVER] Received aircraft: A8269C at 49.96,6.79
[SERVER] Received aircraft: 6317DF at 47.25,4.22
[SERVER] Received aircraft: 58E57F at 48.84,11.86
[SERVER] Received aircraft: 3AB297 at 52.93,8.80
[SERVER] Received aircraft: 893F64 at 48.74,6.03
[SERVER] Received aircraft: 8683B3 at 50.94,10.74
[SERVER] Received aircraft: 95A8C5 at 51.08,9.53
[SERVER] Received aircraft: 16293A at 50.43,9.11
[SERVER] Received aircraft: A8E487 at 52.65,7.71
[SERVER] Received aircraft: A01356 at 52.48,8.57
[SORT-DEBUG] Received sort='', asc='', ascending=false, count=18
[SERVER] Received aircraft: 77DCC7 at 50.77,7.14
[SERVER] Received aircraft: 74C3B8 at 51.80,10.41
[SERVER] Received aircraft: 4BE1CE at 46.19,6.62
[SERVER] Received aircraft: 566A02 at 51.31,8.54
[SERVER] Received aircraft: 049452 at 52.30,3.89
[SERVER] Received aircraft: 08DF81 at 50.73,8.00
[SERVER] Received aircraft: C2FB51 at 46.91,6.88
[SERVER] Received aircraft: 356ED1 at 51.88,8.61
[SERVER] Received aircraft: A8269C at 49.96,6.79
[SERVER] Received aircraft: 6317DF at 47.25,4.22
[SERVER] Received aircraft: 58E57F at 48.84,11.86
[SERVER] Received aircraft: 3AB297 at 52.93,8.81
[SERVER] Received aircraft: 893F64 at 48.74,6.03
[SERVER] Received aircraft: 8683B3 at 50.94,10.74
[SERVER] Received aircraft: 95A8C5 at 51.08,9.53
[SERVER] Received aircraft: 16293A at 50.43,9.11
[SERVER] Received aircraft: A8E487 at 52.65,7.71
[SERVER] Received aircraft: A01356 at 52.48,8.58
[SORT-DEBUG] Received sort='', asc='', ascending=false, count=18
[SERVER] Received aircraft: 77DCC7 at 50.77,7.15
[SERVER] Received aircraft: 74C3B8 at 51.80,10.41
[SERVER] Received aircraft: 4BE1CE at 46.19,6.61
[SERVER] Received aircraft: 566A02 at 51.31,8.54
[SERVER] Received aircraft: 049452 at 52.31,3.89
[SERVER] Received aircraft: 08DF81 at 50.73,8.00
[SERVER] Received aircraft: C2FB51 at 46.91,6.88
[SERVER] Received aircraft: 356ED1 at 51.88,8.61
[SERVER] Received aircraft: A8269C at 49.96,6.79
[SERVER] Received aircraft: 6317DF at 47.25,4.22
[SERVER] Received aircraft: 58E57F at 48.84,11.86
[SERVER] Received aircraft: 3AB297 at 52.94,8.81
[SERVER] Received aircraft: 893F64 at 48.74,6.03
[SERVER] Received aircraft: 8683B3 at 50.94,10.74
[SERVER] Received aircraft: 95A8C5 at 51.09,9.53
[SERVER] Received aircraft: 16293A at 50.43,9.12
[SERVER] Received aircraft: A8E487 at 52.65,7.71
[SERVER] Received aircraft: A01356 at 52.48,8.58
[SORT-DEBUG] Received sort='', asc='', ascending=false, count=18
[SERVER] Received aircraft: 77DCC7 at 50.77,7.15
[SERVER] Received aircraft: 74C3B8 at 51.81,10.41
[SERVER] Received aircraft: 4BE1CE at 46.18,6.61
[SERVER] Received aircraft: 566A02 at 51.30,8.54
[SERVER] Received aircraft: 049452 at 52.31,3.88
[SERVER] Received aircraft: 08DF81 at 50.73,8.00
[SERVER] Received aircraft: C2FB51 at 46.91,6.88
[SERVER] Received aircraft: 356ED1 at 51.88,8.61
[SERVER] Received aircraft: A8269C at 49.96,6.78
[SERVER] Received aircraft: 6317DF at 47.25,4.22
[SERVER] Received aircraft: 58E57F at 48.84,11.86
[SERVER] Received aircraft: 3AB297 at 52.94,8.81
[SERVER] Received aircraft: 893F64 at 48.74,6.03
[SERVER] Received aircraft: 8683B3 at 50.94,10.74
[SERVER] Received aircraft: 95A8C5 at 51.09,9.52
[SERVER] Received aircraft: 16293A at 50.44,9.12
[SERVER] Received aircraft: A8E487 at 52.65,7.71
[SERVER] Received aircraft: A01356 at 52.49,8.58
[SORT-DEBUG] Received sort='', asc='', ascending=false, count=18
[SERVER] Received aircraft: 77DCC7 at 50.77,7.15
[SERVER] Received aircraft: 74C3B8 at 51.81,10.41
[SERVER] Received aircraft: 4BE1CE at 46.18,6.61
[SERVER] Received aircraft: 566A02 at 51.30,8.54
[SERVER] Received aircraft: 049452 at 52.31,3.88
[SERVER] Received aircraft: 08DF81 at 50.73,8.00
[SERVER] Received aircraft: C2FB51 at 46.91,6.88
[SERVER] Received aircraft: 356ED1 at 51.88,8.61
[SERVER] Received aircraft: A8269C at 49.96,6.78
[SERVER] Received aircraft: 6317DF at 47.25,4.22
[SERVER] Received aircraft: 58E57F at 48.84,11.87
[SERVER] Received aircraft: 3AB297 at 52.94,8.81
[SERVER] Received aircraft: 893F64 at 48.74,6.03
[SERVER] Received aircraft: 8683B3 at 50.93,10.74
[SERVER] Received aircraft: 95A8C5 at 51.09,9.52
[SERVER] Received aircraft: 16293A at 50.44,9.12
[SERVER] Received aircraft: A8E487 at 52.65,7.72
[SERVER] Received aircraft: A01356 at 52.49,8.59
[SERVER] Received aircraft: 77DCC7 at 50.77,7.15
[SERVER] Received aircraft: 74C3B8 at 51.81,10.41
[SERVER] Received aircraft: 4BE1CE at 46.18,6.61
[SERVER] Received aircraft: 566A02 at 51.30,8.54
[SERVER] Received aircraft: 049452 at 52.31,3.88
[SERVER] Received aircraft: 08DF81 at 50.73,8.00
[SERVER] Received aircraft: C2FB51 at 46.90,6.88
[SERVER] Received aircraft: 356ED1 at 51.88,8.61
[SERVER] Received aircraft: A8269C at 49.96,6.78
[SERVER] Received aircraft: 6317DF at 47.24,4.22
[SERVER] Received aircraft: 58E57F at 48.84,11.87
[SERVER] Received aircraft: 3AB297 at 52.94,8.82
[SERVER] Received aircraft: 893F64 at 48.74,6.03
[SERVER] Received aircraft: 8683B3 at 50.93,10.74
[SERVER] Received aircraft: 95A8C5 at 51.09,9.52
[SERVER] Received aircraft: 16293A at 50.44,9.13
[SERVER] Received aircraft: A8E487 at 52.65,7.72
[SERVER] Received aircraft: A01356 at 52.49,8.59
[SERVER] Received aircraft: 77DCC7 at 50.77,7.15
[SERVER] Received aircraft: 74C3B8 at 51.81,10.41
[SERVER] Received aircraft: 4BE1CE at 46.18,6.61
[SERVER] Received aircraft: 566A02 at 51.30,8.54
[SERVER] Received aircraft: 049452 at 52.31,3.88
[SERVER] Received aircraft: 08DF81 at 50.73,8.00
[SERVER] Received aircraft: C2FB51 at 46.90,6.88
[SERVER] Received aircraft: 356ED1 at 51.88,8.62
[SERVER] Received aircraft: A8269C at 49.96,6.77
[SERVER] Received aircraft: 6317DF at 47.24,4.22
[SERVER] Received aircraft: 58E57F at 48.84,11.87
[SERVER] Received aircraft: 3AB297 at 52.94,8.82
[SERVER] Received aircraft: 893F64 at 48.74,6.03
[SERVER] Received aircraft: 8683B3 at 50.93,10.75
[SERVER] Received aircraft: 95A8C5 at 51.09,9.52
[SERVER] Received aircraft: 16293A at 50.44,9.13
[SERVER] Received aircraft: A8E487 at 52.65,7.72
[SERVER] Received aircraft: A01356 at 52.49,8.60
